,Symbol_Details,Exchange_Instrument_type,Minimum_lot_size,Expiry_date,Symbol_ticker,Exchange,Segment
0,NATURALGAS 21 Oct 26 FUT,30,1,1635272999,MCX:NATURALGAS21OCTFUT,11,20
1,COTTON 21 Oct 29 FUT,30,1,1635532199,MCX:COTTON21OCTFUT,11,20
2,ALUMINIUM 21 Oct 29 FUT,30,1,1635532199,MCX:ALUMINIUM21OCTFUT,11,20
3,COPPER 21 Oct 29 FUT,30,1,1635532199,MCX:COPPER21OCTFUT,11,20
4,CPO 21 Oct 29 FUT,30,1,1635532199,MCX:CPO21OCTFUT,11,20
5,LEAD 21 Oct 29 FUT,30,1,1635532199,MCX:LEAD21OCTFUT,11,20
6,ZINC 21 Oct 29 FUT,30,1,1635532199,MCX:ZINC21OCTFUT,11,20
7,NICKEL 21 Oct 29 FUT,30,1,1635532199,MCX:NICKEL21OCTFUT,11,20
8,RUBBER 21 Oct 29 FUT,30,1,1635532199,MCX:RUBBER21OCTFUT,11,20
9,MENTHAOIL 21 Oct 29 FUT,30,1,1635532199,MCX:MENTHAOIL21OCTFUT,11,20
10,GOLDGUINEA 21 Oct 29 FUT,30,1,1635532199,MCX:GOLDGUINEA21OCTFUT,11,20
11,GOLDPETAL 21 Oct 29 FUT,30,1,1635532199,MCX:GOLDPETAL21OCTFUT,11,20
12,GOLDM 21 Nov 03 FUT,30,1,1635964199,MCX:GOLDM21NOVFUT,11,20
13,GOLDM 21 Nov 03 42800 CE,32,1,1635964199,MCX:GOLDM21NOV42800CE,11,20
14,GOLDM 21 Nov 03 42800 PE,32,1,1635964199,MCX:GOLDM21NOV42800PE,11,20
15,GOLDM 21 Nov 03 43000 CE,32,1,1635964199,MCX:GOLDM21NOV43000CE,11,20
16,GOLDM 21 Nov 03 43000 PE,32,1,1635964199,MCX:GOLDM21NOV43000PE,11,20
17,GOLDM 21 Nov 03 43200 CE,32,1,1635964199,MCX:GOLDM21NOV43200CE,11,20
18,GOLDM 21 Nov 03 43200 PE,32,1,1635964199,MCX:GOLDM21NOV43200PE,11,20
19,GOLDM 21 Nov 03 43400 CE,32,1,1635964199,MCX:GOLDM21NOV43400CE,11,20
20,GOLDM 21 Nov 03 43400 PE,32,1,1635964199,MCX:GOLDM21NOV43400PE,11,20
21,GOLDM 21 Nov 03 43600 CE,32,1,1635964199,MCX:GOLDM21NOV43600CE,11,20
22,GOLDM 21 Nov 03 43600 PE,32,1,1635964199,MCX:GOLDM21NOV43600PE,11,20
23,GOLDM 21 Nov 03 43800 CE,32,1,1635964199,MCX:GOLDM21NOV43800CE,11,20
24,GOLDM 21 Nov 03 43800 PE,32,1,1635964199,MCX:GOLDM21NOV43800PE,11,20
25,GOLDM 21 Nov 03 44000 CE,32,1,1635964199,MCX:GOLDM21NOV44000CE,11,20
26,GOLDM 21 Nov 03 44000 PE,32,1,1635964199,MCX:GOLDM21NOV44000PE,11,20
27,GOLDM 21 Nov 03 44200 CE,32,1,1635964199,MCX:GOLDM21NOV44200CE,11,20
28,GOLDM 21 Nov 03 44200 PE,32,1,1635964199,MCX:GOLDM21NOV44200PE,11,20
29,GOLDM 21 Nov 03 44400 CE,32,1,1635964199,MCX:GOLDM21NOV44400CE,11,20
30,GOLDM 21 Nov 03 44400 PE,32,1,1635964199,MCX:GOLDM21NOV44400PE,11,20
31,GOLDM 21 Nov 03 44600 CE,32,1,1635964199,MCX:GOLDM21NOV44600CE,11,20
32,GOLDM 21 Nov 03 44600 PE,32,1,1635964199,MCX:GOLDM21NOV44600PE,11,20
33,GOLDM 21 Nov 03 44800 CE,32,1,1635964199,MCX:GOLDM21NOV44800CE,11,20
34,GOLDM 21 Nov 03 44800 PE,32,1,1635964199,MCX:GOLDM21NOV44800PE,11,20
35,GOLDM 21 Nov 03 45000 CE,32,1,1635964199,MCX:GOLDM21NOV45000CE,11,20
36,GOLDM 21 Nov 03 45000 PE,32,1,1635964199,MCX:GOLDM21NOV45000PE,11,20
37,GOLDM 21 Nov 03 45200 CE,32,1,1635964199,MCX:GOLDM21NOV45200CE,11,20
38,GOLDM 21 Nov 03 45200 PE,32,1,1635964199,MCX:GOLDM21NOV45200PE,11,20
39,GOLDM 21 Nov 03 45400 CE,32,1,1635964199,MCX:GOLDM21NOV45400CE,11,20
40,GOLDM 21 Nov 03 45400 PE,32,1,1635964199,MCX:GOLDM21NOV45400PE,11,20
41,GOLDM 21 Nov 03 45600 CE,32,1,1635964199,MCX:GOLDM21NOV45600CE,11,20
42,GOLDM 21 Nov 03 45600 PE,32,1,1635964199,MCX:GOLDM21NOV45600PE,11,20
43,GOLDM 21 Nov 03 45800 CE,32,1,1635964199,MCX:GOLDM21NOV45800CE,11,20
44,GOLDM 21 Nov 03 45800 PE,32,1,1635964199,MCX:GOLDM21NOV45800PE,11,20
45,GOLDM 21 Nov 03 46000 CE,32,1,1635964199,MCX:GOLDM21NOV46000CE,11,20
46,GOLDM 21 Nov 03 46000 PE,32,1,1635964199,MCX:GOLDM21NOV46000PE,11,20
47,GOLDM 21 Nov 03 46200 CE,32,1,1635964199,MCX:GOLDM21NOV46200CE,11,20
48,GOLDM 21 Nov 03 46200 PE,32,1,1635964199,MCX:GOLDM21NOV46200PE,11,20
49,GOLDM 21 Nov 03 46400 CE,32,1,1635964199,MCX:GOLDM21NOV46400CE,11,20
50,GOLDM 21 Nov 03 46400 PE,32,1,1635964199,MCX:GOLDM21NOV46400PE,11,20
51,GOLDM 21 Nov 03 46600 CE,32,1,1635964199,MCX:GOLDM21NOV46600CE,11,20
52,GOLDM 21 Nov 03 46600 PE,32,1,1635964199,MCX:GOLDM21NOV46600PE,11,20
53,GOLDM 21 Nov 03 46800 CE,32,1,1635964199,MCX:GOLDM21NOV46800CE,11,20
54,GOLDM 21 Nov 03 46800 PE,32,1,1635964199,MCX:GOLDM21NOV46800PE,11,20
55,GOLDM 21 Nov 03 47000 CE,32,1,1635964199,MCX:GOLDM21NOV47000CE,11,20
56,GOLDM 21 Nov 03 47000 PE,32,1,1635964199,MCX:GOLDM21NOV47000PE,11,20
57,GOLDM 21 Nov 03 47200 CE,32,1,1635964199,MCX:GOLDM21NOV47200CE,11,20
58,GOLDM 21 Nov 03 47200 PE,32,1,1635964199,MCX:GOLDM21NOV47200PE,11,20
59,GOLDM 21 Nov 03 47400 CE,32,1,1635964199,MCX:GOLDM21NOV47400CE,11,20
60,GOLDM 21 Nov 03 47400 PE,32,1,1635964199,MCX:GOLDM21NOV47400PE,11,20
61,GOLDM 21 Nov 03 47600 CE,32,1,1635964199,MCX:GOLDM21NOV47600CE,11,20
62,GOLDM 21 Nov 03 47600 PE,32,1,1635964199,MCX:GOLDM21NOV47600PE,11,20
63,GOLDM 21 Nov 03 47800 CE,32,1,1635964199,MCX:GOLDM21NOV47800CE,11,20
64,GOLDM 21 Nov 03 47800 PE,32,1,1635964199,MCX:GOLDM21NOV47800PE,11,20
65,GOLDM 21 Nov 03 48000 CE,32,1,1635964199,MCX:GOLDM21NOV48000CE,11,20
66,GOLDM 21 Nov 03 48000 PE,32,1,1635964199,MCX:GOLDM21NOV48000PE,11,20
67,GOLDM 21 Nov 03 48200 CE,32,1,1635964199,MCX:GOLDM21NOV48200CE,11,20
68,GOLDM 21 Nov 03 48200 PE,32,1,1635964199,MCX:GOLDM21NOV48200PE,11,20
69,GOLDM 21 Nov 03 48400 CE,32,1,1635964199,MCX:GOLDM21NOV48400CE,11,20
70,GOLDM 21 Nov 03 48400 PE,32,1,1635964199,MCX:GOLDM21NOV48400PE,11,20
71,GOLDM 21 Nov 03 48600 CE,32,1,1635964199,MCX:GOLDM21NOV48600CE,11,20
72,GOLDM 21 Nov 03 48600 PE,32,1,1635964199,MCX:GOLDM21NOV48600PE,11,20
73,GOLDM 21 Nov 03 48800 CE,32,1,1635964199,MCX:GOLDM21NOV48800CE,11,20
74,GOLDM 21 Nov 03 48800 PE,32,1,1635964199,MCX:GOLDM21NOV48800PE,11,20
75,GOLDM 21 Nov 03 49000 CE,32,1,1635964199,MCX:GOLDM21NOV49000CE,11,20
76,GOLDM 21 Nov 03 49000 PE,32,1,1635964199,MCX:GOLDM21NOV49000PE,11,20
77,GOLDM 21 Nov 03 49200 CE,32,1,1635964199,MCX:GOLDM21NOV49200CE,11,20
78,GOLDM 21 Nov 03 49200 PE,32,1,1635964199,MCX:GOLDM21NOV49200PE,11,20
79,GOLDM 21 Nov 03 49400 CE,32,1,1635964199,MCX:GOLDM21NOV49400CE,11,20
80,GOLDM 21 Nov 03 49400 PE,32,1,1635964199,MCX:GOLDM21NOV49400PE,11,20
81,GOLDM 21 Nov 03 49600 CE,32,1,1635964199,MCX:GOLDM21NOV49600CE,11,20
82,GOLDM 21 Nov 03 49600 PE,32,1,1635964199,MCX:GOLDM21NOV49600PE,11,20
83,GOLDM 21 Nov 03 49800 CE,32,1,1635964199,MCX:GOLDM21NOV49800CE,11,20
84,GOLDM 21 Nov 03 49800 PE,32,1,1635964199,MCX:GOLDM21NOV49800PE,11,20
85,GOLDM 21 Nov 03 50000 CE,32,1,1635964199,MCX:GOLDM21NOV50000CE,11,20
86,GOLDM 21 Nov 03 50000 PE,32,1,1635964199,MCX:GOLDM21NOV50000PE,11,20
87,GOLDM 21 Nov 03 50200 CE,32,1,1635964199,MCX:GOLDM21NOV50200CE,11,20
88,GOLDM 21 Nov 03 50200 PE,32,1,1635964199,MCX:GOLDM21NOV50200PE,11,20
89,GOLDM 21 Nov 03 50400 CE,32,1,1635964199,MCX:GOLDM21NOV50400CE,11,20
90,GOLDM 21 Nov 03 50400 PE,32,1,1635964199,MCX:GOLDM21NOV50400PE,11,20
91,GOLDM 21 Nov 03 50600 CE,32,1,1635964199,MCX:GOLDM21NOV50600CE,11,20
92,GOLDM 21 Nov 03 50600 PE,32,1,1635964199,MCX:GOLDM21NOV50600PE,11,20
93,GOLDM 21 Nov 03 50800 CE,32,1,1635964199,MCX:GOLDM21NOV50800CE,11,20
94,GOLDM 21 Nov 03 50800 PE,32,1,1635964199,MCX:GOLDM21NOV50800PE,11,20
95,GOLDM 21 Nov 03 51000 CE,32,1,1635964199,MCX:GOLDM21NOV51000CE,11,20
96,GOLDM 21 Nov 03 51000 PE,32,1,1635964199,MCX:GOLDM21NOV51000PE,11,20
97,GOLDM 21 Nov 03 51200 CE,32,1,1635964199,MCX:GOLDM21NOV51200CE,11,20
98,GOLDM 21 Nov 03 51200 PE,32,1,1635964199,MCX:GOLDM21NOV51200PE,11,20
99,GOLDM 21 Nov 03 51400 CE,32,1,1635964199,MCX:GOLDM21NOV51400CE,11,20
100,GOLDM 21 Nov 03 51400 PE,32,1,1635964199,MCX:GOLDM21NOV51400PE,11,20
101,GOLDM 21 Nov 03 51600 CE,32,1,1635964199,MCX:GOLDM21NOV51600CE,11,20
102,GOLDM 21 Nov 03 51600 PE,32,1,1635964199,MCX:GOLDM21NOV51600PE,11,20
103,GOLDM 21 Nov 03 51800 CE,32,1,1635964199,MCX:GOLDM21NOV51800CE,11,20
104,GOLDM 21 Nov 03 51800 PE,32,1,1635964199,MCX:GOLDM21NOV51800PE,11,20
105,GOLDM 21 Nov 03 52000 CE,32,1,1635964199,MCX:GOLDM21NOV52000CE,11,20
106,GOLDM 21 Nov 03 52000 PE,32,1,1635964199,MCX:GOLDM21NOV52000PE,11,20
107,GOLDM 21 Nov 03 52200 CE,32,1,1635964199,MCX:GOLDM21NOV52200CE,11,20
108,GOLDM 21 Nov 03 52200 PE,32,1,1635964199,MCX:GOLDM21NOV52200PE,11,20
109,GOLDM 21 Nov 03 52400 CE,32,1,1635964199,MCX:GOLDM21NOV52400CE,11,20
110,GOLDM 21 Nov 03 52400 PE,32,1,1635964199,MCX:GOLDM21NOV52400PE,11,20
111,GOLDM 21 Nov 03 52600 CE,32,1,1635964199,MCX:GOLDM21NOV52600CE,11,20
112,GOLDM 21 Nov 03 52600 PE,32,1,1635964199,MCX:GOLDM21NOV52600PE,11,20
113,GOLDM 21 Nov 03 52800 CE,32,1,1635964199,MCX:GOLDM21NOV52800CE,11,20
114,GOLDM 21 Nov 03 52800 PE,32,1,1635964199,MCX:GOLDM21NOV52800PE,11,20
115,GOLDM 21 Nov 03 42400 CE,32,1,1635964199,MCX:GOLDM21NOV42400CE,11,20
116,GOLDM 21 Nov 03 42400 PE,32,1,1635964199,MCX:GOLDM21NOV42400PE,11,20
117,GOLDM 21 Nov 03 42600 CE,32,1,1635964199,MCX:GOLDM21NOV42600CE,11,20
118,GOLDM 21 Nov 03 42600 PE,32,1,1635964199,MCX:GOLDM21NOV42600PE,11,20
119,GOLDM 21 Nov 03 41400 CE,32,1,1635964199,MCX:GOLDM21NOV41400CE,11,20
120,GOLDM 21 Nov 03 41400 PE,32,1,1635964199,MCX:GOLDM21NOV41400PE,11,20
121,GOLDM 21 Nov 03 41600 CE,32,1,1635964199,MCX:GOLDM21NOV41600CE,11,20
122,GOLDM 21 Nov 03 41600 PE,32,1,1635964199,MCX:GOLDM21NOV41600PE,11,20
123,GOLDM 21 Nov 03 41800 CE,32,1,1635964199,MCX:GOLDM21NOV41800CE,11,20
124,GOLDM 21 Nov 03 41800 PE,32,1,1635964199,MCX:GOLDM21NOV41800PE,11,20
125,GOLDM 21 Nov 03 42000 CE,32,1,1635964199,MCX:GOLDM21NOV42000CE,11,20
126,GOLDM 21 Nov 03 42000 PE,32,1,1635964199,MCX:GOLDM21NOV42000PE,11,20
127,GOLDM 21 Nov 03 42200 CE,32,1,1635964199,MCX:GOLDM21NOV42200CE,11,20
128,GOLDM 21 Nov 03 42200 PE,32,1,1635964199,MCX:GOLDM21NOV42200PE,11,20
129,GOLDM 21 Nov 03 41000 CE,32,1,1635964199,MCX:GOLDM21NOV41000CE,11,20
130,GOLDM 21 Nov 03 41000 PE,32,1,1635964199,MCX:GOLDM21NOV41000PE,11,20
131,GOLDM 21 Nov 03 41200 CE,32,1,1635964199,MCX:GOLDM21NOV41200CE,11,20
132,GOLDM 21 Nov 03 41200 PE,32,1,1635964199,MCX:GOLDM21NOV41200PE,11,20
133,GOLDM 21 Nov 03 40800 CE,32,1,1635964199,MCX:GOLDM21NOV40800CE,11,20
134,GOLDM 21 Nov 03 40800 PE,32,1,1635964199,MCX:GOLDM21NOV40800PE,11,20
135,GOLDM 21 Nov 03 40600 CE,32,1,1635964199,MCX:GOLDM21NOV40600CE,11,20
136,GOLDM 21 Nov 03 40600 PE,32,1,1635964199,MCX:GOLDM21NOV40600PE,11,20
137,GOLDM 21 Nov 03 53000 CE,32,1,1635964199,MCX:GOLDM21NOV53000CE,11,20
138,GOLDM 21 Nov 03 53000 PE,32,1,1635964199,MCX:GOLDM21NOV53000PE,11,20
139,MCXENRGDEX 21 Nov 09 FUT,11,1,1636482599,MCX:MCXENRGDEX21NOVFUT,11,20
140,CRUDEOIL 21 Nov 16 4000 CE,31,1,1637087399,MCX:CRUDEOIL21NOV4000CE,11,20
141,CRUDEOIL 21 Nov 16 4000 PE,31,1,1637087399,MCX:CRUDEOIL21NOV4000PE,11,20
142,CRUDEOIL 21 Nov 16 4050 CE,31,1,1637087399,MCX:CRUDEOIL21NOV4050CE,11,20
143,CRUDEOIL 21 Nov 16 4050 PE,31,1,1637087399,MCX:CRUDEOIL21NOV4050PE,11,20
144,CRUDEOIL 21 Nov 16 4100 CE,31,1,1637087399,MCX:CRUDEOIL21NOV4100CE,11,20
145,CRUDEOIL 21 Nov 16 4100 PE,31,1,1637087399,MCX:CRUDEOIL21NOV4100PE,11,20
146,CRUDEOIL 21 Nov 16 4150 CE,31,1,1637087399,MCX:CRUDEOIL21NOV4150CE,11,20
147,CRUDEOIL 21 Nov 16 4150 PE,31,1,1637087399,MCX:CRUDEOIL21NOV4150PE,11,20
148,CRUDEOIL 21 Nov 16 4200 CE,31,1,1637087399,MCX:CRUDEOIL21NOV4200CE,11,20
149,CRUDEOIL 21 Nov 16 4200 PE,31,1,1637087399,MCX:CRUDEOIL21NOV4200PE,11,20
150,CRUDEOIL 21 Nov 16 4250 CE,31,1,1637087399,MCX:CRUDEOIL21NOV4250CE,11,20
151,CRUDEOIL 21 Nov 16 4250 PE,31,1,1637087399,MCX:CRUDEOIL21NOV4250PE,11,20
152,CRUDEOIL 21 Nov 16 4300 CE,31,1,1637087399,MCX:CRUDEOIL21NOV4300CE,11,20
153,CRUDEOIL 21 Nov 16 4300 PE,31,1,1637087399,MCX:CRUDEOIL21NOV4300PE,11,20
154,CRUDEOIL 21 Nov 16 4350 CE,31,1,1637087399,MCX:CRUDEOIL21NOV4350CE,11,20
155,CRUDEOIL 21 Nov 16 4350 PE,31,1,1637087399,MCX:CRUDEOIL21NOV4350PE,11,20
156,CRUDEOIL 21 Nov 16 4400 CE,31,1,1637087399,MCX:CRUDEOIL21NOV4400CE,11,20
157,CRUDEOIL 21 Nov 16 4400 PE,31,1,1637087399,MCX:CRUDEOIL21NOV4400PE,11,20
158,CRUDEOIL 21 Nov 16 4450 CE,31,1,1637087399,MCX:CRUDEOIL21NOV4450CE,11,20
159,CRUDEOIL 21 Nov 16 4450 PE,31,1,1637087399,MCX:CRUDEOIL21NOV4450PE,11,20
160,CRUDEOIL 21 Nov 16 4500 CE,31,1,1637087399,MCX:CRUDEOIL21NOV4500CE,11,20
161,CRUDEOIL 21 Nov 16 4500 PE,31,1,1637087399,MCX:CRUDEOIL21NOV4500PE,11,20
162,CRUDEOIL 21 Nov 16 4550 CE,31,1,1637087399,MCX:CRUDEOIL21NOV4550CE,11,20
163,CRUDEOIL 21 Nov 16 4550 PE,31,1,1637087399,MCX:CRUDEOIL21NOV4550PE,11,20
164,CRUDEOIL 21 Nov 16 4600 CE,31,1,1637087399,MCX:CRUDEOIL21NOV4600CE,11,20
165,CRUDEOIL 21 Nov 16 4600 PE,31,1,1637087399,MCX:CRUDEOIL21NOV4600PE,11,20
166,CRUDEOIL 21 Nov 16 4650 CE,31,1,1637087399,MCX:CRUDEOIL21NOV4650CE,11,20
167,CRUDEOIL 21 Nov 16 4650 PE,31,1,1637087399,MCX:CRUDEOIL21NOV4650PE,11,20
168,CRUDEOIL 21 Nov 16 4700 CE,31,1,1637087399,MCX:CRUDEOIL21NOV4700CE,11,20
169,CRUDEOIL 21 Nov 16 4700 PE,31,1,1637087399,MCX:CRUDEOIL21NOV4700PE,11,20
170,CRUDEOIL 21 Nov 16 4750 CE,31,1,1637087399,MCX:CRUDEOIL21NOV4750CE,11,20
171,CRUDEOIL 21 Nov 16 4750 PE,31,1,1637087399,MCX:CRUDEOIL21NOV4750PE,11,20
172,CRUDEOIL 21 Nov 16 4800 CE,31,1,1637087399,MCX:CRUDEOIL21NOV4800CE,11,20
173,CRUDEOIL 21 Nov 16 4800 PE,31,1,1637087399,MCX:CRUDEOIL21NOV4800PE,11,20
174,CRUDEOIL 21 Nov 16 4850 CE,31,1,1637087399,MCX:CRUDEOIL21NOV4850CE,11,20
175,CRUDEOIL 21 Nov 16 4850 PE,31,1,1637087399,MCX:CRUDEOIL21NOV4850PE,11,20
176,CRUDEOIL 21 Nov 16 4900 CE,31,1,1637087399,MCX:CRUDEOIL21NOV4900CE,11,20
177,CRUDEOIL 21 Nov 16 4900 PE,31,1,1637087399,MCX:CRUDEOIL21NOV4900PE,11,20
178,CRUDEOIL 21 Nov 16 4950 CE,31,1,1637087399,MCX:CRUDEOIL21NOV4950CE,11,20
179,CRUDEOIL 21 Nov 16 4950 PE,31,1,1637087399,MCX:CRUDEOIL21NOV4950PE,11,20
180,CRUDEOIL 21 Nov 16 5000 CE,31,1,1637087399,MCX:CRUDEOIL21NOV5000CE,11,20
181,CRUDEOIL 21 Nov 16 5000 PE,31,1,1637087399,MCX:CRUDEOIL21NOV5000PE,11,20
182,CRUDEOIL 21 Nov 16 5050 CE,31,1,1637087399,MCX:CRUDEOIL21NOV5050CE,11,20
183,CRUDEOIL 21 Nov 16 5050 PE,31,1,1637087399,MCX:CRUDEOIL21NOV5050PE,11,20
184,CRUDEOIL 21 Nov 16 5100 CE,31,1,1637087399,MCX:CRUDEOIL21NOV5100CE,11,20
185,CRUDEOIL 21 Nov 16 5100 PE,31,1,1637087399,MCX:CRUDEOIL21NOV5100PE,11,20
186,CRUDEOIL 21 Nov 16 5150 CE,31,1,1637087399,MCX:CRUDEOIL21NOV5150CE,11,20
187,CRUDEOIL 21 Nov 16 5150 PE,31,1,1637087399,MCX:CRUDEOIL21NOV5150PE,11,20
188,CRUDEOIL 21 Nov 16 5200 CE,31,1,1637087399,MCX:CRUDEOIL21NOV5200CE,11,20
189,CRUDEOIL 21 Nov 16 5200 PE,31,1,1637087399,MCX:CRUDEOIL21NOV5200PE,11,20
190,CRUDEOIL 21 Nov 16 5250 CE,31,1,1637087399,MCX:CRUDEOIL21NOV5250CE,11,20
191,CRUDEOIL 21 Nov 16 5250 PE,31,1,1637087399,MCX:CRUDEOIL21NOV5250PE,11,20
192,CRUDEOIL 21 Nov 16 5300 CE,31,1,1637087399,MCX:CRUDEOIL21NOV5300CE,11,20
193,CRUDEOIL 21 Nov 16 5300 PE,31,1,1637087399,MCX:CRUDEOIL21NOV5300PE,11,20
194,CRUDEOIL 21 Nov 16 5350 CE,31,1,1637087399,MCX:CRUDEOIL21NOV5350CE,11,20
195,CRUDEOIL 21 Nov 16 5350 PE,31,1,1637087399,MCX:CRUDEOIL21NOV5350PE,11,20
196,CRUDEOIL 21 Nov 16 5400 CE,31,1,1637087399,MCX:CRUDEOIL21NOV5400CE,11,20
197,CRUDEOIL 21 Nov 16 5400 PE,31,1,1637087399,MCX:CRUDEOIL21NOV5400PE,11,20
198,CRUDEOIL 21 Nov 16 5450 CE,31,1,1637087399,MCX:CRUDEOIL21NOV5450CE,11,20
199,CRUDEOIL 21 Nov 16 5450 PE,31,1,1637087399,MCX:CRUDEOIL21NOV5450PE,11,20
200,CRUDEOIL 21 Nov 16 5500 CE,31,1,1637087399,MCX:CRUDEOIL21NOV5500CE,11,20
201,CRUDEOIL 21 Nov 16 5500 PE,31,1,1637087399,MCX:CRUDEOIL21NOV5500PE,11,20
202,CRUDEOIL 21 Nov 16 3900 CE,31,1,1637087399,MCX:CRUDEOIL21NOV3900CE,11,20
203,CRUDEOIL 21 Nov 16 3900 PE,31,1,1637087399,MCX:CRUDEOIL21NOV3900PE,11,20
204,CRUDEOIL 21 Nov 16 3950 CE,31,1,1637087399,MCX:CRUDEOIL21NOV3950CE,11,20
205,CRUDEOIL 21 Nov 16 3950 PE,31,1,1637087399,MCX:CRUDEOIL21NOV3950PE,11,20
206,CRUDEOIL 21 Nov 16 5550 CE,31,1,1637087399,MCX:CRUDEOIL21NOV5550CE,11,20
207,CRUDEOIL 21 Nov 16 5550 PE,31,1,1637087399,MCX:CRUDEOIL21NOV5550PE,11,20
208,CRUDEOIL 21 Nov 16 5600 CE,31,1,1637087399,MCX:CRUDEOIL21NOV5600CE,11,20
209,CRUDEOIL 21 Nov 16 5600 PE,31,1,1637087399,MCX:CRUDEOIL21NOV5600PE,11,20
210,CRUDEOIL 21 Nov 16 5650 CE,31,1,1637087399,MCX:CRUDEOIL21NOV5650CE,11,20
211,CRUDEOIL 21 Nov 16 5650 PE,31,1,1637087399,MCX:CRUDEOIL21NOV5650PE,11,20
212,CRUDEOIL 21 Nov 16 5700 CE,31,1,1637087399,MCX:CRUDEOIL21NOV5700CE,11,20
213,CRUDEOIL 21 Nov 16 5700 PE,31,1,1637087399,MCX:CRUDEOIL21NOV5700PE,11,20
214,CRUDEOIL 21 Nov 16 5750 CE,31,1,1637087399,MCX:CRUDEOIL21NOV5750CE,11,20
215,CRUDEOIL 21 Nov 16 5750 PE,31,1,1637087399,MCX:CRUDEOIL21NOV5750PE,11,20
216,CRUDEOIL 21 Nov 16 5800 CE,31,1,1637087399,MCX:CRUDEOIL21NOV5800CE,11,20
217,CRUDEOIL 21 Nov 16 5800 PE,31,1,1637087399,MCX:CRUDEOIL21NOV5800PE,11,20
218,CRUDEOIL 21 Nov 16 5850 CE,31,1,1637087399,MCX:CRUDEOIL21NOV5850CE,11,20
219,CRUDEOIL 21 Nov 16 5850 PE,31,1,1637087399,MCX:CRUDEOIL21NOV5850PE,11,20
220,CRUDEOIL 21 Nov 16 5900 CE,31,1,1637087399,MCX:CRUDEOIL21NOV5900CE,11,20
221,CRUDEOIL 21 Nov 16 5900 PE,31,1,1637087399,MCX:CRUDEOIL21NOV5900PE,11,20
222,CRUDEOIL 21 Nov 16 5950 CE,31,1,1637087399,MCX:CRUDEOIL21NOV5950CE,11,20
223,CRUDEOIL 21 Nov 16 5950 PE,31,1,1637087399,MCX:CRUDEOIL21NOV5950PE,11,20
224,CRUDEOIL 21 Nov 16 6000 CE,31,1,1637087399,MCX:CRUDEOIL21NOV6000CE,11,20
225,CRUDEOIL 21 Nov 16 6000 PE,31,1,1637087399,MCX:CRUDEOIL21NOV6000PE,11,20
226,CRUDEOIL 21 Nov 16 6050 CE,31,1,1637087399,MCX:CRUDEOIL21NOV6050CE,11,20
227,CRUDEOIL 21 Nov 16 6050 PE,31,1,1637087399,MCX:CRUDEOIL21NOV6050PE,11,20
228,CRUDEOIL 21 Nov 16 6100 CE,31,1,1637087399,MCX:CRUDEOIL21NOV6100CE,11,20
229,CRUDEOIL 21 Nov 16 6100 PE,31,1,1637087399,MCX:CRUDEOIL21NOV6100PE,11,20
230,CRUDEOIL 21 Nov 16 6150 CE,31,1,1637087399,MCX:CRUDEOIL21NOV6150CE,11,20
231,CRUDEOIL 21 Nov 16 6150 PE,31,1,1637087399,MCX:CRUDEOIL21NOV6150PE,11,20
232,CRUDEOIL 21 Nov 16 6200 CE,31,1,1637087399,MCX:CRUDEOIL21NOV6200CE,11,20
233,CRUDEOIL 21 Nov 16 6200 PE,31,1,1637087399,MCX:CRUDEOIL21NOV6200PE,11,20
234,CRUDEOIL 21 Nov 16 6250 CE,31,1,1637087399,MCX:CRUDEOIL21NOV6250CE,11,20
235,CRUDEOIL 21 Nov 16 6250 PE,31,1,1637087399,MCX:CRUDEOIL21NOV6250PE,11,20
236,CRUDEOIL 21 Nov 16 6300 CE,31,1,1637087399,MCX:CRUDEOIL21NOV6300CE,11,20
237,CRUDEOIL 21 Nov 16 6300 PE,31,1,1637087399,MCX:CRUDEOIL21NOV6300PE,11,20
238,CRUDEOIL 21 Nov 16 6350 CE,31,1,1637087399,MCX:CRUDEOIL21NOV6350CE,11,20
239,CRUDEOIL 21 Nov 16 6350 PE,31,1,1637087399,MCX:CRUDEOIL21NOV6350PE,11,20
240,CRUDEOIL 21 Nov 16 6400 CE,31,1,1637087399,MCX:CRUDEOIL21NOV6400CE,11,20
241,CRUDEOIL 21 Nov 16 6400 PE,31,1,1637087399,MCX:CRUDEOIL21NOV6400PE,11,20
242,CRUDEOIL 21 Nov 16 6450 CE,31,1,1637087399,MCX:CRUDEOIL21NOV6450CE,11,20
243,CRUDEOIL 21 Nov 16 6450 PE,31,1,1637087399,MCX:CRUDEOIL21NOV6450PE,11,20
244,CRUDEOIL 21 Nov 16 6500 CE,31,1,1637087399,MCX:CRUDEOIL21NOV6500CE,11,20
245,CRUDEOIL 21 Nov 16 6500 PE,31,1,1637087399,MCX:CRUDEOIL21NOV6500PE,11,20
246,CRUDEOIL 21 Nov 16 6550 CE,31,1,1637087399,MCX:CRUDEOIL21NOV6550CE,11,20
247,CRUDEOIL 21 Nov 16 6550 PE,31,1,1637087399,MCX:CRUDEOIL21NOV6550PE,11,20
248,CRUDEOIL 21 Nov 16 6600 CE,31,1,1637087399,MCX:CRUDEOIL21NOV6600CE,11,20
249,CRUDEOIL 21 Nov 16 6600 PE,31,1,1637087399,MCX:CRUDEOIL21NOV6600PE,11,20
250,CRUDEOIL 21 Nov 16 6650 CE,31,1,1637087399,MCX:CRUDEOIL21NOV6650CE,11,20
251,CRUDEOIL 21 Nov 16 6650 PE,31,1,1637087399,MCX:CRUDEOIL21NOV6650PE,11,20
252,CRUDEOIL 21 Nov 16 6700 CE,31,1,1637087399,MCX:CRUDEOIL21NOV6700CE,11,20
253,CRUDEOIL 21 Nov 16 6700 PE,31,1,1637087399,MCX:CRUDEOIL21NOV6700PE,11,20
254,CRUDEOIL 21 Nov 16 6750 CE,31,1,1637087399,MCX:CRUDEOIL21NOV6750CE,11,20
255,CRUDEOIL 21 Nov 16 6750 PE,31,1,1637087399,MCX:CRUDEOIL21NOV6750PE,11,20
256,CRUDEOIL 21 Nov 16 6800 CE,31,1,1637087399,MCX:CRUDEOIL21NOV6800CE,11,20
257,CRUDEOIL 21 Nov 16 6800 PE,31,1,1637087399,MCX:CRUDEOIL21NOV6800PE,11,20
258,CRUDEOIL 21 Nov 16 6850 CE,31,1,1637087399,MCX:CRUDEOIL21NOV6850CE,11,20
259,CRUDEOIL 21 Nov 16 6850 PE,31,1,1637087399,MCX:CRUDEOIL21NOV6850PE,11,20
260,CRUDEOIL 21 Nov 16 6900 CE,31,1,1637087399,MCX:CRUDEOIL21NOV6900CE,11,20
261,CRUDEOIL 21 Nov 16 6900 PE,31,1,1637087399,MCX:CRUDEOIL21NOV6900PE,11,20
262,CRUDEOIL 21 Nov 16 6950 CE,31,1,1637087399,MCX:CRUDEOIL21NOV6950CE,11,20
263,CRUDEOIL 21 Nov 16 6950 PE,31,1,1637087399,MCX:CRUDEOIL21NOV6950PE,11,20
264,CRUDEOIL 21 Nov 16 7000 CE,31,1,1637087399,MCX:CRUDEOIL21NOV7000CE,11,20
265,CRUDEOIL 21 Nov 16 7000 PE,31,1,1637087399,MCX:CRUDEOIL21NOV7000PE,11,20
266,CRUDEOIL 21 Nov 16 7050 CE,31,1,1637087399,MCX:CRUDEOIL21NOV7050CE,11,20
267,CRUDEOIL 21 Nov 16 7050 PE,31,1,1637087399,MCX:CRUDEOIL21NOV7050PE,11,20
268,CRUDEOIL 21 Nov 18 FUT,30,1,1637260199,MCX:CRUDEOIL21NOVFUT,11,20
269,MCXMETLDEX 21 Nov 18 FUT,11,1,1637260199,MCX:MCXMETLDEX21NOVFUT,11,20
270,SILVERM 21 Nov 19 63750 CE,31,1,1637346599,MCX:SILVERM21NOV63750CE,11,20
271,SILVERM 21 Nov 19 63750 PE,31,1,1637346599,MCX:SILVERM21NOV63750PE,11,20
272,SILVERM 21 Nov 19 64000 CE,31,1,1637346599,MCX:SILVERM21NOV64000CE,11,20
273,SILVERM 21 Nov 19 64000 PE,31,1,1637346599,MCX:SILVERM21NOV64000PE,11,20
274,SILVERM 21 Nov 19 64250 CE,31,1,1637346599,MCX:SILVERM21NOV64250CE,11,20
275,SILVERM 21 Nov 19 64250 PE,31,1,1637346599,MCX:SILVERM21NOV64250PE,11,20
276,SILVERM 21 Nov 19 64500 CE,31,1,1637346599,MCX:SILVERM21NOV64500CE,11,20
277,SILVERM 21 Nov 19 64500 PE,31,1,1637346599,MCX:SILVERM21NOV64500PE,11,20
278,SILVERM 21 Nov 19 64750 CE,31,1,1637346599,MCX:SILVERM21NOV64750CE,11,20
279,SILVERM 21 Nov 19 64750 PE,31,1,1637346599,MCX:SILVERM21NOV64750PE,11,20
280,SILVERM 21 Nov 19 65000 CE,31,1,1637346599,MCX:SILVERM21NOV65000CE,11,20
281,SILVERM 21 Nov 19 65000 PE,31,1,1637346599,MCX:SILVERM21NOV65000PE,11,20
282,SILVERM 21 Nov 19 65250 CE,31,1,1637346599,MCX:SILVERM21NOV65250CE,11,20
283,SILVERM 21 Nov 19 65250 PE,31,1,1637346599,MCX:SILVERM21NOV65250PE,11,20
284,SILVERM 21 Nov 19 65500 CE,31,1,1637346599,MCX:SILVERM21NOV65500CE,11,20
285,SILVERM 21 Nov 19 65500 PE,31,1,1637346599,MCX:SILVERM21NOV65500PE,11,20
286,SILVERM 21 Nov 19 65750 CE,31,1,1637346599,MCX:SILVERM21NOV65750CE,11,20
287,SILVERM 21 Nov 19 65750 PE,31,1,1637346599,MCX:SILVERM21NOV65750PE,11,20
288,SILVERM 21 Nov 19 66000 CE,31,1,1637346599,MCX:SILVERM21NOV66000CE,11,20
289,SILVERM 21 Nov 19 66000 PE,31,1,1637346599,MCX:SILVERM21NOV66000PE,11,20
290,SILVERM 21 Nov 19 66250 CE,31,1,1637346599,MCX:SILVERM21NOV66250CE,11,20
291,SILVERM 21 Nov 19 66250 PE,31,1,1637346599,MCX:SILVERM21NOV66250PE,11,20
292,SILVERM 21 Nov 19 66500 CE,31,1,1637346599,MCX:SILVERM21NOV66500CE,11,20
293,SILVERM 21 Nov 19 66500 PE,31,1,1637346599,MCX:SILVERM21NOV66500PE,11,20
294,SILVERM 21 Nov 19 66750 CE,31,1,1637346599,MCX:SILVERM21NOV66750CE,11,20
295,SILVERM 21 Nov 19 66750 PE,31,1,1637346599,MCX:SILVERM21NOV66750PE,11,20
296,SILVERM 21 Nov 19 67000 CE,31,1,1637346599,MCX:SILVERM21NOV67000CE,11,20
297,SILVERM 21 Nov 19 67000 PE,31,1,1637346599,MCX:SILVERM21NOV67000PE,11,20
298,SILVERM 21 Nov 19 67250 CE,31,1,1637346599,MCX:SILVERM21NOV67250CE,11,20
299,SILVERM 21 Nov 19 67250 PE,31,1,1637346599,MCX:SILVERM21NOV67250PE,11,20
300,SILVERM 21 Nov 19 67500 CE,31,1,1637346599,MCX:SILVERM21NOV67500CE,11,20
301,SILVERM 21 Nov 19 67500 PE,31,1,1637346599,MCX:SILVERM21NOV67500PE,11,20
302,SILVERM 21 Nov 19 67750 CE,31,1,1637346599,MCX:SILVERM21NOV67750CE,11,20
303,SILVERM 21 Nov 19 67750 PE,31,1,1637346599,MCX:SILVERM21NOV67750PE,11,20
304,SILVERM 21 Nov 19 68000 CE,31,1,1637346599,MCX:SILVERM21NOV68000CE,11,20
305,SILVERM 21 Nov 19 68000 PE,31,1,1637346599,MCX:SILVERM21NOV68000PE,11,20
306,SILVERM 21 Nov 19 68250 CE,31,1,1637346599,MCX:SILVERM21NOV68250CE,11,20
307,SILVERM 21 Nov 19 68250 PE,31,1,1637346599,MCX:SILVERM21NOV68250PE,11,20
308,SILVERM 21 Nov 19 68500 CE,31,1,1637346599,MCX:SILVERM21NOV68500CE,11,20
309,SILVERM 21 Nov 19 68500 PE,31,1,1637346599,MCX:SILVERM21NOV68500PE,11,20
310,SILVERM 21 Nov 19 68750 CE,31,1,1637346599,MCX:SILVERM21NOV68750CE,11,20
311,SILVERM 21 Nov 19 68750 PE,31,1,1637346599,MCX:SILVERM21NOV68750PE,11,20
312,SILVERM 21 Nov 19 69000 CE,31,1,1637346599,MCX:SILVERM21NOV69000CE,11,20
313,SILVERM 21 Nov 19 69000 PE,31,1,1637346599,MCX:SILVERM21NOV69000PE,11,20
314,SILVERM 21 Nov 19 69250 CE,31,1,1637346599,MCX:SILVERM21NOV69250CE,11,20
315,SILVERM 21 Nov 19 69250 PE,31,1,1637346599,MCX:SILVERM21NOV69250PE,11,20
316,SILVERM 21 Nov 19 69500 CE,31,1,1637346599,MCX:SILVERM21NOV69500CE,11,20
317,SILVERM 21 Nov 19 69500 PE,31,1,1637346599,MCX:SILVERM21NOV69500PE,11,20
318,SILVERM 21 Nov 19 69750 CE,31,1,1637346599,MCX:SILVERM21NOV69750CE,11,20
319,SILVERM 21 Nov 19 69750 PE,31,1,1637346599,MCX:SILVERM21NOV69750PE,11,20
320,SILVERM 21 Nov 19 70000 CE,31,1,1637346599,MCX:SILVERM21NOV70000CE,11,20
321,SILVERM 21 Nov 19 70000 PE,31,1,1637346599,MCX:SILVERM21NOV70000PE,11,20
322,SILVERM 21 Nov 19 70250 CE,31,1,1637346599,MCX:SILVERM21NOV70250CE,11,20
323,SILVERM 21 Nov 19 70250 PE,31,1,1637346599,MCX:SILVERM21NOV70250PE,11,20
324,SILVERM 21 Nov 19 70500 CE,31,1,1637346599,MCX:SILVERM21NOV70500CE,11,20
325,SILVERM 21 Nov 19 70500 PE,31,1,1637346599,MCX:SILVERM21NOV70500PE,11,20
326,SILVERM 21 Nov 19 70750 CE,31,1,1637346599,MCX:SILVERM21NOV70750CE,11,20
327,SILVERM 21 Nov 19 70750 PE,31,1,1637346599,MCX:SILVERM21NOV70750PE,11,20
328,SILVERM 21 Nov 19 71000 CE,31,1,1637346599,MCX:SILVERM21NOV71000CE,11,20
329,SILVERM 21 Nov 19 71000 PE,31,1,1637346599,MCX:SILVERM21NOV71000PE,11,20
330,SILVERM 21 Nov 19 71250 CE,31,1,1637346599,MCX:SILVERM21NOV71250CE,11,20
331,SILVERM 21 Nov 19 71250 PE,31,1,1637346599,MCX:SILVERM21NOV71250PE,11,20
332,SILVERM 21 Nov 19 71500 CE,31,1,1637346599,MCX:SILVERM21NOV71500CE,11,20
333,SILVERM 21 Nov 19 71500 PE,31,1,1637346599,MCX:SILVERM21NOV71500PE,11,20
334,SILVERM 21 Nov 19 71750 CE,31,1,1637346599,MCX:SILVERM21NOV71750CE,11,20
335,SILVERM 21 Nov 19 71750 PE,31,1,1637346599,MCX:SILVERM21NOV71750PE,11,20
336,SILVERM 21 Nov 19 72000 CE,31,1,1637346599,MCX:SILVERM21NOV72000CE,11,20
337,SILVERM 21 Nov 19 72000 PE,31,1,1637346599,MCX:SILVERM21NOV72000PE,11,20
338,SILVERM 21 Nov 19 72250 CE,31,1,1637346599,MCX:SILVERM21NOV72250CE,11,20
339,SILVERM 21 Nov 19 72250 PE,31,1,1637346599,MCX:SILVERM21NOV72250PE,11,20
340,SILVERM 21 Nov 19 72500 CE,31,1,1637346599,MCX:SILVERM21NOV72500CE,11,20
341,SILVERM 21 Nov 19 72500 PE,31,1,1637346599,MCX:SILVERM21NOV72500PE,11,20
342,SILVERM 21 Nov 19 72750 CE,31,1,1637346599,MCX:SILVERM21NOV72750CE,11,20
343,SILVERM 21 Nov 19 72750 PE,31,1,1637346599,MCX:SILVERM21NOV72750PE,11,20
344,SILVERM 21 Nov 19 73000 CE,31,1,1637346599,MCX:SILVERM21NOV73000CE,11,20
345,SILVERM 21 Nov 19 73000 PE,31,1,1637346599,MCX:SILVERM21NOV73000PE,11,20
346,SILVERM 21 Nov 19 73250 CE,31,1,1637346599,MCX:SILVERM21NOV73250CE,11,20
347,SILVERM 21 Nov 19 73250 PE,31,1,1637346599,MCX:SILVERM21NOV73250PE,11,20
348,SILVERM 21 Nov 19 73500 CE,31,1,1637346599,MCX:SILVERM21NOV73500CE,11,20
349,SILVERM 21 Nov 19 73500 PE,31,1,1637346599,MCX:SILVERM21NOV73500PE,11,20
350,SILVERM 21 Nov 19 73750 CE,31,1,1637346599,MCX:SILVERM21NOV73750CE,11,20
351,SILVERM 21 Nov 19 73750 PE,31,1,1637346599,MCX:SILVERM21NOV73750PE,11,20
352,SILVERM 21 Nov 19 74000 CE,31,1,1637346599,MCX:SILVERM21NOV74000CE,11,20
353,SILVERM 21 Nov 19 74000 PE,31,1,1637346599,MCX:SILVERM21NOV74000PE,11,20
354,SILVERM 21 Nov 19 74250 CE,31,1,1637346599,MCX:SILVERM21NOV74250CE,11,20
355,SILVERM 21 Nov 19 74250 PE,31,1,1637346599,MCX:SILVERM21NOV74250PE,11,20
356,SILVERM 21 Nov 19 74500 CE,31,1,1637346599,MCX:SILVERM21NOV74500CE,11,20
357,SILVERM 21 Nov 19 74500 PE,31,1,1637346599,MCX:SILVERM21NOV74500PE,11,20
358,SILVERM 21 Nov 19 74750 CE,31,1,1637346599,MCX:SILVERM21NOV74750CE,11,20
359,SILVERM 21 Nov 19 74750 PE,31,1,1637346599,MCX:SILVERM21NOV74750PE,11,20
360,SILVERM 21 Nov 19 75000 CE,31,1,1637346599,MCX:SILVERM21NOV75000CE,11,20
361,SILVERM 21 Nov 19 75000 PE,31,1,1637346599,MCX:SILVERM21NOV75000PE,11,20
362,SILVERM 21 Nov 19 75250 CE,31,1,1637346599,MCX:SILVERM21NOV75250CE,11,20
363,SILVERM 21 Nov 19 75250 PE,31,1,1637346599,MCX:SILVERM21NOV75250PE,11,20
364,SILVERM 21 Nov 19 75500 CE,31,1,1637346599,MCX:SILVERM21NOV75500CE,11,20
365,SILVERM 21 Nov 19 75500 PE,31,1,1637346599,MCX:SILVERM21NOV75500PE,11,20
366,SILVERM 21 Nov 19 75750 CE,31,1,1637346599,MCX:SILVERM21NOV75750CE,11,20
367,SILVERM 21 Nov 19 75750 PE,31,1,1637346599,MCX:SILVERM21NOV75750PE,11,20
368,SILVERM 21 Nov 19 76000 CE,31,1,1637346599,MCX:SILVERM21NOV76000CE,11,20
369,SILVERM 21 Nov 19 76000 PE,31,1,1637346599,MCX:SILVERM21NOV76000PE,11,20
370,SILVERM 21 Nov 19 76250 CE,31,1,1637346599,MCX:SILVERM21NOV76250CE,11,20
371,SILVERM 21 Nov 19 76250 PE,31,1,1637346599,MCX:SILVERM21NOV76250PE,11,20
372,SILVERM 21 Nov 19 62750 CE,31,1,1637346599,MCX:SILVERM21NOV62750CE,11,20
373,SILVERM 21 Nov 19 62750 PE,31,1,1637346599,MCX:SILVERM21NOV62750PE,11,20
374,SILVERM 21 Nov 19 63000 CE,31,1,1637346599,MCX:SILVERM21NOV63000CE,11,20
375,SILVERM 21 Nov 19 63000 PE,31,1,1637346599,MCX:SILVERM21NOV63000PE,11,20
376,SILVERM 21 Nov 19 63250 CE,31,1,1637346599,MCX:SILVERM21NOV63250CE,11,20
377,SILVERM 21 Nov 19 63250 PE,31,1,1637346599,MCX:SILVERM21NOV63250PE,11,20
378,SILVERM 21 Nov 19 63500 CE,31,1,1637346599,MCX:SILVERM21NOV63500CE,11,20
379,SILVERM 21 Nov 19 63500 PE,31,1,1637346599,MCX:SILVERM21NOV63500PE,11,20
380,SILVERM 21 Nov 19 62000 CE,31,1,1637346599,MCX:SILVERM21NOV62000CE,11,20
381,SILVERM 21 Nov 19 62000 PE,31,1,1637346599,MCX:SILVERM21NOV62000PE,11,20
382,SILVERM 21 Nov 19 62250 CE,31,1,1637346599,MCX:SILVERM21NOV62250CE,11,20
383,SILVERM 21 Nov 19 62250 PE,31,1,1637346599,MCX:SILVERM21NOV62250PE,11,20
384,SILVERM 21 Nov 19 62500 CE,31,1,1637346599,MCX:SILVERM21NOV62500CE,11,20
385,SILVERM 21 Nov 19 62500 PE,31,1,1637346599,MCX:SILVERM21NOV62500PE,11,20
386,SILVERM 21 Nov 19 61000 CE,31,1,1637346599,MCX:SILVERM21NOV61000CE,11,20
387,SILVERM 21 Nov 19 61000 PE,31,1,1637346599,MCX:SILVERM21NOV61000PE,11,20
388,SILVERM 21 Nov 19 61250 CE,31,1,1637346599,MCX:SILVERM21NOV61250CE,11,20
389,SILVERM 21 Nov 19 61250 PE,31,1,1637346599,MCX:SILVERM21NOV61250PE,11,20
390,SILVERM 21 Nov 19 61500 CE,31,1,1637346599,MCX:SILVERM21NOV61500CE,11,20
391,SILVERM 21 Nov 19 61500 PE,31,1,1637346599,MCX:SILVERM21NOV61500PE,11,20
392,SILVERM 21 Nov 19 61750 CE,31,1,1637346599,MCX:SILVERM21NOV61750CE,11,20
393,SILVERM 21 Nov 19 61750 PE,31,1,1637346599,MCX:SILVERM21NOV61750PE,11,20
394,COPPER 21 Nov 19 725 CE,31,1,1637346599,MCX:COPPER21NOV725CE,11,20
395,COPPER 21 Nov 19 725 PE,31,1,1637346599,MCX:COPPER21NOV725PE,11,20
396,COPPER 21 Nov 19 730 CE,31,1,1637346599,MCX:COPPER21NOV730CE,11,20
397,COPPER 21 Nov 19 730 PE,31,1,1637346599,MCX:COPPER21NOV730PE,11,20
398,COPPER 21 Nov 19 735 CE,31,1,1637346599,MCX:COPPER21NOV735CE,11,20
399,COPPER 21 Nov 19 735 PE,31,1,1637346599,MCX:COPPER21NOV735PE,11,20
400,COPPER 21 Nov 19 740 CE,31,1,1637346599,MCX:COPPER21NOV740CE,11,20
401,COPPER 21 Nov 19 740 PE,31,1,1637346599,MCX:COPPER21NOV740PE,11,20
402,COPPER 21 Nov 19 745 CE,31,1,1637346599,MCX:COPPER21NOV745CE,11,20
403,COPPER 21 Nov 19 745 PE,31,1,1637346599,MCX:COPPER21NOV745PE,11,20
404,COPPER 21 Nov 19 750 CE,31,1,1637346599,MCX:COPPER21NOV750CE,11,20
405,COPPER 21 Nov 19 750 PE,31,1,1637346599,MCX:COPPER21NOV750PE,11,20
406,COPPER 21 Nov 19 755 CE,31,1,1637346599,MCX:COPPER21NOV755CE,11,20
407,COPPER 21 Nov 19 755 PE,31,1,1637346599,MCX:COPPER21NOV755PE,11,20
408,COPPER 21 Nov 19 760 CE,31,1,1637346599,MCX:COPPER21NOV760CE,11,20
409,COPPER 21 Nov 19 760 PE,31,1,1637346599,MCX:COPPER21NOV760PE,11,20
410,COPPER 21 Nov 19 765 CE,31,1,1637346599,MCX:COPPER21NOV765CE,11,20
411,COPPER 21 Nov 19 765 PE,31,1,1637346599,MCX:COPPER21NOV765PE,11,20
412,COPPER 21 Nov 19 770 CE,31,1,1637346599,MCX:COPPER21NOV770CE,11,20
413,COPPER 21 Nov 19 770 PE,31,1,1637346599,MCX:COPPER21NOV770PE,11,20
414,COPPER 21 Nov 19 775 CE,31,1,1637346599,MCX:COPPER21NOV775CE,11,20
415,COPPER 21 Nov 19 775 PE,31,1,1637346599,MCX:COPPER21NOV775PE,11,20
416,COPPER 21 Nov 19 780 CE,31,1,1637346599,MCX:COPPER21NOV780CE,11,20
417,COPPER 21 Nov 19 780 PE,31,1,1637346599,MCX:COPPER21NOV780PE,11,20
418,COPPER 21 Nov 19 785 CE,31,1,1637346599,MCX:COPPER21NOV785CE,11,20
419,COPPER 21 Nov 19 785 PE,31,1,1637346599,MCX:COPPER21NOV785PE,11,20
420,COPPER 21 Nov 19 790 CE,31,1,1637346599,MCX:COPPER21NOV790CE,11,20
421,COPPER 21 Nov 19 790 PE,31,1,1637346599,MCX:COPPER21NOV790PE,11,20
422,COPPER 21 Nov 19 795 CE,31,1,1637346599,MCX:COPPER21NOV795CE,11,20
423,COPPER 21 Nov 19 795 PE,31,1,1637346599,MCX:COPPER21NOV795PE,11,20
424,ZINC 21 Nov 19 225 CE,31,1,1637346599,MCX:ZINC21NOV225CE,11,20
425,ZINC 21 Nov 19 225 PE,31,1,1637346599,MCX:ZINC21NOV225PE,11,20
426,ZINC 21 Nov 19 227.5 CE,31,1,1637346599,MCX:ZINC21NOV227.5CE,11,20
427,ZINC 21 Nov 19 227.5 PE,31,1,1637346599,MCX:ZINC21NOV227.5PE,11,20
428,ZINC 21 Nov 19 230 CE,31,1,1637346599,MCX:ZINC21NOV230CE,11,20
429,ZINC 21 Nov 19 230 PE,31,1,1637346599,MCX:ZINC21NOV230PE,11,20
430,ZINC 21 Nov 19 232.5 CE,31,1,1637346599,MCX:ZINC21NOV232.5CE,11,20
431,ZINC 21 Nov 19 232.5 PE,31,1,1637346599,MCX:ZINC21NOV232.5PE,11,20
432,ZINC 21 Nov 19 235 CE,31,1,1637346599,MCX:ZINC21NOV235CE,11,20
433,ZINC 21 Nov 19 235 PE,31,1,1637346599,MCX:ZINC21NOV235PE,11,20
434,ZINC 21 Nov 19 237.5 CE,31,1,1637346599,MCX:ZINC21NOV237.5CE,11,20
435,ZINC 21 Nov 19 237.5 PE,31,1,1637346599,MCX:ZINC21NOV237.5PE,11,20
436,ZINC 21 Nov 19 240 CE,31,1,1637346599,MCX:ZINC21NOV240CE,11,20
437,ZINC 21 Nov 19 240 PE,31,1,1637346599,MCX:ZINC21NOV240PE,11,20
438,ZINC 21 Nov 19 242.5 CE,31,1,1637346599,MCX:ZINC21NOV242.5CE,11,20
439,ZINC 21 Nov 19 242.5 PE,31,1,1637346599,MCX:ZINC21NOV242.5PE,11,20
440,ZINC 21 Nov 19 245 CE,31,1,1637346599,MCX:ZINC21NOV245CE,11,20
441,ZINC 21 Nov 19 245 PE,31,1,1637346599,MCX:ZINC21NOV245PE,11,20
442,ZINC 21 Nov 19 247.5 CE,31,1,1637346599,MCX:ZINC21NOV247.5CE,11,20
443,ZINC 21 Nov 19 247.5 PE,31,1,1637346599,MCX:ZINC21NOV247.5PE,11,20
444,ZINC 21 Nov 19 250 CE,31,1,1637346599,MCX:ZINC21NOV250CE,11,20
445,ZINC 21 Nov 19 250 PE,31,1,1637346599,MCX:ZINC21NOV250PE,11,20
446,ZINC 21 Nov 19 252.5 CE,31,1,1637346599,MCX:ZINC21NOV252.5CE,11,20
447,ZINC 21 Nov 19 252.5 PE,31,1,1637346599,MCX:ZINC21NOV252.5PE,11,20
448,ZINC 21 Nov 19 255 CE,31,1,1637346599,MCX:ZINC21NOV255CE,11,20
449,ZINC 21 Nov 19 255 PE,31,1,1637346599,MCX:ZINC21NOV255PE,11,20
450,ZINC 21 Nov 19 257.5 CE,31,1,1637346599,MCX:ZINC21NOV257.5CE,11,20
451,ZINC 21 Nov 19 257.5 PE,31,1,1637346599,MCX:ZINC21NOV257.5PE,11,20
452,ZINC 21 Nov 19 260 CE,31,1,1637346599,MCX:ZINC21NOV260CE,11,20
453,ZINC 21 Nov 19 260 PE,31,1,1637346599,MCX:ZINC21NOV260PE,11,20
454,COPPER 21 Nov 19 715 CE,31,1,1637346599,MCX:COPPER21NOV715CE,11,20
455,COPPER 21 Nov 19 715 PE,31,1,1637346599,MCX:COPPER21NOV715PE,11,20
456,COPPER 21 Nov 19 720 CE,31,1,1637346599,MCX:COPPER21NOV720CE,11,20
457,COPPER 21 Nov 19 720 PE,31,1,1637346599,MCX:COPPER21NOV720PE,11,20
458,ZINC 21 Nov 19 222.5 CE,31,1,1637346599,MCX:ZINC21NOV222.5CE,11,20
459,ZINC 21 Nov 19 222.5 PE,31,1,1637346599,MCX:ZINC21NOV222.5PE,11,20
460,COPPER 21 Nov 19 710 CE,31,1,1637346599,MCX:COPPER21NOV710CE,11,20
461,COPPER 21 Nov 19 710 PE,31,1,1637346599,MCX:COPPER21NOV710PE,11,20
462,ZINC 21 Nov 19 220 CE,31,1,1637346599,MCX:ZINC21NOV220CE,11,20
463,ZINC 21 Nov 19 220 PE,31,1,1637346599,MCX:ZINC21NOV220PE,11,20
464,COPPER 21 Nov 19 705 CE,31,1,1637346599,MCX:COPPER21NOV705CE,11,20
465,COPPER 21 Nov 19 705 PE,31,1,1637346599,MCX:COPPER21NOV705PE,11,20
466,SILVERM 21 Nov 19 60000 CE,31,1,1637346599,MCX:SILVERM21NOV60000CE,11,20
467,SILVERM 21 Nov 19 60000 PE,31,1,1637346599,MCX:SILVERM21NOV60000PE,11,20
468,SILVERM 21 Nov 19 60250 CE,31,1,1637346599,MCX:SILVERM21NOV60250CE,11,20
469,SILVERM 21 Nov 19 60250 PE,31,1,1637346599,MCX:SILVERM21NOV60250PE,11,20
470,SILVERM 21 Nov 19 60500 CE,31,1,1637346599,MCX:SILVERM21NOV60500CE,11,20
471,SILVERM 21 Nov 19 60500 PE,31,1,1637346599,MCX:SILVERM21NOV60500PE,11,20
472,SILVERM 21 Nov 19 60750 CE,31,1,1637346599,MCX:SILVERM21NOV60750CE,11,20
473,SILVERM 21 Nov 19 60750 PE,31,1,1637346599,MCX:SILVERM21NOV60750PE,11,20
474,SILVERM 21 Nov 19 57500 CE,31,1,1637346599,MCX:SILVERM21NOV57500CE,11,20
475,SILVERM 21 Nov 19 57500 PE,31,1,1637346599,MCX:SILVERM21NOV57500PE,11,20
476,SILVERM 21 Nov 19 57750 CE,31,1,1637346599,MCX:SILVERM21NOV57750CE,11,20
477,SILVERM 21 Nov 19 57750 PE,31,1,1637346599,MCX:SILVERM21NOV57750PE,11,20
478,SILVERM 21 Nov 19 58000 CE,31,1,1637346599,MCX:SILVERM21NOV58000CE,11,20
479,SILVERM 21 Nov 19 58000 PE,31,1,1637346599,MCX:SILVERM21NOV58000PE,11,20
480,SILVERM 21 Nov 19 58250 CE,31,1,1637346599,MCX:SILVERM21NOV58250CE,11,20
481,SILVERM 21 Nov 19 58250 PE,31,1,1637346599,MCX:SILVERM21NOV58250PE,11,20
482,SILVERM 21 Nov 19 58500 CE,31,1,1637346599,MCX:SILVERM21NOV58500CE,11,20
483,SILVERM 21 Nov 19 58500 PE,31,1,1637346599,MCX:SILVERM21NOV58500PE,11,20
484,SILVERM 21 Nov 19 58750 CE,31,1,1637346599,MCX:SILVERM21NOV58750CE,11,20
485,SILVERM 21 Nov 19 58750 PE,31,1,1637346599,MCX:SILVERM21NOV58750PE,11,20
486,SILVERM 21 Nov 19 59000 CE,31,1,1637346599,MCX:SILVERM21NOV59000CE,11,20
487,SILVERM 21 Nov 19 59000 PE,31,1,1637346599,MCX:SILVERM21NOV59000PE,11,20
488,SILVERM 21 Nov 19 59250 CE,31,1,1637346599,MCX:SILVERM21NOV59250CE,11,20
489,SILVERM 21 Nov 19 59250 PE,31,1,1637346599,MCX:SILVERM21NOV59250PE,11,20
490,SILVERM 21 Nov 19 59500 CE,31,1,1637346599,MCX:SILVERM21NOV59500CE,11,20
491,SILVERM 21 Nov 19 59500 PE,31,1,1637346599,MCX:SILVERM21NOV59500PE,11,20
492,SILVERM 21 Nov 19 59750 CE,31,1,1637346599,MCX:SILVERM21NOV59750CE,11,20
493,SILVERM 21 Nov 19 59750 PE,31,1,1637346599,MCX:SILVERM21NOV59750PE,11,20
494,COPPER 21 Nov 19 700 CE,31,1,1637346599,MCX:COPPER21NOV700CE,11,20
495,COPPER 21 Nov 19 700 PE,31,1,1637346599,MCX:COPPER21NOV700PE,11,20
496,ZINC 21 Nov 19 217.5 CE,31,1,1637346599,MCX:ZINC21NOV217.5CE,11,20
497,ZINC 21 Nov 19 217.5 PE,31,1,1637346599,MCX:ZINC21NOV217.5PE,11,20
498,SILVERM 21 Nov 19 56750 CE,31,1,1637346599,MCX:SILVERM21NOV56750CE,11,20
499,SILVERM 21 Nov 19 56750 PE,31,1,1637346599,MCX:SILVERM21NOV56750PE,11,20
500,SILVERM 21 Nov 19 57000 CE,31,1,1637346599,MCX:SILVERM21NOV57000CE,11,20
501,SILVERM 21 Nov 19 57000 PE,31,1,1637346599,MCX:SILVERM21NOV57000PE,11,20
502,SILVERM 21 Nov 19 57250 CE,31,1,1637346599,MCX:SILVERM21NOV57250CE,11,20
503,SILVERM 21 Nov 19 57250 PE,31,1,1637346599,MCX:SILVERM21NOV57250PE,11,20
504,COPPER 21 Nov 19 685 CE,31,1,1637346599,MCX:COPPER21NOV685CE,11,20
505,COPPER 21 Nov 19 685 PE,31,1,1637346599,MCX:COPPER21NOV685PE,11,20
506,COPPER 21 Nov 19 690 CE,31,1,1637346599,MCX:COPPER21NOV690CE,11,20
507,COPPER 21 Nov 19 690 PE,31,1,1637346599,MCX:COPPER21NOV690PE,11,20
508,COPPER 21 Nov 19 695 CE,31,1,1637346599,MCX:COPPER21NOV695CE,11,20
509,COPPER 21 Nov 19 695 PE,31,1,1637346599,MCX:COPPER21NOV695PE,11,20
510,COPPER 21 Nov 19 670 CE,31,1,1637346599,MCX:COPPER21NOV670CE,11,20
511,COPPER 21 Nov 19 670 PE,31,1,1637346599,MCX:COPPER21NOV670PE,11,20
512,COPPER 21 Nov 19 675 CE,31,1,1637346599,MCX:COPPER21NOV675CE,11,20
513,COPPER 21 Nov 19 675 PE,31,1,1637346599,MCX:COPPER21NOV675PE,11,20
514,COPPER 21 Nov 19 680 CE,31,1,1637346599,MCX:COPPER21NOV680CE,11,20
515,COPPER 21 Nov 19 680 PE,31,1,1637346599,MCX:COPPER21NOV680PE,11,20
516,COPPER 21 Nov 19 655 CE,31,1,1637346599,MCX:COPPER21NOV655CE,11,20
517,COPPER 21 Nov 19 655 PE,31,1,1637346599,MCX:COPPER21NOV655PE,11,20
518,COPPER 21 Nov 19 660 CE,31,1,1637346599,MCX:COPPER21NOV660CE,11,20
519,COPPER 21 Nov 19 660 PE,31,1,1637346599,MCX:COPPER21NOV660PE,11,20
520,COPPER 21 Nov 19 665 CE,31,1,1637346599,MCX:COPPER21NOV665CE,11,20
521,COPPER 21 Nov 19 665 PE,31,1,1637346599,MCX:COPPER21NOV665PE,11,20
522,SILVERM 21 Nov 19 56500 CE,31,1,1637346599,MCX:SILVERM21NOV56500CE,11,20
523,SILVERM 21 Nov 19 56500 PE,31,1,1637346599,MCX:SILVERM21NOV56500PE,11,20
524,ZINC 21 Nov 19 262.5 CE,31,1,1637346599,MCX:ZINC21NOV262.5CE,11,20
525,ZINC 21 Nov 19 262.5 PE,31,1,1637346599,MCX:ZINC21NOV262.5PE,11,20
526,ZINC 21 Nov 19 265 CE,31,1,1637346599,MCX:ZINC21NOV265CE,11,20
527,ZINC 21 Nov 19 265 PE,31,1,1637346599,MCX:ZINC21NOV265PE,11,20
528,ZINC 21 Nov 19 267.5 CE,31,1,1637346599,MCX:ZINC21NOV267.5CE,11,20
529,ZINC 21 Nov 19 267.5 PE,31,1,1637346599,MCX:ZINC21NOV267.5PE,11,20
530,SILVERM 21 Nov 19 55000 CE,31,1,1637346599,MCX:SILVERM21NOV55000CE,11,20
531,SILVERM 21 Nov 19 55000 PE,31,1,1637346599,MCX:SILVERM21NOV55000PE,11,20
532,SILVERM 21 Nov 19 55250 CE,31,1,1637346599,MCX:SILVERM21NOV55250CE,11,20
533,SILVERM 21 Nov 19 55250 PE,31,1,1637346599,MCX:SILVERM21NOV55250PE,11,20
534,SILVERM 21 Nov 19 55500 CE,31,1,1637346599,MCX:SILVERM21NOV55500CE,11,20
535,SILVERM 21 Nov 19 55500 PE,31,1,1637346599,MCX:SILVERM21NOV55500PE,11,20
536,SILVERM 21 Nov 19 55750 CE,31,1,1637346599,MCX:SILVERM21NOV55750CE,11,20
537,SILVERM 21 Nov 19 55750 PE,31,1,1637346599,MCX:SILVERM21NOV55750PE,11,20
538,SILVERM 21 Nov 19 56000 CE,31,1,1637346599,MCX:SILVERM21NOV56000CE,11,20
539,SILVERM 21 Nov 19 56000 PE,31,1,1637346599,MCX:SILVERM21NOV56000PE,11,20
540,SILVERM 21 Nov 19 56250 CE,31,1,1637346599,MCX:SILVERM21NOV56250CE,11,20
541,SILVERM 21 Nov 19 56250 PE,31,1,1637346599,MCX:SILVERM21NOV56250PE,11,20
542,SILVERM 21 Nov 19 54000 CE,31,1,1637346599,MCX:SILVERM21NOV54000CE,11,20
543,SILVERM 21 Nov 19 54000 PE,31,1,1637346599,MCX:SILVERM21NOV54000PE,11,20
544,SILVERM 21 Nov 19 54250 CE,31,1,1637346599,MCX:SILVERM21NOV54250CE,11,20
545,SILVERM 21 Nov 19 54250 PE,31,1,1637346599,MCX:SILVERM21NOV54250PE,11,20
546,SILVERM 21 Nov 19 54500 CE,31,1,1637346599,MCX:SILVERM21NOV54500CE,11,20
547,SILVERM 21 Nov 19 54500 PE,31,1,1637346599,MCX:SILVERM21NOV54500PE,11,20
548,SILVERM 21 Nov 19 54750 CE,31,1,1637346599,MCX:SILVERM21NOV54750CE,11,20
549,SILVERM 21 Nov 19 54750 PE,31,1,1637346599,MCX:SILVERM21NOV54750PE,11,20
550,SILVERM 21 Nov 19 53750 CE,31,1,1637346599,MCX:SILVERM21NOV53750CE,11,20
551,SILVERM 21 Nov 19 53750 PE,31,1,1637346599,MCX:SILVERM21NOV53750PE,11,20
552,ZINC 21 Nov 19 270 CE,31,1,1637346599,MCX:ZINC21NOV270CE,11,20
553,ZINC 21 Nov 19 270 PE,31,1,1637346599,MCX:ZINC21NOV270PE,11,20
554,ZINC 21 Nov 19 272.5 CE,31,1,1637346599,MCX:ZINC21NOV272.5CE,11,20
555,ZINC 21 Nov 19 272.5 PE,31,1,1637346599,MCX:ZINC21NOV272.5PE,11,20
556,ZINC 21 Nov 19 275 CE,31,1,1637346599,MCX:ZINC21NOV275CE,11,20
557,ZINC 21 Nov 19 275 PE,31,1,1637346599,MCX:ZINC21NOV275PE,11,20
558,SILVERM 21 Nov 19 52500 CE,31,1,1637346599,MCX:SILVERM21NOV52500CE,11,20
559,SILVERM 21 Nov 19 52500 PE,31,1,1637346599,MCX:SILVERM21NOV52500PE,11,20
560,SILVERM 21 Nov 19 52750 CE,31,1,1637346599,MCX:SILVERM21NOV52750CE,11,20
561,SILVERM 21 Nov 19 52750 PE,31,1,1637346599,MCX:SILVERM21NOV52750PE,11,20
562,SILVERM 21 Nov 19 53000 CE,31,1,1637346599,MCX:SILVERM21NOV53000CE,11,20
563,SILVERM 21 Nov 19 53000 PE,31,1,1637346599,MCX:SILVERM21NOV53000PE,11,20
564,SILVERM 21 Nov 19 53250 CE,31,1,1637346599,MCX:SILVERM21NOV53250CE,11,20
565,SILVERM 21 Nov 19 53250 PE,31,1,1637346599,MCX:SILVERM21NOV53250PE,11,20
566,SILVERM 21 Nov 19 53500 CE,31,1,1637346599,MCX:SILVERM21NOV53500CE,11,20
567,SILVERM 21 Nov 19 53500 PE,31,1,1637346599,MCX:SILVERM21NOV53500PE,11,20
568,ZINC 21 Nov 19 277.5 CE,31,1,1637346599,MCX:ZINC21NOV277.5CE,11,20
569,ZINC 21 Nov 19 277.5 PE,31,1,1637346599,MCX:ZINC21NOV277.5PE,11,20
570,ZINC 21 Nov 19 280 CE,31,1,1637346599,MCX:ZINC21NOV280CE,11,20
571,ZINC 21 Nov 19 280 PE,31,1,1637346599,MCX:ZINC21NOV280PE,11,20
572,ZINC 21 Nov 19 282.5 CE,31,1,1637346599,MCX:ZINC21NOV282.5CE,11,20
573,ZINC 21 Nov 19 282.5 PE,31,1,1637346599,MCX:ZINC21NOV282.5PE,11,20
574,ZINC 21 Nov 19 285 CE,31,1,1637346599,MCX:ZINC21NOV285CE,11,20
575,ZINC 21 Nov 19 285 PE,31,1,1637346599,MCX:ZINC21NOV285PE,11,20
576,ZINC 21 Nov 19 287.5 CE,31,1,1637346599,MCX:ZINC21NOV287.5CE,11,20
577,ZINC 21 Nov 19 287.5 PE,31,1,1637346599,MCX:ZINC21NOV287.5PE,11,20
578,ZINC 21 Nov 19 290 CE,31,1,1637346599,MCX:ZINC21NOV290CE,11,20
579,ZINC 21 Nov 19 290 PE,31,1,1637346599,MCX:ZINC21NOV290PE,11,20
580,ZINC 21 Nov 19 292.5 CE,31,1,1637346599,MCX:ZINC21NOV292.5CE,11,20
581,ZINC 21 Nov 19 292.5 PE,31,1,1637346599,MCX:ZINC21NOV292.5PE,11,20
582,ZINC 21 Nov 19 295 CE,31,1,1637346599,MCX:ZINC21NOV295CE,11,20
583,ZINC 21 Nov 19 295 PE,31,1,1637346599,MCX:ZINC21NOV295PE,11,20
584,ZINC 21 Nov 19 297.5 CE,31,1,1637346599,MCX:ZINC21NOV297.5CE,11,20
585,ZINC 21 Nov 19 297.5 PE,31,1,1637346599,MCX:ZINC21NOV297.5PE,11,20
586,COPPER 21 Nov 19 800 CE,31,1,1637346599,MCX:COPPER21NOV800CE,11,20
587,COPPER 21 Nov 19 800 PE,31,1,1637346599,MCX:COPPER21NOV800PE,11,20
588,COPPER 21 Nov 19 805 CE,31,1,1637346599,MCX:COPPER21NOV805CE,11,20
589,COPPER 21 Nov 19 805 PE,31,1,1637346599,MCX:COPPER21NOV805PE,11,20
590,COPPER 21 Nov 19 810 CE,31,1,1637346599,MCX:COPPER21NOV810CE,11,20
591,COPPER 21 Nov 19 810 PE,31,1,1637346599,MCX:COPPER21NOV810PE,11,20
592,ZINC 21 Nov 19 300 CE,31,1,1637346599,MCX:ZINC21NOV300CE,11,20
593,ZINC 21 Nov 19 300 PE,31,1,1637346599,MCX:ZINC21NOV300PE,11,20
594,ZINC 21 Nov 19 302.5 CE,31,1,1637346599,MCX:ZINC21NOV302.5CE,11,20
595,ZINC 21 Nov 19 302.5 PE,31,1,1637346599,MCX:ZINC21NOV302.5PE,11,20
596,ZINC 21 Nov 19 305 CE,31,1,1637346599,MCX:ZINC21NOV305CE,11,20
597,ZINC 21 Nov 19 305 PE,31,1,1637346599,MCX:ZINC21NOV305PE,11,20
598,ZINC 21 Nov 19 307.5 CE,31,1,1637346599,MCX:ZINC21NOV307.5CE,11,20
599,ZINC 21 Nov 19 307.5 PE,31,1,1637346599,MCX:ZINC21NOV307.5PE,11,20
600,COPPER 21 Nov 19 815 CE,31,1,1637346599,MCX:COPPER21NOV815CE,11,20
601,COPPER 21 Nov 19 815 PE,31,1,1637346599,MCX:COPPER21NOV815PE,11,20
602,COPPER 21 Nov 19 820 CE,31,1,1637346599,MCX:COPPER21NOV820CE,11,20
603,COPPER 21 Nov 19 820 PE,31,1,1637346599,MCX:COPPER21NOV820PE,11,20
604,COPPER 21 Nov 19 825 CE,31,1,1637346599,MCX:COPPER21NOV825CE,11,20
605,COPPER 21 Nov 19 825 PE,31,1,1637346599,MCX:COPPER21NOV825PE,11,20
606,COPPER 21 Nov 19 830 CE,31,1,1637346599,MCX:COPPER21NOV830CE,11,20
607,COPPER 21 Nov 19 830 PE,31,1,1637346599,MCX:COPPER21NOV830PE,11,20
608,ZINC 21 Nov 19 310 CE,31,1,1637346599,MCX:ZINC21NOV310CE,11,20
609,ZINC 21 Nov 19 310 PE,31,1,1637346599,MCX:ZINC21NOV310PE,11,20
610,ZINC 21 Nov 19 312.5 CE,31,1,1637346599,MCX:ZINC21NOV312.5CE,11,20
611,ZINC 21 Nov 19 312.5 PE,31,1,1637346599,MCX:ZINC21NOV312.5PE,11,20
612,ZINC 21 Nov 19 315 CE,31,1,1637346599,MCX:ZINC21NOV315CE,11,20
613,ZINC 21 Nov 19 315 PE,31,1,1637346599,MCX:ZINC21NOV315PE,11,20
614,ZINC 21 Nov 19 317.5 CE,31,1,1637346599,MCX:ZINC21NOV317.5CE,11,20
615,ZINC 21 Nov 19 317.5 PE,31,1,1637346599,MCX:ZINC21NOV317.5PE,11,20
616,ZINC 21 Nov 19 320 CE,31,1,1637346599,MCX:ZINC21NOV320CE,11,20
617,ZINC 21 Nov 19 320 PE,31,1,1637346599,MCX:ZINC21NOV320PE,11,20
618,ZINC 21 Nov 19 322.5 CE,31,1,1637346599,MCX:ZINC21NOV322.5CE,11,20
619,ZINC 21 Nov 19 322.5 PE,31,1,1637346599,MCX:ZINC21NOV322.5PE,11,20
620,ZINC 21 Nov 19 325 CE,31,1,1637346599,MCX:ZINC21NOV325CE,11,20
621,ZINC 21 Nov 19 325 PE,31,1,1637346599,MCX:ZINC21NOV325PE,11,20
622,ZINC 21 Nov 19 327.5 CE,31,1,1637346599,MCX:ZINC21NOV327.5CE,11,20
623,ZINC 21 Nov 19 327.5 PE,31,1,1637346599,MCX:ZINC21NOV327.5PE,11,20
624,ZINC 21 Nov 19 330 CE,31,1,1637346599,MCX:ZINC21NOV330CE,11,20
625,ZINC 21 Nov 19 330 PE,31,1,1637346599,MCX:ZINC21NOV330PE,11,20
626,ZINC 21 Nov 19 332.5 CE,31,1,1637346599,MCX:ZINC21NOV332.5CE,11,20
627,ZINC 21 Nov 19 332.5 PE,31,1,1637346599,MCX:ZINC21NOV332.5PE,11,20
628,ZINC 21 Nov 19 335 CE,31,1,1637346599,MCX:ZINC21NOV335CE,11,20
629,ZINC 21 Nov 19 335 PE,31,1,1637346599,MCX:ZINC21NOV335PE,11,20
630,GOLD 21 Nov 24 49400 CE,31,1,1637778599,MCX:GOLD21NOV49400CE,11,20
631,GOLD 21 Nov 24 49400 PE,31,1,1637778599,MCX:GOLD21NOV49400PE,11,20
632,GOLD 21 Nov 24 49500 CE,31,1,1637778599,MCX:GOLD21NOV49500CE,11,20
633,GOLD 21 Nov 24 49500 PE,31,1,1637778599,MCX:GOLD21NOV49500PE,11,20
634,GOLD 21 Nov 24 49600 CE,31,1,1637778599,MCX:GOLD21NOV49600CE,11,20
635,GOLD 21 Nov 24 49600 PE,31,1,1637778599,MCX:GOLD21NOV49600PE,11,20
636,GOLD 21 Nov 24 49700 CE,31,1,1637778599,MCX:GOLD21NOV49700CE,11,20
637,GOLD 21 Nov 24 49700 PE,31,1,1637778599,MCX:GOLD21NOV49700PE,11,20
638,GOLD 21 Nov 24 49800 CE,31,1,1637778599,MCX:GOLD21NOV49800CE,11,20
639,GOLD 21 Nov 24 49800 PE,31,1,1637778599,MCX:GOLD21NOV49800PE,11,20
640,GOLD 21 Nov 24 49900 CE,31,1,1637778599,MCX:GOLD21NOV49900CE,11,20
641,GOLD 21 Nov 24 49900 PE,31,1,1637778599,MCX:GOLD21NOV49900PE,11,20
642,GOLD 21 Nov 24 50000 CE,31,1,1637778599,MCX:GOLD21NOV50000CE,11,20
643,GOLD 21 Nov 24 50000 PE,31,1,1637778599,MCX:GOLD21NOV50000PE,11,20
644,GOLD 21 Nov 24 50100 CE,31,1,1637778599,MCX:GOLD21NOV50100CE,11,20
645,GOLD 21 Nov 24 50100 PE,31,1,1637778599,MCX:GOLD21NOV50100PE,11,20
646,GOLD 21 Nov 24 50200 CE,31,1,1637778599,MCX:GOLD21NOV50200CE,11,20
647,GOLD 21 Nov 24 50200 PE,31,1,1637778599,MCX:GOLD21NOV50200PE,11,20
648,GOLD 21 Nov 24 50300 CE,31,1,1637778599,MCX:GOLD21NOV50300CE,11,20
649,GOLD 21 Nov 24 50300 PE,31,1,1637778599,MCX:GOLD21NOV50300PE,11,20
650,GOLD 21 Nov 24 50400 CE,31,1,1637778599,MCX:GOLD21NOV50400CE,11,20
651,GOLD 21 Nov 24 50400 PE,31,1,1637778599,MCX:GOLD21NOV50400PE,11,20
652,GOLD 21 Nov 24 50500 CE,31,1,1637778599,MCX:GOLD21NOV50500CE,11,20
653,GOLD 21 Nov 24 50500 PE,31,1,1637778599,MCX:GOLD21NOV50500PE,11,20
654,GOLD 21 Nov 24 50600 CE,31,1,1637778599,MCX:GOLD21NOV50600CE,11,20
655,GOLD 21 Nov 24 50600 PE,31,1,1637778599,MCX:GOLD21NOV50600PE,11,20
656,GOLD 21 Nov 24 50700 CE,31,1,1637778599,MCX:GOLD21NOV50700CE,11,20
657,GOLD 21 Nov 24 50700 PE,31,1,1637778599,MCX:GOLD21NOV50700PE,11,20
658,GOLD 21 Nov 24 50800 CE,31,1,1637778599,MCX:GOLD21NOV50800CE,11,20
659,GOLD 21 Nov 24 50800 PE,31,1,1637778599,MCX:GOLD21NOV50800PE,11,20
660,GOLD 21 Nov 24 50900 CE,31,1,1637778599,MCX:GOLD21NOV50900CE,11,20
661,GOLD 21 Nov 24 50900 PE,31,1,1637778599,MCX:GOLD21NOV50900PE,11,20
662,GOLD 21 Nov 24 51000 CE,31,1,1637778599,MCX:GOLD21NOV51000CE,11,20
663,GOLD 21 Nov 24 51000 PE,31,1,1637778599,MCX:GOLD21NOV51000PE,11,20
664,GOLD 21 Nov 24 51100 CE,31,1,1637778599,MCX:GOLD21NOV51100CE,11,20
665,GOLD 21 Nov 24 51100 PE,31,1,1637778599,MCX:GOLD21NOV51100PE,11,20
666,GOLD 21 Nov 24 51200 CE,31,1,1637778599,MCX:GOLD21NOV51200CE,11,20
667,GOLD 21 Nov 24 51200 PE,31,1,1637778599,MCX:GOLD21NOV51200PE,11,20
668,GOLD 21 Nov 24 51300 CE,31,1,1637778599,MCX:GOLD21NOV51300CE,11,20
669,GOLD 21 Nov 24 51300 PE,31,1,1637778599,MCX:GOLD21NOV51300PE,11,20
670,GOLD 21 Nov 24 51400 CE,31,1,1637778599,MCX:GOLD21NOV51400CE,11,20
671,GOLD 21 Nov 24 51400 PE,31,1,1637778599,MCX:GOLD21NOV51400PE,11,20
672,GOLD 21 Nov 24 51500 CE,31,1,1637778599,MCX:GOLD21NOV51500CE,11,20
673,GOLD 21 Nov 24 51500 PE,31,1,1637778599,MCX:GOLD21NOV51500PE,11,20
674,GOLD 21 Nov 24 51600 CE,31,1,1637778599,MCX:GOLD21NOV51600CE,11,20
675,GOLD 21 Nov 24 51600 PE,31,1,1637778599,MCX:GOLD21NOV51600PE,11,20
676,GOLD 21 Nov 24 51700 CE,31,1,1637778599,MCX:GOLD21NOV51700CE,11,20
677,GOLD 21 Nov 24 51700 PE,31,1,1637778599,MCX:GOLD21NOV51700PE,11,20
678,GOLD 21 Nov 24 51800 CE,31,1,1637778599,MCX:GOLD21NOV51800CE,11,20
679,GOLD 21 Nov 24 51800 PE,31,1,1637778599,MCX:GOLD21NOV51800PE,11,20
680,GOLD 21 Nov 24 51900 CE,31,1,1637778599,MCX:GOLD21NOV51900CE,11,20
681,GOLD 21 Nov 24 51900 PE,31,1,1637778599,MCX:GOLD21NOV51900PE,11,20
682,GOLD 21 Nov 24 52000 CE,31,1,1637778599,MCX:GOLD21NOV52000CE,11,20
683,GOLD 21 Nov 24 52000 PE,31,1,1637778599,MCX:GOLD21NOV52000PE,11,20
684,GOLD 21 Nov 24 52100 CE,31,1,1637778599,MCX:GOLD21NOV52100CE,11,20
685,GOLD 21 Nov 24 52100 PE,31,1,1637778599,MCX:GOLD21NOV52100PE,11,20
686,GOLD 21 Nov 24 47100 CE,31,1,1637778599,MCX:GOLD21NOV47100CE,11,20
687,GOLD 21 Nov 24 47100 PE,31,1,1637778599,MCX:GOLD21NOV47100PE,11,20
688,GOLD 21 Nov 24 47200 CE,31,1,1637778599,MCX:GOLD21NOV47200CE,11,20
689,GOLD 21 Nov 24 47200 PE,31,1,1637778599,MCX:GOLD21NOV47200PE,11,20
690,GOLD 21 Nov 24 47300 CE,31,1,1637778599,MCX:GOLD21NOV47300CE,11,20
691,GOLD 21 Nov 24 47300 PE,31,1,1637778599,MCX:GOLD21NOV47300PE,11,20
692,GOLD 21 Nov 24 47400 CE,31,1,1637778599,MCX:GOLD21NOV47400CE,11,20
693,GOLD 21 Nov 24 47400 PE,31,1,1637778599,MCX:GOLD21NOV47400PE,11,20
694,GOLD 21 Nov 24 47500 CE,31,1,1637778599,MCX:GOLD21NOV47500CE,11,20
695,GOLD 21 Nov 24 47500 PE,31,1,1637778599,MCX:GOLD21NOV47500PE,11,20
696,GOLD 21 Nov 24 47600 CE,31,1,1637778599,MCX:GOLD21NOV47600CE,11,20
697,GOLD 21 Nov 24 47600 PE,31,1,1637778599,MCX:GOLD21NOV47600PE,11,20
698,GOLD 21 Nov 24 47700 CE,31,1,1637778599,MCX:GOLD21NOV47700CE,11,20
699,GOLD 21 Nov 24 47700 PE,31,1,1637778599,MCX:GOLD21NOV47700PE,11,20
700,GOLD 21 Nov 24 47800 CE,31,1,1637778599,MCX:GOLD21NOV47800CE,11,20
701,GOLD 21 Nov 24 47800 PE,31,1,1637778599,MCX:GOLD21NOV47800PE,11,20
702,GOLD 21 Nov 24 47900 CE,31,1,1637778599,MCX:GOLD21NOV47900CE,11,20
703,GOLD 21 Nov 24 47900 PE,31,1,1637778599,MCX:GOLD21NOV47900PE,11,20
704,GOLD 21 Nov 24 48000 CE,31,1,1637778599,MCX:GOLD21NOV48000CE,11,20
705,GOLD 21 Nov 24 48000 PE,31,1,1637778599,MCX:GOLD21NOV48000PE,11,20
706,GOLD 21 Nov 24 48100 CE,31,1,1637778599,MCX:GOLD21NOV48100CE,11,20
707,GOLD 21 Nov 24 48100 PE,31,1,1637778599,MCX:GOLD21NOV48100PE,11,20
708,GOLD 21 Nov 24 48200 CE,31,1,1637778599,MCX:GOLD21NOV48200CE,11,20
709,GOLD 21 Nov 24 48200 PE,31,1,1637778599,MCX:GOLD21NOV48200PE,11,20
710,GOLD 21 Nov 24 48300 CE,31,1,1637778599,MCX:GOLD21NOV48300CE,11,20
711,GOLD 21 Nov 24 48300 PE,31,1,1637778599,MCX:GOLD21NOV48300PE,11,20
712,GOLD 21 Nov 24 48400 CE,31,1,1637778599,MCX:GOLD21NOV48400CE,11,20
713,GOLD 21 Nov 24 48400 PE,31,1,1637778599,MCX:GOLD21NOV48400PE,11,20
714,GOLD 21 Nov 24 48500 CE,31,1,1637778599,MCX:GOLD21NOV48500CE,11,20
715,GOLD 21 Nov 24 48500 PE,31,1,1637778599,MCX:GOLD21NOV48500PE,11,20
716,GOLD 21 Nov 24 48600 CE,31,1,1637778599,MCX:GOLD21NOV48600CE,11,20
717,GOLD 21 Nov 24 48600 PE,31,1,1637778599,MCX:GOLD21NOV48600PE,11,20
718,GOLD 21 Nov 24 48700 CE,31,1,1637778599,MCX:GOLD21NOV48700CE,11,20
719,GOLD 21 Nov 24 48700 PE,31,1,1637778599,MCX:GOLD21NOV48700PE,11,20
720,GOLD 21 Nov 24 48800 CE,31,1,1637778599,MCX:GOLD21NOV48800CE,11,20
721,GOLD 21 Nov 24 48800 PE,31,1,1637778599,MCX:GOLD21NOV48800PE,11,20
722,GOLD 21 Nov 24 48900 CE,31,1,1637778599,MCX:GOLD21NOV48900CE,11,20
723,GOLD 21 Nov 24 48900 PE,31,1,1637778599,MCX:GOLD21NOV48900PE,11,20
724,GOLD 21 Nov 24 49000 CE,31,1,1637778599,MCX:GOLD21NOV49000CE,11,20
725,GOLD 21 Nov 24 49000 PE,31,1,1637778599,MCX:GOLD21NOV49000PE,11,20
726,GOLD 21 Nov 24 49100 CE,31,1,1637778599,MCX:GOLD21NOV49100CE,11,20
727,GOLD 21 Nov 24 49100 PE,31,1,1637778599,MCX:GOLD21NOV49100PE,11,20
728,GOLD 21 Nov 24 49200 CE,31,1,1637778599,MCX:GOLD21NOV49200CE,11,20
729,GOLD 21 Nov 24 49200 PE,31,1,1637778599,MCX:GOLD21NOV49200PE,11,20
730,GOLD 21 Nov 24 49300 CE,31,1,1637778599,MCX:GOLD21NOV49300CE,11,20
731,GOLD 21 Nov 24 49300 PE,31,1,1637778599,MCX:GOLD21NOV49300PE,11,20
732,SILVER 21 Nov 24 61750 CE,31,1,1637778599,MCX:SILVER21NOV61750CE,11,20
733,SILVER 21 Nov 24 61750 PE,31,1,1637778599,MCX:SILVER21NOV61750PE,11,20
734,SILVER 21 Nov 24 62000 CE,31,1,1637778599,MCX:SILVER21NOV62000CE,11,20
735,SILVER 21 Nov 24 62000 PE,31,1,1637778599,MCX:SILVER21NOV62000PE,11,20
736,SILVER 21 Nov 24 62250 CE,31,1,1637778599,MCX:SILVER21NOV62250CE,11,20
737,SILVER 21 Nov 24 62250 PE,31,1,1637778599,MCX:SILVER21NOV62250PE,11,20
738,SILVER 21 Nov 24 62500 CE,31,1,1637778599,MCX:SILVER21NOV62500CE,11,20
739,SILVER 21 Nov 24 62500 PE,31,1,1637778599,MCX:SILVER21NOV62500PE,11,20
740,SILVER 21 Nov 24 62750 CE,31,1,1637778599,MCX:SILVER21NOV62750CE,11,20
741,SILVER 21 Nov 24 62750 PE,31,1,1637778599,MCX:SILVER21NOV62750PE,11,20
742,SILVER 21 Nov 24 63000 CE,31,1,1637778599,MCX:SILVER21NOV63000CE,11,20
743,SILVER 21 Nov 24 63000 PE,31,1,1637778599,MCX:SILVER21NOV63000PE,11,20
744,SILVER 21 Nov 24 63250 CE,31,1,1637778599,MCX:SILVER21NOV63250CE,11,20
745,SILVER 21 Nov 24 63250 PE,31,1,1637778599,MCX:SILVER21NOV63250PE,11,20
746,SILVER 21 Nov 24 63500 CE,31,1,1637778599,MCX:SILVER21NOV63500CE,11,20
747,SILVER 21 Nov 24 63500 PE,31,1,1637778599,MCX:SILVER21NOV63500PE,11,20
748,SILVER 21 Nov 24 63750 CE,31,1,1637778599,MCX:SILVER21NOV63750CE,11,20
749,SILVER 21 Nov 24 63750 PE,31,1,1637778599,MCX:SILVER21NOV63750PE,11,20
750,SILVER 21 Nov 24 64000 CE,31,1,1637778599,MCX:SILVER21NOV64000CE,11,20
751,SILVER 21 Nov 24 64000 PE,31,1,1637778599,MCX:SILVER21NOV64000PE,11,20
752,SILVER 21 Nov 24 64250 CE,31,1,1637778599,MCX:SILVER21NOV64250CE,11,20
753,SILVER 21 Nov 24 64250 PE,31,1,1637778599,MCX:SILVER21NOV64250PE,11,20
754,SILVER 21 Nov 24 64500 CE,31,1,1637778599,MCX:SILVER21NOV64500CE,11,20
755,SILVER 21 Nov 24 64500 PE,31,1,1637778599,MCX:SILVER21NOV64500PE,11,20
756,SILVER 21 Nov 24 64750 CE,31,1,1637778599,MCX:SILVER21NOV64750CE,11,20
757,SILVER 21 Nov 24 64750 PE,31,1,1637778599,MCX:SILVER21NOV64750PE,11,20
758,SILVER 21 Nov 24 65000 CE,31,1,1637778599,MCX:SILVER21NOV65000CE,11,20
759,SILVER 21 Nov 24 65000 PE,31,1,1637778599,MCX:SILVER21NOV65000PE,11,20
760,SILVER 21 Nov 24 65250 CE,31,1,1637778599,MCX:SILVER21NOV65250CE,11,20
761,SILVER 21 Nov 24 65250 PE,31,1,1637778599,MCX:SILVER21NOV65250PE,11,20
762,SILVER 21 Nov 24 65500 CE,31,1,1637778599,MCX:SILVER21NOV65500CE,11,20
763,SILVER 21 Nov 24 65500 PE,31,1,1637778599,MCX:SILVER21NOV65500PE,11,20
764,SILVER 21 Nov 24 65750 CE,31,1,1637778599,MCX:SILVER21NOV65750CE,11,20
765,SILVER 21 Nov 24 65750 PE,31,1,1637778599,MCX:SILVER21NOV65750PE,11,20
766,SILVER 21 Nov 24 66000 CE,31,1,1637778599,MCX:SILVER21NOV66000CE,11,20
767,SILVER 21 Nov 24 66000 PE,31,1,1637778599,MCX:SILVER21NOV66000PE,11,20
768,SILVER 21 Nov 24 66250 CE,31,1,1637778599,MCX:SILVER21NOV66250CE,11,20
769,SILVER 21 Nov 24 66250 PE,31,1,1637778599,MCX:SILVER21NOV66250PE,11,20
770,SILVER 21 Nov 24 66500 CE,31,1,1637778599,MCX:SILVER21NOV66500CE,11,20
771,SILVER 21 Nov 24 66500 PE,31,1,1637778599,MCX:SILVER21NOV66500PE,11,20
772,SILVER 21 Nov 24 66750 CE,31,1,1637778599,MCX:SILVER21NOV66750CE,11,20
773,SILVER 21 Nov 24 66750 PE,31,1,1637778599,MCX:SILVER21NOV66750PE,11,20
774,SILVER 21 Nov 24 67000 CE,31,1,1637778599,MCX:SILVER21NOV67000CE,11,20
775,SILVER 21 Nov 24 67000 PE,31,1,1637778599,MCX:SILVER21NOV67000PE,11,20
776,SILVER 21 Nov 24 67250 CE,31,1,1637778599,MCX:SILVER21NOV67250CE,11,20
777,SILVER 21 Nov 24 67250 PE,31,1,1637778599,MCX:SILVER21NOV67250PE,11,20
778,SILVER 21 Nov 24 67500 CE,31,1,1637778599,MCX:SILVER21NOV67500CE,11,20
779,SILVER 21 Nov 24 67500 PE,31,1,1637778599,MCX:SILVER21NOV67500PE,11,20
780,SILVER 21 Nov 24 67750 CE,31,1,1637778599,MCX:SILVER21NOV67750CE,11,20
781,SILVER 21 Nov 24 67750 PE,31,1,1637778599,MCX:SILVER21NOV67750PE,11,20
782,SILVER 21 Nov 24 68000 CE,31,1,1637778599,MCX:SILVER21NOV68000CE,11,20
783,SILVER 21 Nov 24 68000 PE,31,1,1637778599,MCX:SILVER21NOV68000PE,11,20
784,SILVER 21 Nov 24 68250 CE,31,1,1637778599,MCX:SILVER21NOV68250CE,11,20
785,SILVER 21 Nov 24 68250 PE,31,1,1637778599,MCX:SILVER21NOV68250PE,11,20
786,SILVER 21 Nov 24 68500 CE,31,1,1637778599,MCX:SILVER21NOV68500CE,11,20
787,SILVER 21 Nov 24 68500 PE,31,1,1637778599,MCX:SILVER21NOV68500PE,11,20
788,SILVER 21 Nov 24 68750 CE,31,1,1637778599,MCX:SILVER21NOV68750CE,11,20
789,SILVER 21 Nov 24 68750 PE,31,1,1637778599,MCX:SILVER21NOV68750PE,11,20
790,SILVER 21 Nov 24 69000 CE,31,1,1637778599,MCX:SILVER21NOV69000CE,11,20
791,SILVER 21 Nov 24 69000 PE,31,1,1637778599,MCX:SILVER21NOV69000PE,11,20
792,SILVER 21 Nov 24 69250 CE,31,1,1637778599,MCX:SILVER21NOV69250CE,11,20
793,SILVER 21 Nov 24 69250 PE,31,1,1637778599,MCX:SILVER21NOV69250PE,11,20
794,SILVER 21 Nov 24 69500 CE,31,1,1637778599,MCX:SILVER21NOV69500CE,11,20
795,SILVER 21 Nov 24 69500 PE,31,1,1637778599,MCX:SILVER21NOV69500PE,11,20
796,SILVER 21 Nov 24 69750 CE,31,1,1637778599,MCX:SILVER21NOV69750CE,11,20
797,SILVER 21 Nov 24 69750 PE,31,1,1637778599,MCX:SILVER21NOV69750PE,11,20
798,SILVER 21 Nov 24 70000 CE,31,1,1637778599,MCX:SILVER21NOV70000CE,11,20
799,SILVER 21 Nov 24 70000 PE,31,1,1637778599,MCX:SILVER21NOV70000PE,11,20
800,SILVER 21 Nov 24 70250 CE,31,1,1637778599,MCX:SILVER21NOV70250CE,11,20
801,SILVER 21 Nov 24 70250 PE,31,1,1637778599,MCX:SILVER21NOV70250PE,11,20
802,SILVER 21 Nov 24 70500 CE,31,1,1637778599,MCX:SILVER21NOV70500CE,11,20
803,SILVER 21 Nov 24 70500 PE,31,1,1637778599,MCX:SILVER21NOV70500PE,11,20
804,SILVER 21 Nov 24 70750 CE,31,1,1637778599,MCX:SILVER21NOV70750CE,11,20
805,SILVER 21 Nov 24 70750 PE,31,1,1637778599,MCX:SILVER21NOV70750PE,11,20
806,SILVER 21 Nov 24 71000 CE,31,1,1637778599,MCX:SILVER21NOV71000CE,11,20
807,SILVER 21 Nov 24 71000 PE,31,1,1637778599,MCX:SILVER21NOV71000PE,11,20
808,SILVER 21 Nov 24 71250 CE,31,1,1637778599,MCX:SILVER21NOV71250CE,11,20
809,SILVER 21 Nov 24 71250 PE,31,1,1637778599,MCX:SILVER21NOV71250PE,11,20
810,SILVER 21 Nov 24 71500 CE,31,1,1637778599,MCX:SILVER21NOV71500CE,11,20
811,SILVER 21 Nov 24 71500 PE,31,1,1637778599,MCX:SILVER21NOV71500PE,11,20
812,SILVER 21 Nov 24 71750 CE,31,1,1637778599,MCX:SILVER21NOV71750CE,11,20
813,SILVER 21 Nov 24 71750 PE,31,1,1637778599,MCX:SILVER21NOV71750PE,11,20
814,SILVER 21 Nov 24 72000 CE,31,1,1637778599,MCX:SILVER21NOV72000CE,11,20
815,SILVER 21 Nov 24 72000 PE,31,1,1637778599,MCX:SILVER21NOV72000PE,11,20
816,SILVER 21 Nov 24 72250 CE,31,1,1637778599,MCX:SILVER21NOV72250CE,11,20
817,SILVER 21 Nov 24 72250 PE,31,1,1637778599,MCX:SILVER21NOV72250PE,11,20
818,SILVER 21 Nov 24 72500 CE,31,1,1637778599,MCX:SILVER21NOV72500CE,11,20
819,SILVER 21 Nov 24 72500 PE,31,1,1637778599,MCX:SILVER21NOV72500PE,11,20
820,SILVER 21 Nov 24 72750 CE,31,1,1637778599,MCX:SILVER21NOV72750CE,11,20
821,SILVER 21 Nov 24 72750 PE,31,1,1637778599,MCX:SILVER21NOV72750PE,11,20
822,SILVER 21 Nov 24 73000 CE,31,1,1637778599,MCX:SILVER21NOV73000CE,11,20
823,SILVER 21 Nov 24 73000 PE,31,1,1637778599,MCX:SILVER21NOV73000PE,11,20
824,SILVER 21 Nov 24 73250 CE,31,1,1637778599,MCX:SILVER21NOV73250CE,11,20
825,SILVER 21 Nov 24 73250 PE,31,1,1637778599,MCX:SILVER21NOV73250PE,11,20
826,SILVER 21 Nov 24 73500 CE,31,1,1637778599,MCX:SILVER21NOV73500CE,11,20
827,SILVER 21 Nov 24 73500 PE,31,1,1637778599,MCX:SILVER21NOV73500PE,11,20
828,SILVER 21 Nov 24 73750 CE,31,1,1637778599,MCX:SILVER21NOV73750CE,11,20
829,SILVER 21 Nov 24 73750 PE,31,1,1637778599,MCX:SILVER21NOV73750PE,11,20
830,SILVER 21 Nov 24 74000 CE,31,1,1637778599,MCX:SILVER21NOV74000CE,11,20
831,SILVER 21 Nov 24 74000 PE,31,1,1637778599,MCX:SILVER21NOV74000PE,11,20
832,SILVER 21 Nov 24 74250 CE,31,1,1637778599,MCX:SILVER21NOV74250CE,11,20
833,SILVER 21 Nov 24 74250 PE,31,1,1637778599,MCX:SILVER21NOV74250PE,11,20
834,SILVER 21 Nov 24 74500 CE,31,1,1637778599,MCX:SILVER21NOV74500CE,11,20
835,SILVER 21 Nov 24 74500 PE,31,1,1637778599,MCX:SILVER21NOV74500PE,11,20
836,SILVER 21 Nov 24 74750 CE,31,1,1637778599,MCX:SILVER21NOV74750CE,11,20
837,SILVER 21 Nov 24 74750 PE,31,1,1637778599,MCX:SILVER21NOV74750PE,11,20
838,SILVER 21 Nov 24 75000 CE,31,1,1637778599,MCX:SILVER21NOV75000CE,11,20
839,SILVER 21 Nov 24 75000 PE,31,1,1637778599,MCX:SILVER21NOV75000PE,11,20
840,SILVER 21 Nov 24 75250 CE,31,1,1637778599,MCX:SILVER21NOV75250CE,11,20
841,SILVER 21 Nov 24 75250 PE,31,1,1637778599,MCX:SILVER21NOV75250PE,11,20
842,SILVER 21 Nov 24 75500 CE,31,1,1637778599,MCX:SILVER21NOV75500CE,11,20
843,SILVER 21 Nov 24 75500 PE,31,1,1637778599,MCX:SILVER21NOV75500PE,11,20
844,SILVER 21 Nov 24 75750 CE,31,1,1637778599,MCX:SILVER21NOV75750CE,11,20
845,SILVER 21 Nov 24 75750 PE,31,1,1637778599,MCX:SILVER21NOV75750PE,11,20
846,GOLD 21 Nov 24 52200 CE,31,1,1637778599,MCX:GOLD21NOV52200CE,11,20
847,GOLD 21 Nov 24 52200 PE,31,1,1637778599,MCX:GOLD21NOV52200PE,11,20
848,GOLD 21 Nov 24 52300 CE,31,1,1637778599,MCX:GOLD21NOV52300CE,11,20
849,GOLD 21 Nov 24 52300 PE,31,1,1637778599,MCX:GOLD21NOV52300PE,11,20
850,GOLD 21 Nov 24 52400 CE,31,1,1637778599,MCX:GOLD21NOV52400CE,11,20
851,GOLD 21 Nov 24 52400 PE,31,1,1637778599,MCX:GOLD21NOV52400PE,11,20
852,GOLD 21 Nov 24 52500 CE,31,1,1637778599,MCX:GOLD21NOV52500CE,11,20
853,GOLD 21 Nov 24 52500 PE,31,1,1637778599,MCX:GOLD21NOV52500PE,11,20
854,GOLD 21 Nov 24 52600 CE,31,1,1637778599,MCX:GOLD21NOV52600CE,11,20
855,GOLD 21 Nov 24 52600 PE,31,1,1637778599,MCX:GOLD21NOV52600PE,11,20
856,GOLD 21 Nov 24 52700 CE,31,1,1637778599,MCX:GOLD21NOV52700CE,11,20
857,GOLD 21 Nov 24 52700 PE,31,1,1637778599,MCX:GOLD21NOV52700PE,11,20
858,GOLD 21 Nov 24 52800 CE,31,1,1637778599,MCX:GOLD21NOV52800CE,11,20
859,GOLD 21 Nov 24 52800 PE,31,1,1637778599,MCX:GOLD21NOV52800PE,11,20
860,GOLD 21 Nov 24 52900 CE,31,1,1637778599,MCX:GOLD21NOV52900CE,11,20
861,GOLD 21 Nov 24 52900 PE,31,1,1637778599,MCX:GOLD21NOV52900PE,11,20
862,GOLD 21 Nov 24 53000 CE,31,1,1637778599,MCX:GOLD21NOV53000CE,11,20
863,GOLD 21 Nov 24 53000 PE,31,1,1637778599,MCX:GOLD21NOV53000PE,11,20
864,GOLD 21 Nov 24 53100 CE,31,1,1637778599,MCX:GOLD21NOV53100CE,11,20
865,GOLD 21 Nov 24 53100 PE,31,1,1637778599,MCX:GOLD21NOV53100PE,11,20
866,GOLD 21 Nov 24 53200 CE,31,1,1637778599,MCX:GOLD21NOV53200CE,11,20
867,GOLD 21 Nov 24 53200 PE,31,1,1637778599,MCX:GOLD21NOV53200PE,11,20
868,SILVER 21 Nov 24 76000 CE,31,1,1637778599,MCX:SILVER21NOV76000CE,11,20
869,SILVER 21 Nov 24 76000 PE,31,1,1637778599,MCX:SILVER21NOV76000PE,11,20
870,SILVER 21 Nov 24 76250 CE,31,1,1637778599,MCX:SILVER21NOV76250CE,11,20
871,SILVER 21 Nov 24 76250 PE,31,1,1637778599,MCX:SILVER21NOV76250PE,11,20
872,SILVER 21 Nov 24 76500 CE,31,1,1637778599,MCX:SILVER21NOV76500CE,11,20
873,SILVER 21 Nov 24 76500 PE,31,1,1637778599,MCX:SILVER21NOV76500PE,11,20
874,SILVER 21 Nov 24 76750 CE,31,1,1637778599,MCX:SILVER21NOV76750CE,11,20
875,SILVER 21 Nov 24 76750 PE,31,1,1637778599,MCX:SILVER21NOV76750PE,11,20
876,SILVER 21 Nov 24 77000 CE,31,1,1637778599,MCX:SILVER21NOV77000CE,11,20
877,SILVER 21 Nov 24 77000 PE,31,1,1637778599,MCX:SILVER21NOV77000PE,11,20
878,SILVER 21 Nov 24 77250 CE,31,1,1637778599,MCX:SILVER21NOV77250CE,11,20
879,SILVER 21 Nov 24 77250 PE,31,1,1637778599,MCX:SILVER21NOV77250PE,11,20
880,SILVER 21 Nov 24 77500 CE,31,1,1637778599,MCX:SILVER21NOV77500CE,11,20
881,SILVER 21 Nov 24 77500 PE,31,1,1637778599,MCX:SILVER21NOV77500PE,11,20
882,SILVER 21 Nov 24 77750 CE,31,1,1637778599,MCX:SILVER21NOV77750CE,11,20
883,SILVER 21 Nov 24 77750 PE,31,1,1637778599,MCX:SILVER21NOV77750PE,11,20
884,SILVER 21 Nov 24 78000 CE,31,1,1637778599,MCX:SILVER21NOV78000CE,11,20
885,SILVER 21 Nov 24 78000 PE,31,1,1637778599,MCX:SILVER21NOV78000PE,11,20
886,SILVER 21 Nov 24 78250 CE,31,1,1637778599,MCX:SILVER21NOV78250CE,11,20
887,SILVER 21 Nov 24 78250 PE,31,1,1637778599,MCX:SILVER21NOV78250PE,11,20
888,SILVER 21 Nov 24 78500 CE,31,1,1637778599,MCX:SILVER21NOV78500CE,11,20
889,SILVER 21 Nov 24 78500 PE,31,1,1637778599,MCX:SILVER21NOV78500PE,11,20
890,SILVER 21 Nov 24 78750 CE,31,1,1637778599,MCX:SILVER21NOV78750CE,11,20
891,SILVER 21 Nov 24 78750 PE,31,1,1637778599,MCX:SILVER21NOV78750PE,11,20
892,SILVER 21 Nov 24 79000 CE,31,1,1637778599,MCX:SILVER21NOV79000CE,11,20
893,SILVER 21 Nov 24 79000 PE,31,1,1637778599,MCX:SILVER21NOV79000PE,11,20
894,SILVER 21 Nov 24 79250 CE,31,1,1637778599,MCX:SILVER21NOV79250CE,11,20
895,SILVER 21 Nov 24 79250 PE,31,1,1637778599,MCX:SILVER21NOV79250PE,11,20
896,SILVER 21 Nov 24 79500 CE,31,1,1637778599,MCX:SILVER21NOV79500CE,11,20
897,SILVER 21 Nov 24 79500 PE,31,1,1637778599,MCX:SILVER21NOV79500PE,11,20
898,GOLD 21 Nov 24 53300 CE,31,1,1637778599,MCX:GOLD21NOV53300CE,11,20
899,GOLD 21 Nov 24 53300 PE,31,1,1637778599,MCX:GOLD21NOV53300PE,11,20
900,GOLD 21 Nov 24 53400 CE,31,1,1637778599,MCX:GOLD21NOV53400CE,11,20
901,GOLD 21 Nov 24 53400 PE,31,1,1637778599,MCX:GOLD21NOV53400PE,11,20
902,GOLD 21 Nov 24 53500 CE,31,1,1637778599,MCX:GOLD21NOV53500CE,11,20
903,GOLD 21 Nov 24 53500 PE,31,1,1637778599,MCX:GOLD21NOV53500PE,11,20
904,GOLD 21 Nov 24 53600 CE,31,1,1637778599,MCX:GOLD21NOV53600CE,11,20
905,GOLD 21 Nov 24 53600 PE,31,1,1637778599,MCX:GOLD21NOV53600PE,11,20
906,GOLD 21 Nov 24 53700 CE,31,1,1637778599,MCX:GOLD21NOV53700CE,11,20
907,GOLD 21 Nov 24 53700 PE,31,1,1637778599,MCX:GOLD21NOV53700PE,11,20
908,GOLD 21 Nov 24 53800 CE,31,1,1637778599,MCX:GOLD21NOV53800CE,11,20
909,GOLD 21 Nov 24 53800 PE,31,1,1637778599,MCX:GOLD21NOV53800PE,11,20
910,GOLD 21 Nov 24 53900 CE,31,1,1637778599,MCX:GOLD21NOV53900CE,11,20
911,GOLD 21 Nov 24 53900 PE,31,1,1637778599,MCX:GOLD21NOV53900PE,11,20
912,GOLD 21 Nov 24 54000 CE,31,1,1637778599,MCX:GOLD21NOV54000CE,11,20
913,GOLD 21 Nov 24 54000 PE,31,1,1637778599,MCX:GOLD21NOV54000PE,11,20
914,GOLD 21 Nov 24 54100 CE,31,1,1637778599,MCX:GOLD21NOV54100CE,11,20
915,GOLD 21 Nov 24 54100 PE,31,1,1637778599,MCX:GOLD21NOV54100PE,11,20
916,GOLD 21 Nov 24 54200 CE,31,1,1637778599,MCX:GOLD21NOV54200CE,11,20
917,GOLD 21 Nov 24 54200 PE,31,1,1637778599,MCX:GOLD21NOV54200PE,11,20
918,GOLD 21 Nov 24 54300 CE,31,1,1637778599,MCX:GOLD21NOV54300CE,11,20
919,GOLD 21 Nov 24 54300 PE,31,1,1637778599,MCX:GOLD21NOV54300PE,11,20
920,SILVER 21 Nov 24 79750 CE,31,1,1637778599,MCX:SILVER21NOV79750CE,11,20
921,SILVER 21 Nov 24 79750 PE,31,1,1637778599,MCX:SILVER21NOV79750PE,11,20
922,SILVER 21 Nov 24 80000 CE,31,1,1637778599,MCX:SILVER21NOV80000CE,11,20
923,SILVER 21 Nov 24 80000 PE,31,1,1637778599,MCX:SILVER21NOV80000PE,11,20
924,SILVER 21 Nov 24 80250 CE,31,1,1637778599,MCX:SILVER21NOV80250CE,11,20
925,SILVER 21 Nov 24 80250 PE,31,1,1637778599,MCX:SILVER21NOV80250PE,11,20
926,SILVER 21 Nov 24 80500 CE,31,1,1637778599,MCX:SILVER21NOV80500CE,11,20
927,SILVER 21 Nov 24 80500 PE,31,1,1637778599,MCX:SILVER21NOV80500PE,11,20
928,SILVER 21 Nov 24 80750 CE,31,1,1637778599,MCX:SILVER21NOV80750CE,11,20
929,SILVER 21 Nov 24 80750 PE,31,1,1637778599,MCX:SILVER21NOV80750PE,11,20
930,SILVER 21 Nov 24 81000 CE,31,1,1637778599,MCX:SILVER21NOV81000CE,11,20
931,SILVER 21 Nov 24 81000 PE,31,1,1637778599,MCX:SILVER21NOV81000PE,11,20
932,SILVER 21 Nov 24 81250 CE,31,1,1637778599,MCX:SILVER21NOV81250CE,11,20
933,SILVER 21 Nov 24 81250 PE,31,1,1637778599,MCX:SILVER21NOV81250PE,11,20
934,SILVER 21 Nov 24 81500 CE,31,1,1637778599,MCX:SILVER21NOV81500CE,11,20
935,SILVER 21 Nov 24 81500 PE,31,1,1637778599,MCX:SILVER21NOV81500PE,11,20
936,GOLD 21 Nov 24 46700 CE,31,1,1637778599,MCX:GOLD21NOV46700CE,11,20
937,GOLD 21 Nov 24 46700 PE,31,1,1637778599,MCX:GOLD21NOV46700PE,11,20
938,GOLD 21 Nov 24 46800 CE,31,1,1637778599,MCX:GOLD21NOV46800CE,11,20
939,GOLD 21 Nov 24 46800 PE,31,1,1637778599,MCX:GOLD21NOV46800PE,11,20
940,GOLD 21 Nov 24 46900 CE,31,1,1637778599,MCX:GOLD21NOV46900CE,11,20
941,GOLD 21 Nov 24 46900 PE,31,1,1637778599,MCX:GOLD21NOV46900PE,11,20
942,GOLD 21 Nov 24 47000 CE,31,1,1637778599,MCX:GOLD21NOV47000CE,11,20
943,GOLD 21 Nov 24 47000 PE,31,1,1637778599,MCX:GOLD21NOV47000PE,11,20
944,GOLD 21 Nov 24 46500 CE,31,1,1637778599,MCX:GOLD21NOV46500CE,11,20
945,GOLD 21 Nov 24 46500 PE,31,1,1637778599,MCX:GOLD21NOV46500PE,11,20
946,GOLD 21 Nov 24 46600 CE,31,1,1637778599,MCX:GOLD21NOV46600CE,11,20
947,GOLD 21 Nov 24 46600 PE,31,1,1637778599,MCX:GOLD21NOV46600PE,11,20
948,GOLD 21 Nov 24 46300 CE,31,1,1637778599,MCX:GOLD21NOV46300CE,11,20
949,GOLD 21 Nov 24 46300 PE,31,1,1637778599,MCX:GOLD21NOV46300PE,11,20
950,GOLD 21 Nov 24 46400 CE,31,1,1637778599,MCX:GOLD21NOV46400CE,11,20
951,GOLD 21 Nov 24 46400 PE,31,1,1637778599,MCX:GOLD21NOV46400PE,11,20
952,SILVER 21 Nov 24 81750 CE,31,1,1637778599,MCX:SILVER21NOV81750CE,11,20
953,SILVER 21 Nov 24 81750 PE,31,1,1637778599,MCX:SILVER21NOV81750PE,11,20
954,SILVER 21 Nov 24 82000 CE,31,1,1637778599,MCX:SILVER21NOV82000CE,11,20
955,SILVER 21 Nov 24 82000 PE,31,1,1637778599,MCX:SILVER21NOV82000PE,11,20
956,SILVER 21 Nov 24 82250 CE,31,1,1637778599,MCX:SILVER21NOV82250CE,11,20
957,SILVER 21 Nov 24 82250 PE,31,1,1637778599,MCX:SILVER21NOV82250PE,11,20
958,SILVER 21 Nov 24 82500 CE,31,1,1637778599,MCX:SILVER21NOV82500CE,11,20
959,SILVER 21 Nov 24 82500 PE,31,1,1637778599,MCX:SILVER21NOV82500PE,11,20
960,SILVER 21 Nov 24 82750 CE,31,1,1637778599,MCX:SILVER21NOV82750CE,11,20
961,SILVER 21 Nov 24 82750 PE,31,1,1637778599,MCX:SILVER21NOV82750PE,11,20
962,SILVER 21 Nov 24 83000 CE,31,1,1637778599,MCX:SILVER21NOV83000CE,11,20
963,SILVER 21 Nov 24 83000 PE,31,1,1637778599,MCX:SILVER21NOV83000PE,11,20
964,SILVER 21 Nov 24 83250 CE,31,1,1637778599,MCX:SILVER21NOV83250CE,11,20
965,SILVER 21 Nov 24 83250 PE,31,1,1637778599,MCX:SILVER21NOV83250PE,11,20
966,SILVER 21 Nov 24 83500 CE,31,1,1637778599,MCX:SILVER21NOV83500CE,11,20
967,SILVER 21 Nov 24 83500 PE,31,1,1637778599,MCX:SILVER21NOV83500PE,11,20
968,SILVER 21 Nov 24 83750 CE,31,1,1637778599,MCX:SILVER21NOV83750CE,11,20
969,SILVER 21 Nov 24 83750 PE,31,1,1637778599,MCX:SILVER21NOV83750PE,11,20
970,SILVER 21 Nov 24 84000 CE,31,1,1637778599,MCX:SILVER21NOV84000CE,11,20
971,SILVER 21 Nov 24 84000 PE,31,1,1637778599,MCX:SILVER21NOV84000PE,11,20
972,SILVER 21 Nov 24 84250 CE,31,1,1637778599,MCX:SILVER21NOV84250CE,11,20
973,SILVER 21 Nov 24 84250 PE,31,1,1637778599,MCX:SILVER21NOV84250PE,11,20
974,SILVER 21 Nov 24 84500 CE,31,1,1637778599,MCX:SILVER21NOV84500CE,11,20
975,SILVER 21 Nov 24 84500 PE,31,1,1637778599,MCX:SILVER21NOV84500PE,11,20
976,SILVER 21 Nov 24 84750 CE,31,1,1637778599,MCX:SILVER21NOV84750CE,11,20
977,SILVER 21 Nov 24 84750 PE,31,1,1637778599,MCX:SILVER21NOV84750PE,11,20
978,SILVER 21 Nov 24 85000 CE,31,1,1637778599,MCX:SILVER21NOV85000CE,11,20
979,SILVER 21 Nov 24 85000 PE,31,1,1637778599,MCX:SILVER21NOV85000PE,11,20
980,SILVER 21 Nov 24 85250 CE,31,1,1637778599,MCX:SILVER21NOV85250CE,11,20
981,SILVER 21 Nov 24 85250 PE,31,1,1637778599,MCX:SILVER21NOV85250PE,11,20
982,GOLD 21 Nov 24 45600 CE,31,1,1637778599,MCX:GOLD21NOV45600CE,11,20
983,GOLD 21 Nov 24 45600 PE,31,1,1637778599,MCX:GOLD21NOV45600PE,11,20
984,GOLD 21 Nov 24 45700 CE,31,1,1637778599,MCX:GOLD21NOV45700CE,11,20
985,GOLD 21 Nov 24 45700 PE,31,1,1637778599,MCX:GOLD21NOV45700PE,11,20
986,GOLD 21 Nov 24 45800 CE,31,1,1637778599,MCX:GOLD21NOV45800CE,11,20
987,GOLD 21 Nov 24 45800 PE,31,1,1637778599,MCX:GOLD21NOV45800PE,11,20
988,GOLD 21 Nov 24 45900 CE,31,1,1637778599,MCX:GOLD21NOV45900CE,11,20
989,GOLD 21 Nov 24 45900 PE,31,1,1637778599,MCX:GOLD21NOV45900PE,11,20
990,GOLD 21 Nov 24 46000 CE,31,1,1637778599,MCX:GOLD21NOV46000CE,11,20
991,GOLD 21 Nov 24 46000 PE,31,1,1637778599,MCX:GOLD21NOV46000PE,11,20
992,GOLD 21 Nov 24 46100 CE,31,1,1637778599,MCX:GOLD21NOV46100CE,11,20
993,GOLD 21 Nov 24 46100 PE,31,1,1637778599,MCX:GOLD21NOV46100PE,11,20
994,GOLD 21 Nov 24 46200 CE,31,1,1637778599,MCX:GOLD21NOV46200CE,11,20
995,GOLD 21 Nov 24 46200 PE,31,1,1637778599,MCX:GOLD21NOV46200PE,11,20
996,GOLD 21 Nov 24 43200 CE,31,1,1637778599,MCX:GOLD21NOV43200CE,11,20
997,GOLD 21 Nov 24 43200 PE,31,1,1637778599,MCX:GOLD21NOV43200PE,11,20
998,GOLD 21 Nov 24 43300 CE,31,1,1637778599,MCX:GOLD21NOV43300CE,11,20
999,GOLD 21 Nov 24 43300 PE,31,1,1637778599,MCX:GOLD21NOV43300PE,11,20
1000,GOLD 21 Nov 24 43400 CE,31,1,1637778599,MCX:GOLD21NOV43400CE,11,20
1001,GOLD 21 Nov 24 43400 PE,31,1,1637778599,MCX:GOLD21NOV43400PE,11,20
1002,GOLD 21 Nov 24 43500 CE,31,1,1637778599,MCX:GOLD21NOV43500CE,11,20
1003,GOLD 21 Nov 24 43500 PE,31,1,1637778599,MCX:GOLD21NOV43500PE,11,20
1004,GOLD 21 Nov 24 43600 CE,31,1,1637778599,MCX:GOLD21NOV43600CE,11,20
1005,GOLD 21 Nov 24 43600 PE,31,1,1637778599,MCX:GOLD21NOV43600PE,11,20
1006,GOLD 21 Nov 24 43700 CE,31,1,1637778599,MCX:GOLD21NOV43700CE,11,20
1007,GOLD 21 Nov 24 43700 PE,31,1,1637778599,MCX:GOLD21NOV43700PE,11,20
1008,GOLD 21 Nov 24 43800 CE,31,1,1637778599,MCX:GOLD21NOV43800CE,11,20
1009,GOLD 21 Nov 24 43800 PE,31,1,1637778599,MCX:GOLD21NOV43800PE,11,20
1010,GOLD 21 Nov 24 43900 CE,31,1,1637778599,MCX:GOLD21NOV43900CE,11,20
1011,GOLD 21 Nov 24 43900 PE,31,1,1637778599,MCX:GOLD21NOV43900PE,11,20
1012,GOLD 21 Nov 24 44000 CE,31,1,1637778599,MCX:GOLD21NOV44000CE,11,20
1013,GOLD 21 Nov 24 44000 PE,31,1,1637778599,MCX:GOLD21NOV44000PE,11,20
1014,GOLD 21 Nov 24 44100 CE,31,1,1637778599,MCX:GOLD21NOV44100CE,11,20
1015,GOLD 21 Nov 24 44100 PE,31,1,1637778599,MCX:GOLD21NOV44100PE,11,20
1016,GOLD 21 Nov 24 44200 CE,31,1,1637778599,MCX:GOLD21NOV44200CE,11,20
1017,GOLD 21 Nov 24 44200 PE,31,1,1637778599,MCX:GOLD21NOV44200PE,11,20
1018,GOLD 21 Nov 24 44300 CE,31,1,1637778599,MCX:GOLD21NOV44300CE,11,20
1019,GOLD 21 Nov 24 44300 PE,31,1,1637778599,MCX:GOLD21NOV44300PE,11,20
1020,GOLD 21 Nov 24 44400 CE,31,1,1637778599,MCX:GOLD21NOV44400CE,11,20
1021,GOLD 21 Nov 24 44400 PE,31,1,1637778599,MCX:GOLD21NOV44400PE,11,20
1022,GOLD 21 Nov 24 44500 CE,31,1,1637778599,MCX:GOLD21NOV44500CE,11,20
1023,GOLD 21 Nov 24 44500 PE,31,1,1637778599,MCX:GOLD21NOV44500PE,11,20
1024,GOLD 21 Nov 24 44600 CE,31,1,1637778599,MCX:GOLD21NOV44600CE,11,20
1025,GOLD 21 Nov 24 44600 PE,31,1,1637778599,MCX:GOLD21NOV44600PE,11,20
1026,GOLD 21 Nov 24 44700 CE,31,1,1637778599,MCX:GOLD21NOV44700CE,11,20
1027,GOLD 21 Nov 24 44700 PE,31,1,1637778599,MCX:GOLD21NOV44700PE,11,20
1028,GOLD 21 Nov 24 44800 CE,31,1,1637778599,MCX:GOLD21NOV44800CE,11,20
1029,GOLD 21 Nov 24 44800 PE,31,1,1637778599,MCX:GOLD21NOV44800PE,11,20
1030,GOLD 21 Nov 24 44900 CE,31,1,1637778599,MCX:GOLD21NOV44900CE,11,20
1031,GOLD 21 Nov 24 44900 PE,31,1,1637778599,MCX:GOLD21NOV44900PE,11,20
1032,GOLD 21 Nov 24 45000 CE,31,1,1637778599,MCX:GOLD21NOV45000CE,11,20
1033,GOLD 21 Nov 24 45000 PE,31,1,1637778599,MCX:GOLD21NOV45000PE,11,20
1034,GOLD 21 Nov 24 45100 CE,31,1,1637778599,MCX:GOLD21NOV45100CE,11,20
1035,GOLD 21 Nov 24 45100 PE,31,1,1637778599,MCX:GOLD21NOV45100PE,11,20
1036,GOLD 21 Nov 24 45200 CE,31,1,1637778599,MCX:GOLD21NOV45200CE,11,20
1037,GOLD 21 Nov 24 45200 PE,31,1,1637778599,MCX:GOLD21NOV45200PE,11,20
1038,GOLD 21 Nov 24 45300 CE,31,1,1637778599,MCX:GOLD21NOV45300CE,11,20
1039,GOLD 21 Nov 24 45300 PE,31,1,1637778599,MCX:GOLD21NOV45300PE,11,20
1040,GOLD 21 Nov 24 45400 CE,31,1,1637778599,MCX:GOLD21NOV45400CE,11,20
1041,GOLD 21 Nov 24 45400 PE,31,1,1637778599,MCX:GOLD21NOV45400PE,11,20
1042,GOLD 21 Nov 24 45500 CE,31,1,1637778599,MCX:GOLD21NOV45500CE,11,20
1043,GOLD 21 Nov 24 45500 PE,31,1,1637778599,MCX:GOLD21NOV45500PE,11,20
1044,GOLD 21 Nov 24 43100 CE,31,1,1637778599,MCX:GOLD21NOV43100CE,11,20
1045,GOLD 21 Nov 24 43100 PE,31,1,1637778599,MCX:GOLD21NOV43100PE,11,20
1046,GOLD 21 Nov 24 42800 CE,31,1,1637778599,MCX:GOLD21NOV42800CE,11,20
1047,GOLD 21 Nov 24 42800 PE,31,1,1637778599,MCX:GOLD21NOV42800PE,11,20
1048,GOLD 21 Nov 24 42900 CE,31,1,1637778599,MCX:GOLD21NOV42900CE,11,20
1049,GOLD 21 Nov 24 42900 PE,31,1,1637778599,MCX:GOLD21NOV42900PE,11,20
1050,GOLD 21 Nov 24 43000 CE,31,1,1637778599,MCX:GOLD21NOV43000CE,11,20
1051,GOLD 21 Nov 24 43000 PE,31,1,1637778599,MCX:GOLD21NOV43000PE,11,20
1052,SILVER 21 Nov 24 61250 CE,31,1,1637778599,MCX:SILVER21NOV61250CE,11,20
1053,SILVER 21 Nov 24 61250 PE,31,1,1637778599,MCX:SILVER21NOV61250PE,11,20
1054,SILVER 21 Nov 24 61500 CE,31,1,1637778599,MCX:SILVER21NOV61500CE,11,20
1055,SILVER 21 Nov 24 61500 PE,31,1,1637778599,MCX:SILVER21NOV61500PE,11,20
1056,GOLD 21 Nov 24 42600 CE,31,1,1637778599,MCX:GOLD21NOV42600CE,11,20
1057,GOLD 21 Nov 24 42600 PE,31,1,1637778599,MCX:GOLD21NOV42600PE,11,20
1058,GOLD 21 Nov 24 42700 CE,31,1,1637778599,MCX:GOLD21NOV42700CE,11,20
1059,GOLD 21 Nov 24 42700 PE,31,1,1637778599,MCX:GOLD21NOV42700PE,11,20
1060,SILVER 21 Nov 24 60000 CE,31,1,1637778599,MCX:SILVER21NOV60000CE,11,20
1061,SILVER 21 Nov 24 60000 PE,31,1,1637778599,MCX:SILVER21NOV60000PE,11,20
1062,SILVER 21 Nov 24 60250 CE,31,1,1637778599,MCX:SILVER21NOV60250CE,11,20
1063,SILVER 21 Nov 24 60250 PE,31,1,1637778599,MCX:SILVER21NOV60250PE,11,20
1064,SILVER 21 Nov 24 60500 CE,31,1,1637778599,MCX:SILVER21NOV60500CE,11,20
1065,SILVER 21 Nov 24 60500 PE,31,1,1637778599,MCX:SILVER21NOV60500PE,11,20
1066,SILVER 21 Nov 24 60750 CE,31,1,1637778599,MCX:SILVER21NOV60750CE,11,20
1067,SILVER 21 Nov 24 60750 PE,31,1,1637778599,MCX:SILVER21NOV60750PE,11,20
1068,SILVER 21 Nov 24 61000 CE,31,1,1637778599,MCX:SILVER21NOV61000CE,11,20
1069,SILVER 21 Nov 24 61000 PE,31,1,1637778599,MCX:SILVER21NOV61000PE,11,20
1070,SILVER 21 Nov 24 59500 CE,31,1,1637778599,MCX:SILVER21NOV59500CE,11,20
1071,SILVER 21 Nov 24 59500 PE,31,1,1637778599,MCX:SILVER21NOV59500PE,11,20
1072,SILVER 21 Nov 24 59750 CE,31,1,1637778599,MCX:SILVER21NOV59750CE,11,20
1073,SILVER 21 Nov 24 59750 PE,31,1,1637778599,MCX:SILVER21NOV59750PE,11,20
1074,SILVER 21 Nov 24 57250 CE,31,1,1637778599,MCX:SILVER21NOV57250CE,11,20
1075,SILVER 21 Nov 24 57250 PE,31,1,1637778599,MCX:SILVER21NOV57250PE,11,20
1076,SILVER 21 Nov 24 57500 CE,31,1,1637778599,MCX:SILVER21NOV57500CE,11,20
1077,SILVER 21 Nov 24 57500 PE,31,1,1637778599,MCX:SILVER21NOV57500PE,11,20
1078,SILVER 21 Nov 24 57750 CE,31,1,1637778599,MCX:SILVER21NOV57750CE,11,20
1079,SILVER 21 Nov 24 57750 PE,31,1,1637778599,MCX:SILVER21NOV57750PE,11,20
1080,SILVER 21 Nov 24 58000 CE,31,1,1637778599,MCX:SILVER21NOV58000CE,11,20
1081,SILVER 21 Nov 24 58000 PE,31,1,1637778599,MCX:SILVER21NOV58000PE,11,20
1082,SILVER 21 Nov 24 58250 CE,31,1,1637778599,MCX:SILVER21NOV58250CE,11,20
1083,SILVER 21 Nov 24 58250 PE,31,1,1637778599,MCX:SILVER21NOV58250PE,11,20
1084,SILVER 21 Nov 24 58500 CE,31,1,1637778599,MCX:SILVER21NOV58500CE,11,20
1085,SILVER 21 Nov 24 58500 PE,31,1,1637778599,MCX:SILVER21NOV58500PE,11,20
1086,SILVER 21 Nov 24 58750 CE,31,1,1637778599,MCX:SILVER21NOV58750CE,11,20
1087,SILVER 21 Nov 24 58750 PE,31,1,1637778599,MCX:SILVER21NOV58750PE,11,20
1088,SILVER 21 Nov 24 59000 CE,31,1,1637778599,MCX:SILVER21NOV59000CE,11,20
1089,SILVER 21 Nov 24 59000 PE,31,1,1637778599,MCX:SILVER21NOV59000PE,11,20
1090,SILVER 21 Nov 24 59250 CE,31,1,1637778599,MCX:SILVER21NOV59250CE,11,20
1091,SILVER 21 Nov 24 59250 PE,31,1,1637778599,MCX:SILVER21NOV59250PE,11,20
1092,SILVER 21 Nov 24 56250 CE,31,1,1637778599,MCX:SILVER21NOV56250CE,11,20
1093,SILVER 21 Nov 24 56250 PE,31,1,1637778599,MCX:SILVER21NOV56250PE,11,20
1094,SILVER 21 Nov 24 56500 CE,31,1,1637778599,MCX:SILVER21NOV56500CE,11,20
1095,SILVER 21 Nov 24 56500 PE,31,1,1637778599,MCX:SILVER21NOV56500PE,11,20
1096,SILVER 21 Nov 24 56750 CE,31,1,1637778599,MCX:SILVER21NOV56750CE,11,20
1097,SILVER 21 Nov 24 56750 PE,31,1,1637778599,MCX:SILVER21NOV56750PE,11,20
1098,SILVER 21 Nov 24 57000 CE,31,1,1637778599,MCX:SILVER21NOV57000CE,11,20
1099,SILVER 21 Nov 24 57000 PE,31,1,1637778599,MCX:SILVER21NOV57000PE,11,20
1100,MCXBULLDEX 21 Nov 24 FUT,11,1,1637778599,MCX:MCXBULLDEX21NOVFUT,11,20
1101,NATURALGAS 21 Nov 24 FUT,30,1,1637778599,MCX:NATURALGAS21NOVFUT,11,20
1102,SILVER 21 Nov 24 54750 CE,31,1,1637778599,MCX:SILVER21NOV54750CE,11,20
1103,SILVER 21 Nov 24 54750 PE,31,1,1637778599,MCX:SILVER21NOV54750PE,11,20
1104,SILVER 21 Nov 24 55000 CE,31,1,1637778599,MCX:SILVER21NOV55000CE,11,20
1105,SILVER 21 Nov 24 55000 PE,31,1,1637778599,MCX:SILVER21NOV55000PE,11,20
1106,SILVER 21 Nov 24 55250 CE,31,1,1637778599,MCX:SILVER21NOV55250CE,11,20
1107,SILVER 21 Nov 24 55250 PE,31,1,1637778599,MCX:SILVER21NOV55250PE,11,20
1108,SILVER 21 Nov 24 55500 CE,31,1,1637778599,MCX:SILVER21NOV55500CE,11,20
1109,SILVER 21 Nov 24 55500 PE,31,1,1637778599,MCX:SILVER21NOV55500PE,11,20
1110,SILVER 21 Nov 24 55750 CE,31,1,1637778599,MCX:SILVER21NOV55750CE,11,20
1111,SILVER 21 Nov 24 55750 PE,31,1,1637778599,MCX:SILVER21NOV55750PE,11,20
1112,SILVER 21 Nov 24 56000 CE,31,1,1637778599,MCX:SILVER21NOV56000CE,11,20
1113,SILVER 21 Nov 24 56000 PE,31,1,1637778599,MCX:SILVER21NOV56000PE,11,20
1114,SILVER 21 Nov 24 53750 CE,31,1,1637778599,MCX:SILVER21NOV53750CE,11,20
1115,SILVER 21 Nov 24 53750 PE,31,1,1637778599,MCX:SILVER21NOV53750PE,11,20
1116,SILVER 21 Nov 24 54000 CE,31,1,1637778599,MCX:SILVER21NOV54000CE,11,20
1117,SILVER 21 Nov 24 54000 PE,31,1,1637778599,MCX:SILVER21NOV54000PE,11,20
1118,SILVER 21 Nov 24 54250 CE,31,1,1637778599,MCX:SILVER21NOV54250CE,11,20
1119,SILVER 21 Nov 24 54250 PE,31,1,1637778599,MCX:SILVER21NOV54250PE,11,20
1120,SILVER 21 Nov 24 54500 CE,31,1,1637778599,MCX:SILVER21NOV54500CE,11,20
1121,SILVER 21 Nov 24 54500 PE,31,1,1637778599,MCX:SILVER21NOV54500PE,11,20
1122,SILVER 21 Nov 24 53250 CE,31,1,1637778599,MCX:SILVER21NOV53250CE,11,20
1123,SILVER 21 Nov 24 53250 PE,31,1,1637778599,MCX:SILVER21NOV53250PE,11,20
1124,SILVER 21 Nov 24 53500 CE,31,1,1637778599,MCX:SILVER21NOV53500CE,11,20
1125,SILVER 21 Nov 24 53500 PE,31,1,1637778599,MCX:SILVER21NOV53500PE,11,20
1126,SILVER 21 Nov 24 52250 CE,31,1,1637778599,MCX:SILVER21NOV52250CE,11,20
1127,SILVER 21 Nov 24 52250 PE,31,1,1637778599,MCX:SILVER21NOV52250PE,11,20
1128,SILVER 21 Nov 24 52500 CE,31,1,1637778599,MCX:SILVER21NOV52500CE,11,20
1129,SILVER 21 Nov 24 52500 PE,31,1,1637778599,MCX:SILVER21NOV52500PE,11,20
1130,SILVER 21 Nov 24 52750 CE,31,1,1637778599,MCX:SILVER21NOV52750CE,11,20
1131,SILVER 21 Nov 24 52750 PE,31,1,1637778599,MCX:SILVER21NOV52750PE,11,20
1132,SILVER 21 Nov 24 53000 CE,31,1,1637778599,MCX:SILVER21NOV53000CE,11,20
1133,SILVER 21 Nov 24 53000 PE,31,1,1637778599,MCX:SILVER21NOV53000PE,11,20
1134,SILVERM 21 Nov 30 FUT,30,1,1638296999,MCX:SILVERM21NOVFUT,11,20
1135,KAPAS 21 Nov 30 FUT,30,1,1638296999,MCX:KAPAS21NOVFUT,11,20
1136,SILVERMIC 21 Nov 30 FUT,30,1,1638296999,MCX:SILVERMIC21NOVFUT,11,20
1137,COTTON 21 Nov 30 FUT,30,1,1638296999,MCX:COTTON21NOVFUT,11,20
1138,MENTHAOIL 21 Nov 30 FUT,30,1,1638296999,MCX:MENTHAOIL21NOVFUT,11,20
1139,COPPER 21 Nov 30 FUT,30,1,1638296999,MCX:COPPER21NOVFUT,11,20
1140,ZINC 21 Nov 30 FUT,30,1,1638296999,MCX:ZINC21NOVFUT,11,20
1141,ALUMINIUM 21 Nov 30 FUT,30,1,1638296999,MCX:ALUMINIUM21NOVFUT,11,20
1142,CPO 21 Nov 30 FUT,30,1,1638296999,MCX:CPO21NOVFUT,11,20
1143,LEAD 21 Nov 30 FUT,30,1,1638296999,MCX:LEAD21NOVFUT,11,20
1144,NICKEL 21 Nov 30 FUT,30,1,1638296999,MCX:NICKEL21NOVFUT,11,20
1145,RUBBER 21 Nov 30 FUT,30,1,1638296999,MCX:RUBBER21NOVFUT,11,20
1146,GOLDGUINEA 21 Nov 30 FUT,30,1,1638296999,MCX:GOLDGUINEA21NOVFUT,11,20
1147,GOLDPETAL 21 Nov 30 FUT,30,1,1638296999,MCX:GOLDPETAL21NOVFUT,11,20
1148,GOLD 21 Dec 03 FUT,30,1,1638556199,MCX:GOLD21DECFUT,11,20
1149,SILVER 21 Dec 03 FUT,30,1,1638556199,MCX:SILVER21DECFUT,11,20
1150,GOLDM 21 Dec 03 FUT,30,1,1638556199,MCX:GOLDM21DECFUT,11,20
1151,MCXENRGDEX 21 Dec 08 FUT,11,1,1638988199,MCX:MCXENRGDEX21DECFUT,11,20
1152,CRUDEOIL 21 Dec 15 4450 CE,31,1,1639592999,MCX:CRUDEOIL21DEC4450CE,11,20
1153,CRUDEOIL 21 Dec 15 4450 PE,31,1,1639592999,MCX:CRUDEOIL21DEC4450PE,11,20
1154,CRUDEOIL 21 Dec 15 4500 CE,31,1,1639592999,MCX:CRUDEOIL21DEC4500CE,11,20
1155,CRUDEOIL 21 Dec 15 4500 PE,31,1,1639592999,MCX:CRUDEOIL21DEC4500PE,11,20
1156,CRUDEOIL 21 Dec 15 4550 CE,31,1,1639592999,MCX:CRUDEOIL21DEC4550CE,11,20
1157,CRUDEOIL 21 Dec 15 4550 PE,31,1,1639592999,MCX:CRUDEOIL21DEC4550PE,11,20
1158,CRUDEOIL 21 Dec 15 4600 CE,31,1,1639592999,MCX:CRUDEOIL21DEC4600CE,11,20
1159,CRUDEOIL 21 Dec 15 4600 PE,31,1,1639592999,MCX:CRUDEOIL21DEC4600PE,11,20
1160,CRUDEOIL 21 Dec 15 4650 CE,31,1,1639592999,MCX:CRUDEOIL21DEC4650CE,11,20
1161,CRUDEOIL 21 Dec 15 4650 PE,31,1,1639592999,MCX:CRUDEOIL21DEC4650PE,11,20
1162,CRUDEOIL 21 Dec 15 4700 CE,31,1,1639592999,MCX:CRUDEOIL21DEC4700CE,11,20
1163,CRUDEOIL 21 Dec 15 4700 PE,31,1,1639592999,MCX:CRUDEOIL21DEC4700PE,11,20
1164,CRUDEOIL 21 Dec 15 4750 CE,31,1,1639592999,MCX:CRUDEOIL21DEC4750CE,11,20
1165,CRUDEOIL 21 Dec 15 4750 PE,31,1,1639592999,MCX:CRUDEOIL21DEC4750PE,11,20
1166,CRUDEOIL 21 Dec 15 4800 CE,31,1,1639592999,MCX:CRUDEOIL21DEC4800CE,11,20
1167,CRUDEOIL 21 Dec 15 4800 PE,31,1,1639592999,MCX:CRUDEOIL21DEC4800PE,11,20
1168,CRUDEOIL 21 Dec 15 4850 CE,31,1,1639592999,MCX:CRUDEOIL21DEC4850CE,11,20
1169,CRUDEOIL 21 Dec 15 4850 PE,31,1,1639592999,MCX:CRUDEOIL21DEC4850PE,11,20
1170,CRUDEOIL 21 Dec 15 4900 CE,31,1,1639592999,MCX:CRUDEOIL21DEC4900CE,11,20
1171,CRUDEOIL 21 Dec 15 4900 PE,31,1,1639592999,MCX:CRUDEOIL21DEC4900PE,11,20
1172,CRUDEOIL 21 Dec 15 4950 CE,31,1,1639592999,MCX:CRUDEOIL21DEC4950CE,11,20
1173,CRUDEOIL 21 Dec 15 4950 PE,31,1,1639592999,MCX:CRUDEOIL21DEC4950PE,11,20
1174,CRUDEOIL 21 Dec 15 5000 CE,31,1,1639592999,MCX:CRUDEOIL21DEC5000CE,11,20
1175,CRUDEOIL 21 Dec 15 5000 PE,31,1,1639592999,MCX:CRUDEOIL21DEC5000PE,11,20
1176,CRUDEOIL 21 Dec 15 5050 CE,31,1,1639592999,MCX:CRUDEOIL21DEC5050CE,11,20
1177,CRUDEOIL 21 Dec 15 5050 PE,31,1,1639592999,MCX:CRUDEOIL21DEC5050PE,11,20
1178,CRUDEOIL 21 Dec 15 5100 CE,31,1,1639592999,MCX:CRUDEOIL21DEC5100CE,11,20
1179,CRUDEOIL 21 Dec 15 5100 PE,31,1,1639592999,MCX:CRUDEOIL21DEC5100PE,11,20
1180,CRUDEOIL 21 Dec 15 5150 CE,31,1,1639592999,MCX:CRUDEOIL21DEC5150CE,11,20
1181,CRUDEOIL 21 Dec 15 5150 PE,31,1,1639592999,MCX:CRUDEOIL21DEC5150PE,11,20
1182,CRUDEOIL 21 Dec 15 5200 CE,31,1,1639592999,MCX:CRUDEOIL21DEC5200CE,11,20
1183,CRUDEOIL 21 Dec 15 5200 PE,31,1,1639592999,MCX:CRUDEOIL21DEC5200PE,11,20
1184,CRUDEOIL 21 Dec 15 5250 CE,31,1,1639592999,MCX:CRUDEOIL21DEC5250CE,11,20
1185,CRUDEOIL 21 Dec 15 5250 PE,31,1,1639592999,MCX:CRUDEOIL21DEC5250PE,11,20
1186,CRUDEOIL 21 Dec 15 5300 CE,31,1,1639592999,MCX:CRUDEOIL21DEC5300CE,11,20
1187,CRUDEOIL 21 Dec 15 5300 PE,31,1,1639592999,MCX:CRUDEOIL21DEC5300PE,11,20
1188,CRUDEOIL 21 Dec 15 5350 CE,31,1,1639592999,MCX:CRUDEOIL21DEC5350CE,11,20
1189,CRUDEOIL 21 Dec 15 5350 PE,31,1,1639592999,MCX:CRUDEOIL21DEC5350PE,11,20
1190,CRUDEOIL 21 Dec 15 5400 CE,31,1,1639592999,MCX:CRUDEOIL21DEC5400CE,11,20
1191,CRUDEOIL 21 Dec 15 5400 PE,31,1,1639592999,MCX:CRUDEOIL21DEC5400PE,11,20
1192,CRUDEOIL 21 Dec 15 5450 CE,31,1,1639592999,MCX:CRUDEOIL21DEC5450CE,11,20
1193,CRUDEOIL 21 Dec 15 5450 PE,31,1,1639592999,MCX:CRUDEOIL21DEC5450PE,11,20
1194,CRUDEOIL 21 Dec 15 5500 CE,31,1,1639592999,MCX:CRUDEOIL21DEC5500CE,11,20
1195,CRUDEOIL 21 Dec 15 5500 PE,31,1,1639592999,MCX:CRUDEOIL21DEC5500PE,11,20
1196,CRUDEOIL 21 Dec 15 5550 CE,31,1,1639592999,MCX:CRUDEOIL21DEC5550CE,11,20
1197,CRUDEOIL 21 Dec 15 5550 PE,31,1,1639592999,MCX:CRUDEOIL21DEC5550PE,11,20
1198,CRUDEOIL 21 Dec 15 5600 CE,31,1,1639592999,MCX:CRUDEOIL21DEC5600CE,11,20
1199,CRUDEOIL 21 Dec 15 5600 PE,31,1,1639592999,MCX:CRUDEOIL21DEC5600PE,11,20
1200,CRUDEOIL 21 Dec 15 5650 CE,31,1,1639592999,MCX:CRUDEOIL21DEC5650CE,11,20
1201,CRUDEOIL 21 Dec 15 5650 PE,31,1,1639592999,MCX:CRUDEOIL21DEC5650PE,11,20
1202,CRUDEOIL 21 Dec 15 5700 CE,31,1,1639592999,MCX:CRUDEOIL21DEC5700CE,11,20
1203,CRUDEOIL 21 Dec 15 5700 PE,31,1,1639592999,MCX:CRUDEOIL21DEC5700PE,11,20
1204,CRUDEOIL 21 Dec 15 5750 CE,31,1,1639592999,MCX:CRUDEOIL21DEC5750CE,11,20
1205,CRUDEOIL 21 Dec 15 5750 PE,31,1,1639592999,MCX:CRUDEOIL21DEC5750PE,11,20
1206,CRUDEOIL 21 Dec 15 5800 CE,31,1,1639592999,MCX:CRUDEOIL21DEC5800CE,11,20
1207,CRUDEOIL 21 Dec 15 5800 PE,31,1,1639592999,MCX:CRUDEOIL21DEC5800PE,11,20
1208,CRUDEOIL 21 Dec 15 5850 CE,31,1,1639592999,MCX:CRUDEOIL21DEC5850CE,11,20
1209,CRUDEOIL 21 Dec 15 5850 PE,31,1,1639592999,MCX:CRUDEOIL21DEC5850PE,11,20
1210,CRUDEOIL 21 Dec 15 5900 CE,31,1,1639592999,MCX:CRUDEOIL21DEC5900CE,11,20
1211,CRUDEOIL 21 Dec 15 5900 PE,31,1,1639592999,MCX:CRUDEOIL21DEC5900PE,11,20
1212,CRUDEOIL 21 Dec 15 5950 CE,31,1,1639592999,MCX:CRUDEOIL21DEC5950CE,11,20
1213,CRUDEOIL 21 Dec 15 5950 PE,31,1,1639592999,MCX:CRUDEOIL21DEC5950PE,11,20
1214,CRUDEOIL 21 Dec 15 6000 CE,31,1,1639592999,MCX:CRUDEOIL21DEC6000CE,11,20
1215,CRUDEOIL 21 Dec 15 6000 PE,31,1,1639592999,MCX:CRUDEOIL21DEC6000PE,11,20
1216,CRUDEOIL 21 Dec 15 6050 CE,31,1,1639592999,MCX:CRUDEOIL21DEC6050CE,11,20
1217,CRUDEOIL 21 Dec 15 6050 PE,31,1,1639592999,MCX:CRUDEOIL21DEC6050PE,11,20
1218,CRUDEOIL 21 Dec 15 6100 CE,31,1,1639592999,MCX:CRUDEOIL21DEC6100CE,11,20
1219,CRUDEOIL 21 Dec 15 6100 PE,31,1,1639592999,MCX:CRUDEOIL21DEC6100PE,11,20
1220,CRUDEOIL 21 Dec 15 6150 CE,31,1,1639592999,MCX:CRUDEOIL21DEC6150CE,11,20
1221,CRUDEOIL 21 Dec 15 6150 PE,31,1,1639592999,MCX:CRUDEOIL21DEC6150PE,11,20
1222,CRUDEOIL 21 Dec 15 6200 CE,31,1,1639592999,MCX:CRUDEOIL21DEC6200CE,11,20
1223,CRUDEOIL 21 Dec 15 6200 PE,31,1,1639592999,MCX:CRUDEOIL21DEC6200PE,11,20
1224,CRUDEOIL 21 Dec 15 6250 CE,31,1,1639592999,MCX:CRUDEOIL21DEC6250CE,11,20
1225,CRUDEOIL 21 Dec 15 6250 PE,31,1,1639592999,MCX:CRUDEOIL21DEC6250PE,11,20
1226,CRUDEOIL 21 Dec 15 6300 CE,31,1,1639592999,MCX:CRUDEOIL21DEC6300CE,11,20
1227,CRUDEOIL 21 Dec 15 6300 PE,31,1,1639592999,MCX:CRUDEOIL21DEC6300PE,11,20
1228,CRUDEOIL 21 Dec 15 6350 CE,31,1,1639592999,MCX:CRUDEOIL21DEC6350CE,11,20
1229,CRUDEOIL 21 Dec 15 6350 PE,31,1,1639592999,MCX:CRUDEOIL21DEC6350PE,11,20
1230,CRUDEOIL 21 Dec 15 6400 CE,31,1,1639592999,MCX:CRUDEOIL21DEC6400CE,11,20
1231,CRUDEOIL 21 Dec 15 6400 PE,31,1,1639592999,MCX:CRUDEOIL21DEC6400PE,11,20
1232,CRUDEOIL 21 Dec 15 6450 CE,31,1,1639592999,MCX:CRUDEOIL21DEC6450CE,11,20
1233,CRUDEOIL 21 Dec 15 6450 PE,31,1,1639592999,MCX:CRUDEOIL21DEC6450PE,11,20
1234,CRUDEOIL 21 Dec 15 6500 CE,31,1,1639592999,MCX:CRUDEOIL21DEC6500CE,11,20
1235,CRUDEOIL 21 Dec 15 6500 PE,31,1,1639592999,MCX:CRUDEOIL21DEC6500PE,11,20
1236,CRUDEOIL 21 Dec 15 6550 CE,31,1,1639592999,MCX:CRUDEOIL21DEC6550CE,11,20
1237,CRUDEOIL 21 Dec 15 6550 PE,31,1,1639592999,MCX:CRUDEOIL21DEC6550PE,11,20
1238,CRUDEOIL 21 Dec 15 6600 CE,31,1,1639592999,MCX:CRUDEOIL21DEC6600CE,11,20
1239,CRUDEOIL 21 Dec 15 6600 PE,31,1,1639592999,MCX:CRUDEOIL21DEC6600PE,11,20
1240,CRUDEOIL 21 Dec 15 6650 CE,31,1,1639592999,MCX:CRUDEOIL21DEC6650CE,11,20
1241,CRUDEOIL 21 Dec 15 6650 PE,31,1,1639592999,MCX:CRUDEOIL21DEC6650PE,11,20
1242,CRUDEOIL 21 Dec 15 6700 CE,31,1,1639592999,MCX:CRUDEOIL21DEC6700CE,11,20
1243,CRUDEOIL 21 Dec 15 6700 PE,31,1,1639592999,MCX:CRUDEOIL21DEC6700PE,11,20
1244,CRUDEOIL 21 Dec 15 6750 CE,31,1,1639592999,MCX:CRUDEOIL21DEC6750CE,11,20
1245,CRUDEOIL 21 Dec 15 6750 PE,31,1,1639592999,MCX:CRUDEOIL21DEC6750PE,11,20
1246,CRUDEOIL 21 Dec 15 6800 CE,31,1,1639592999,MCX:CRUDEOIL21DEC6800CE,11,20
1247,CRUDEOIL 21 Dec 15 6800 PE,31,1,1639592999,MCX:CRUDEOIL21DEC6800PE,11,20
1248,CRUDEOIL 21 Dec 15 6850 CE,31,1,1639592999,MCX:CRUDEOIL21DEC6850CE,11,20
1249,CRUDEOIL 21 Dec 15 6850 PE,31,1,1639592999,MCX:CRUDEOIL21DEC6850PE,11,20
1250,CRUDEOIL 21 Dec 15 6900 CE,31,1,1639592999,MCX:CRUDEOIL21DEC6900CE,11,20
1251,CRUDEOIL 21 Dec 15 6900 PE,31,1,1639592999,MCX:CRUDEOIL21DEC6900PE,11,20
1252,CRUDEOIL 21 Dec 15 6950 CE,31,1,1639592999,MCX:CRUDEOIL21DEC6950CE,11,20
1253,CRUDEOIL 21 Dec 15 6950 PE,31,1,1639592999,MCX:CRUDEOIL21DEC6950PE,11,20
1254,CRUDEOIL 21 Dec 15 7000 CE,31,1,1639592999,MCX:CRUDEOIL21DEC7000CE,11,20
1255,CRUDEOIL 21 Dec 15 7000 PE,31,1,1639592999,MCX:CRUDEOIL21DEC7000PE,11,20
1256,CRUDEOIL 21 Dec 17 FUT,30,1,1639765799,MCX:CRUDEOIL21DECFUT,11,20
1257,COPPER 21 Dec 22 690 CE,31,1,1640197799,MCX:COPPER21DEC690CE,11,20
1258,COPPER 21 Dec 22 690 PE,31,1,1640197799,MCX:COPPER21DEC690PE,11,20
1259,COPPER 21 Dec 22 695 CE,31,1,1640197799,MCX:COPPER21DEC695CE,11,20
1260,COPPER 21 Dec 22 695 PE,31,1,1640197799,MCX:COPPER21DEC695PE,11,20
1261,COPPER 21 Dec 22 700 CE,31,1,1640197799,MCX:COPPER21DEC700CE,11,20
1262,COPPER 21 Dec 22 700 PE,31,1,1640197799,MCX:COPPER21DEC700PE,11,20
1263,COPPER 21 Dec 22 705 CE,31,1,1640197799,MCX:COPPER21DEC705CE,11,20
1264,COPPER 21 Dec 22 705 PE,31,1,1640197799,MCX:COPPER21DEC705PE,11,20
1265,COPPER 21 Dec 22 710 CE,31,1,1640197799,MCX:COPPER21DEC710CE,11,20
1266,COPPER 21 Dec 22 710 PE,31,1,1640197799,MCX:COPPER21DEC710PE,11,20
1267,COPPER 21 Dec 22 715 CE,31,1,1640197799,MCX:COPPER21DEC715CE,11,20
1268,COPPER 21 Dec 22 715 PE,31,1,1640197799,MCX:COPPER21DEC715PE,11,20
1269,COPPER 21 Dec 22 720 CE,31,1,1640197799,MCX:COPPER21DEC720CE,11,20
1270,COPPER 21 Dec 22 720 PE,31,1,1640197799,MCX:COPPER21DEC720PE,11,20
1271,COPPER 21 Dec 22 725 CE,31,1,1640197799,MCX:COPPER21DEC725CE,11,20
1272,COPPER 21 Dec 22 725 PE,31,1,1640197799,MCX:COPPER21DEC725PE,11,20
1273,COPPER 21 Dec 22 730 CE,31,1,1640197799,MCX:COPPER21DEC730CE,11,20
1274,COPPER 21 Dec 22 730 PE,31,1,1640197799,MCX:COPPER21DEC730PE,11,20
1275,COPPER 21 Dec 22 735 CE,31,1,1640197799,MCX:COPPER21DEC735CE,11,20
1276,COPPER 21 Dec 22 735 PE,31,1,1640197799,MCX:COPPER21DEC735PE,11,20
1277,COPPER 21 Dec 22 740 CE,31,1,1640197799,MCX:COPPER21DEC740CE,11,20
1278,COPPER 21 Dec 22 740 PE,31,1,1640197799,MCX:COPPER21DEC740PE,11,20
1279,COPPER 21 Dec 22 745 CE,31,1,1640197799,MCX:COPPER21DEC745CE,11,20
1280,COPPER 21 Dec 22 745 PE,31,1,1640197799,MCX:COPPER21DEC745PE,11,20
1281,COPPER 21 Dec 22 750 CE,31,1,1640197799,MCX:COPPER21DEC750CE,11,20
1282,COPPER 21 Dec 22 750 PE,31,1,1640197799,MCX:COPPER21DEC750PE,11,20
1283,COPPER 21 Dec 22 755 CE,31,1,1640197799,MCX:COPPER21DEC755CE,11,20
1284,COPPER 21 Dec 22 755 PE,31,1,1640197799,MCX:COPPER21DEC755PE,11,20
1285,COPPER 21 Dec 22 760 CE,31,1,1640197799,MCX:COPPER21DEC760CE,11,20
1286,COPPER 21 Dec 22 760 PE,31,1,1640197799,MCX:COPPER21DEC760PE,11,20
1287,ZINC 21 Dec 22 217.5 CE,31,1,1640197799,MCX:ZINC21DEC217.5CE,11,20
1288,ZINC 21 Dec 22 217.5 PE,31,1,1640197799,MCX:ZINC21DEC217.5PE,11,20
1289,ZINC 21 Dec 22 220 CE,31,1,1640197799,MCX:ZINC21DEC220CE,11,20
1290,ZINC 21 Dec 22 220 PE,31,1,1640197799,MCX:ZINC21DEC220PE,11,20
1291,ZINC 21 Dec 22 222.5 CE,31,1,1640197799,MCX:ZINC21DEC222.5CE,11,20
1292,ZINC 21 Dec 22 222.5 PE,31,1,1640197799,MCX:ZINC21DEC222.5PE,11,20
1293,ZINC 21 Dec 22 225 CE,31,1,1640197799,MCX:ZINC21DEC225CE,11,20
1294,ZINC 21 Dec 22 225 PE,31,1,1640197799,MCX:ZINC21DEC225PE,11,20
1295,ZINC 21 Dec 22 227.5 CE,31,1,1640197799,MCX:ZINC21DEC227.5CE,11,20
1296,ZINC 21 Dec 22 227.5 PE,31,1,1640197799,MCX:ZINC21DEC227.5PE,11,20
1297,ZINC 21 Dec 22 230 CE,31,1,1640197799,MCX:ZINC21DEC230CE,11,20
1298,ZINC 21 Dec 22 230 PE,31,1,1640197799,MCX:ZINC21DEC230PE,11,20
1299,ZINC 21 Dec 22 232.5 CE,31,1,1640197799,MCX:ZINC21DEC232.5CE,11,20
1300,ZINC 21 Dec 22 232.5 PE,31,1,1640197799,MCX:ZINC21DEC232.5PE,11,20
1301,ZINC 21 Dec 22 235 CE,31,1,1640197799,MCX:ZINC21DEC235CE,11,20
1302,ZINC 21 Dec 22 235 PE,31,1,1640197799,MCX:ZINC21DEC235PE,11,20
1303,ZINC 21 Dec 22 237.5 CE,31,1,1640197799,MCX:ZINC21DEC237.5CE,11,20
1304,ZINC 21 Dec 22 237.5 PE,31,1,1640197799,MCX:ZINC21DEC237.5PE,11,20
1305,ZINC 21 Dec 22 240 CE,31,1,1640197799,MCX:ZINC21DEC240CE,11,20
1306,ZINC 21 Dec 22 240 PE,31,1,1640197799,MCX:ZINC21DEC240PE,11,20
1307,ZINC 21 Dec 22 242.5 CE,31,1,1640197799,MCX:ZINC21DEC242.5CE,11,20
1308,ZINC 21 Dec 22 242.5 PE,31,1,1640197799,MCX:ZINC21DEC242.5PE,11,20
1309,ZINC 21 Dec 22 245 CE,31,1,1640197799,MCX:ZINC21DEC245CE,11,20
1310,ZINC 21 Dec 22 245 PE,31,1,1640197799,MCX:ZINC21DEC245PE,11,20
1311,ZINC 21 Dec 22 247.5 CE,31,1,1640197799,MCX:ZINC21DEC247.5CE,11,20
1312,ZINC 21 Dec 22 247.5 PE,31,1,1640197799,MCX:ZINC21DEC247.5PE,11,20
1313,ZINC 21 Dec 22 250 CE,31,1,1640197799,MCX:ZINC21DEC250CE,11,20
1314,ZINC 21 Dec 22 250 PE,31,1,1640197799,MCX:ZINC21DEC250PE,11,20
1315,ZINC 21 Dec 22 252.5 CE,31,1,1640197799,MCX:ZINC21DEC252.5CE,11,20
1316,ZINC 21 Dec 22 252.5 PE,31,1,1640197799,MCX:ZINC21DEC252.5PE,11,20
1317,COPPER 21 Dec 22 680 CE,31,1,1640197799,MCX:COPPER21DEC680CE,11,20
1318,COPPER 21 Dec 22 680 PE,31,1,1640197799,MCX:COPPER21DEC680PE,11,20
1319,COPPER 21 Dec 22 685 CE,31,1,1640197799,MCX:COPPER21DEC685CE,11,20
1320,COPPER 21 Dec 22 685 PE,31,1,1640197799,MCX:COPPER21DEC685PE,11,20
1321,ZINC 21 Dec 22 255 CE,31,1,1640197799,MCX:ZINC21DEC255CE,11,20
1322,ZINC 21 Dec 22 255 PE,31,1,1640197799,MCX:ZINC21DEC255PE,11,20
1323,ZINC 21 Dec 22 257.5 CE,31,1,1640197799,MCX:ZINC21DEC257.5CE,11,20
1324,ZINC 21 Dec 22 257.5 PE,31,1,1640197799,MCX:ZINC21DEC257.5PE,11,20
1325,ZINC 21 Dec 22 260 CE,31,1,1640197799,MCX:ZINC21DEC260CE,11,20
1326,ZINC 21 Dec 22 260 PE,31,1,1640197799,MCX:ZINC21DEC260PE,11,20
1327,COPPER 21 Dec 22 765 CE,31,1,1640197799,MCX:COPPER21DEC765CE,11,20
1328,COPPER 21 Dec 22 765 PE,31,1,1640197799,MCX:COPPER21DEC765PE,11,20
1329,COPPER 21 Dec 22 770 CE,31,1,1640197799,MCX:COPPER21DEC770CE,11,20
1330,COPPER 21 Dec 22 770 PE,31,1,1640197799,MCX:COPPER21DEC770PE,11,20
1331,COPPER 21 Dec 22 775 CE,31,1,1640197799,MCX:COPPER21DEC775CE,11,20
1332,COPPER 21 Dec 22 775 PE,31,1,1640197799,MCX:COPPER21DEC775PE,11,20
1333,ZINC 21 Dec 22 262.5 CE,31,1,1640197799,MCX:ZINC21DEC262.5CE,11,20
1334,ZINC 21 Dec 22 262.5 PE,31,1,1640197799,MCX:ZINC21DEC262.5PE,11,20
1335,MCXMETLDEX 21 Dec 22 FUT,11,1,1640197799,MCX:MCXMETLDEX21DECFUT,11,20
1336,COPPER 21 Dec 22 665 CE,31,1,1640197799,MCX:COPPER21DEC665CE,11,20
1337,COPPER 21 Dec 22 665 PE,31,1,1640197799,MCX:COPPER21DEC665PE,11,20
1338,COPPER 21 Dec 22 670 CE,31,1,1640197799,MCX:COPPER21DEC670CE,11,20
1339,COPPER 21 Dec 22 670 PE,31,1,1640197799,MCX:COPPER21DEC670PE,11,20
1340,COPPER 21 Dec 22 675 CE,31,1,1640197799,MCX:COPPER21DEC675CE,11,20
1341,COPPER 21 Dec 22 675 PE,31,1,1640197799,MCX:COPPER21DEC675PE,11,20
1342,ZINC 21 Dec 22 215 CE,31,1,1640197799,MCX:ZINC21DEC215CE,11,20
1343,ZINC 21 Dec 22 215 PE,31,1,1640197799,MCX:ZINC21DEC215PE,11,20
1344,ZINC 21 Dec 22 265 CE,31,1,1640197799,MCX:ZINC21DEC265CE,11,20
1345,ZINC 21 Dec 22 265 PE,31,1,1640197799,MCX:ZINC21DEC265PE,11,20
1346,ZINC 21 Dec 22 267.5 CE,31,1,1640197799,MCX:ZINC21DEC267.5CE,11,20
1347,ZINC 21 Dec 22 267.5 PE,31,1,1640197799,MCX:ZINC21DEC267.5PE,11,20
1348,ZINC 21 Dec 22 270 CE,31,1,1640197799,MCX:ZINC21DEC270CE,11,20
1349,ZINC 21 Dec 22 270 PE,31,1,1640197799,MCX:ZINC21DEC270PE,11,20
1350,ZINC 21 Dec 22 272.5 CE,31,1,1640197799,MCX:ZINC21DEC272.5CE,11,20
1351,ZINC 21 Dec 22 272.5 PE,31,1,1640197799,MCX:ZINC21DEC272.5PE,11,20
1352,ZINC 21 Dec 22 275 CE,31,1,1640197799,MCX:ZINC21DEC275CE,11,20
1353,ZINC 21 Dec 22 275 PE,31,1,1640197799,MCX:ZINC21DEC275PE,11,20
1354,ZINC 21 Dec 22 277.5 CE,31,1,1640197799,MCX:ZINC21DEC277.5CE,11,20
1355,ZINC 21 Dec 22 277.5 PE,31,1,1640197799,MCX:ZINC21DEC277.5PE,11,20
1356,COPPER 21 Dec 22 780 CE,31,1,1640197799,MCX:COPPER21DEC780CE,11,20
1357,COPPER 21 Dec 22 780 PE,31,1,1640197799,MCX:COPPER21DEC780PE,11,20
1358,ZINC 21 Dec 22 280 CE,31,1,1640197799,MCX:ZINC21DEC280CE,11,20
1359,ZINC 21 Dec 22 280 PE,31,1,1640197799,MCX:ZINC21DEC280PE,11,20
1360,ZINC 21 Dec 22 282.5 CE,31,1,1640197799,MCX:ZINC21DEC282.5CE,11,20
1361,ZINC 21 Dec 22 282.5 PE,31,1,1640197799,MCX:ZINC21DEC282.5PE,11,20
1362,ZINC 21 Dec 22 285 CE,31,1,1640197799,MCX:ZINC21DEC285CE,11,20
1363,ZINC 21 Dec 22 285 PE,31,1,1640197799,MCX:ZINC21DEC285PE,11,20
1364,COPPER 21 Dec 22 785 CE,31,1,1640197799,MCX:COPPER21DEC785CE,11,20
1365,COPPER 21 Dec 22 785 PE,31,1,1640197799,MCX:COPPER21DEC785PE,11,20
1366,COPPER 21 Dec 22 790 CE,31,1,1640197799,MCX:COPPER21DEC790CE,11,20
1367,COPPER 21 Dec 22 790 PE,31,1,1640197799,MCX:COPPER21DEC790PE,11,20
1368,COPPER 21 Dec 22 795 CE,31,1,1640197799,MCX:COPPER21DEC795CE,11,20
1369,COPPER 21 Dec 22 795 PE,31,1,1640197799,MCX:COPPER21DEC795PE,11,20
1370,ZINC 21 Dec 22 287.5 CE,31,1,1640197799,MCX:ZINC21DEC287.5CE,11,20
1371,ZINC 21 Dec 22 287.5 PE,31,1,1640197799,MCX:ZINC21DEC287.5PE,11,20
1372,ZINC 21 Dec 22 290 CE,31,1,1640197799,MCX:ZINC21DEC290CE,11,20
1373,ZINC 21 Dec 22 290 PE,31,1,1640197799,MCX:ZINC21DEC290PE,11,20
1374,ZINC 21 Dec 22 292.5 CE,31,1,1640197799,MCX:ZINC21DEC292.5CE,11,20
1375,ZINC 21 Dec 22 292.5 PE,31,1,1640197799,MCX:ZINC21DEC292.5PE,11,20
1376,COPPER 21 Dec 22 800 CE,31,1,1640197799,MCX:COPPER21DEC800CE,11,20
1377,COPPER 21 Dec 22 800 PE,31,1,1640197799,MCX:COPPER21DEC800PE,11,20
1378,COPPER 21 Dec 22 805 CE,31,1,1640197799,MCX:COPPER21DEC805CE,11,20
1379,COPPER 21 Dec 22 805 PE,31,1,1640197799,MCX:COPPER21DEC805PE,11,20
1380,COPPER 21 Dec 22 810 CE,31,1,1640197799,MCX:COPPER21DEC810CE,11,20
1381,COPPER 21 Dec 22 810 PE,31,1,1640197799,MCX:COPPER21DEC810PE,11,20
1382,ZINC 21 Dec 22 295 CE,31,1,1640197799,MCX:ZINC21DEC295CE,11,20
1383,ZINC 21 Dec 22 295 PE,31,1,1640197799,MCX:ZINC21DEC295PE,11,20
1384,ZINC 21 Dec 22 297.5 CE,31,1,1640197799,MCX:ZINC21DEC297.5CE,11,20
1385,ZINC 21 Dec 22 297.5 PE,31,1,1640197799,MCX:ZINC21DEC297.5PE,11,20
1386,ZINC 21 Dec 22 300 CE,31,1,1640197799,MCX:ZINC21DEC300CE,11,20
1387,ZINC 21 Dec 22 300 PE,31,1,1640197799,MCX:ZINC21DEC300PE,11,20
1388,ZINC 21 Dec 22 302.5 CE,31,1,1640197799,MCX:ZINC21DEC302.5CE,11,20
1389,ZINC 21 Dec 22 302.5 PE,31,1,1640197799,MCX:ZINC21DEC302.5PE,11,20
1390,ZINC 21 Dec 22 305 CE,31,1,1640197799,MCX:ZINC21DEC305CE,11,20
1391,ZINC 21 Dec 22 305 PE,31,1,1640197799,MCX:ZINC21DEC305PE,11,20
1392,COPPER 21 Dec 22 815 CE,31,1,1640197799,MCX:COPPER21DEC815CE,11,20
1393,COPPER 21 Dec 22 815 PE,31,1,1640197799,MCX:COPPER21DEC815PE,11,20
1394,COPPER 21 Dec 22 820 CE,31,1,1640197799,MCX:COPPER21DEC820CE,11,20
1395,COPPER 21 Dec 22 820 PE,31,1,1640197799,MCX:COPPER21DEC820PE,11,20
1396,COPPER 21 Dec 22 825 CE,31,1,1640197799,MCX:COPPER21DEC825CE,11,20
1397,COPPER 21 Dec 22 825 PE,31,1,1640197799,MCX:COPPER21DEC825PE,11,20
1398,COPPER 21 Dec 22 830 CE,31,1,1640197799,MCX:COPPER21DEC830CE,11,20
1399,COPPER 21 Dec 22 830 PE,31,1,1640197799,MCX:COPPER21DEC830PE,11,20
1400,ZINC 21 Dec 22 307.5 CE,31,1,1640197799,MCX:ZINC21DEC307.5CE,11,20
1401,ZINC 21 Dec 22 307.5 PE,31,1,1640197799,MCX:ZINC21DEC307.5PE,11,20
1402,ZINC 21 Dec 22 310 CE,31,1,1640197799,MCX:ZINC21DEC310CE,11,20
1403,ZINC 21 Dec 22 310 PE,31,1,1640197799,MCX:ZINC21DEC310PE,11,20
1404,ZINC 21 Dec 22 312.5 CE,31,1,1640197799,MCX:ZINC21DEC312.5CE,11,20
1405,ZINC 21 Dec 22 312.5 PE,31,1,1640197799,MCX:ZINC21DEC312.5PE,11,20
1406,ZINC 21 Dec 22 315 CE,31,1,1640197799,MCX:ZINC21DEC315CE,11,20
1407,ZINC 21 Dec 22 315 PE,31,1,1640197799,MCX:ZINC21DEC315PE,11,20
1408,ZINC 21 Dec 22 317.5 CE,31,1,1640197799,MCX:ZINC21DEC317.5CE,11,20
1409,ZINC 21 Dec 22 317.5 PE,31,1,1640197799,MCX:ZINC21DEC317.5PE,11,20
1410,ZINC 21 Dec 22 320 CE,31,1,1640197799,MCX:ZINC21DEC320CE,11,20
1411,ZINC 21 Dec 22 320 PE,31,1,1640197799,MCX:ZINC21DEC320PE,11,20
1412,ZINC 21 Dec 22 322.5 CE,31,1,1640197799,MCX:ZINC21DEC322.5CE,11,20
1413,ZINC 21 Dec 22 322.5 PE,31,1,1640197799,MCX:ZINC21DEC322.5PE,11,20
1414,ZINC 21 Dec 22 325 CE,31,1,1640197799,MCX:ZINC21DEC325CE,11,20
1415,ZINC 21 Dec 22 325 PE,31,1,1640197799,MCX:ZINC21DEC325PE,11,20
1416,ZINC 21 Dec 22 327.5 CE,31,1,1640197799,MCX:ZINC21DEC327.5CE,11,20
1417,ZINC 21 Dec 22 327.5 PE,31,1,1640197799,MCX:ZINC21DEC327.5PE,11,20
1418,MCXBULLDEX 21 Dec 24 FUT,11,1,1640370599,MCX:MCXBULLDEX21DECFUT,11,20
1419,NATURALGAS 21 Dec 28 FUT,30,1,1640716199,MCX:NATURALGAS21DECFUT,11,20
1420,COTTON 21 Dec 31 FUT,30,1,1640975399,MCX:COTTON21DECFUT,11,20
1421,MENTHAOIL 21 Dec 31 FUT,30,1,1640975399,MCX:MENTHAOIL21DECFUT,11,20
1422,ALUMINIUM 21 Dec 31 FUT,30,1,1640975399,MCX:ALUMINIUM21DECFUT,11,20
1423,COPPER 21 Dec 31 FUT,30,1,1640975399,MCX:COPPER21DECFUT,11,20
1424,CPO 21 Dec 31 FUT,30,1,1640975399,MCX:CPO21DECFUT,11,20
1425,RUBBER 21 Dec 31 FUT,30,1,1640975399,MCX:RUBBER21DECFUT,11,20
1426,LEAD 21 Dec 31 FUT,30,1,1640975399,MCX:LEAD21DECFUT,11,20
1427,NICKEL 21 Dec 31 FUT,30,1,1640975399,MCX:NICKEL21DECFUT,11,20
1428,ZINC 21 Dec 31 FUT,30,1,1640975399,MCX:ZINC21DECFUT,11,20
1429,GOLDGUINEA 21 Dec 31 FUT,30,1,1640975399,MCX:GOLDGUINEA21DECFUT,11,20
1430,GOLDPETAL 21 Dec 31 FUT,30,1,1640975399,MCX:GOLDPETAL21DECFUT,11,20
1431,GOLDM 22 Jan 05 FUT,30,1,1641407399,MCX:GOLDM22JANFUT,11,20
1432,MCXENRGDEX 22 Jan 10 FUT,11,1,1641839399,MCX:MCXENRGDEX22JANFUT,11,20
1433,CRUDEOIL 22 Jan 17 5400 CE,31,1,1642444199,MCX:CRUDEOIL22JAN5400CE,11,20
1434,CRUDEOIL 22 Jan 17 5400 PE,31,1,1642444199,MCX:CRUDEOIL22JAN5400PE,11,20
1435,CRUDEOIL 22 Jan 17 5450 CE,31,1,1642444199,MCX:CRUDEOIL22JAN5450CE,11,20
1436,CRUDEOIL 22 Jan 17 5450 PE,31,1,1642444199,MCX:CRUDEOIL22JAN5450PE,11,20
1437,CRUDEOIL 22 Jan 17 5500 CE,31,1,1642444199,MCX:CRUDEOIL22JAN5500CE,11,20
1438,CRUDEOIL 22 Jan 17 5500 PE,31,1,1642444199,MCX:CRUDEOIL22JAN5500PE,11,20
1439,CRUDEOIL 22 Jan 17 5550 CE,31,1,1642444199,MCX:CRUDEOIL22JAN5550CE,11,20
1440,CRUDEOIL 22 Jan 17 5550 PE,31,1,1642444199,MCX:CRUDEOIL22JAN5550PE,11,20
1441,CRUDEOIL 22 Jan 17 5600 CE,31,1,1642444199,MCX:CRUDEOIL22JAN5600CE,11,20
1442,CRUDEOIL 22 Jan 17 5600 PE,31,1,1642444199,MCX:CRUDEOIL22JAN5600PE,11,20
1443,CRUDEOIL 22 Jan 17 5650 CE,31,1,1642444199,MCX:CRUDEOIL22JAN5650CE,11,20
1444,CRUDEOIL 22 Jan 17 5650 PE,31,1,1642444199,MCX:CRUDEOIL22JAN5650PE,11,20
1445,CRUDEOIL 22 Jan 17 5700 CE,31,1,1642444199,MCX:CRUDEOIL22JAN5700CE,11,20
1446,CRUDEOIL 22 Jan 17 5700 PE,31,1,1642444199,MCX:CRUDEOIL22JAN5700PE,11,20
1447,CRUDEOIL 22 Jan 17 5750 CE,31,1,1642444199,MCX:CRUDEOIL22JAN5750CE,11,20
1448,CRUDEOIL 22 Jan 17 5750 PE,31,1,1642444199,MCX:CRUDEOIL22JAN5750PE,11,20
1449,CRUDEOIL 22 Jan 17 5800 CE,31,1,1642444199,MCX:CRUDEOIL22JAN5800CE,11,20
1450,CRUDEOIL 22 Jan 17 5800 PE,31,1,1642444199,MCX:CRUDEOIL22JAN5800PE,11,20
1451,CRUDEOIL 22 Jan 17 5850 CE,31,1,1642444199,MCX:CRUDEOIL22JAN5850CE,11,20
1452,CRUDEOIL 22 Jan 17 5850 PE,31,1,1642444199,MCX:CRUDEOIL22JAN5850PE,11,20
1453,CRUDEOIL 22 Jan 17 5900 CE,31,1,1642444199,MCX:CRUDEOIL22JAN5900CE,11,20
1454,CRUDEOIL 22 Jan 17 5900 PE,31,1,1642444199,MCX:CRUDEOIL22JAN5900PE,11,20
1455,CRUDEOIL 22 Jan 17 5950 CE,31,1,1642444199,MCX:CRUDEOIL22JAN5950CE,11,20
1456,CRUDEOIL 22 Jan 17 5950 PE,31,1,1642444199,MCX:CRUDEOIL22JAN5950PE,11,20
1457,CRUDEOIL 22 Jan 17 6000 CE,31,1,1642444199,MCX:CRUDEOIL22JAN6000CE,11,20
1458,CRUDEOIL 22 Jan 17 6000 PE,31,1,1642444199,MCX:CRUDEOIL22JAN6000PE,11,20
1459,CRUDEOIL 22 Jan 17 6050 CE,31,1,1642444199,MCX:CRUDEOIL22JAN6050CE,11,20
1460,CRUDEOIL 22 Jan 17 6050 PE,31,1,1642444199,MCX:CRUDEOIL22JAN6050PE,11,20
1461,CRUDEOIL 22 Jan 17 6100 CE,31,1,1642444199,MCX:CRUDEOIL22JAN6100CE,11,20
1462,CRUDEOIL 22 Jan 17 6100 PE,31,1,1642444199,MCX:CRUDEOIL22JAN6100PE,11,20
1463,CRUDEOIL 22 Jan 17 6150 CE,31,1,1642444199,MCX:CRUDEOIL22JAN6150CE,11,20
1464,CRUDEOIL 22 Jan 17 6150 PE,31,1,1642444199,MCX:CRUDEOIL22JAN6150PE,11,20
1465,CRUDEOIL 22 Jan 17 6200 CE,31,1,1642444199,MCX:CRUDEOIL22JAN6200CE,11,20
1466,CRUDEOIL 22 Jan 17 6200 PE,31,1,1642444199,MCX:CRUDEOIL22JAN6200PE,11,20
1467,CRUDEOIL 22 Jan 17 6250 CE,31,1,1642444199,MCX:CRUDEOIL22JAN6250CE,11,20
1468,CRUDEOIL 22 Jan 17 6250 PE,31,1,1642444199,MCX:CRUDEOIL22JAN6250PE,11,20
1469,CRUDEOIL 22 Jan 17 6300 CE,31,1,1642444199,MCX:CRUDEOIL22JAN6300CE,11,20
1470,CRUDEOIL 22 Jan 17 6300 PE,31,1,1642444199,MCX:CRUDEOIL22JAN6300PE,11,20
1471,CRUDEOIL 22 Jan 17 6350 CE,31,1,1642444199,MCX:CRUDEOIL22JAN6350CE,11,20
1472,CRUDEOIL 22 Jan 17 6350 PE,31,1,1642444199,MCX:CRUDEOIL22JAN6350PE,11,20
1473,CRUDEOIL 22 Jan 17 6400 CE,31,1,1642444199,MCX:CRUDEOIL22JAN6400CE,11,20
1474,CRUDEOIL 22 Jan 17 6400 PE,31,1,1642444199,MCX:CRUDEOIL22JAN6400PE,11,20
1475,CRUDEOIL 22 Jan 17 6450 CE,31,1,1642444199,MCX:CRUDEOIL22JAN6450CE,11,20
1476,CRUDEOIL 22 Jan 17 6450 PE,31,1,1642444199,MCX:CRUDEOIL22JAN6450PE,11,20
1477,CRUDEOIL 22 Jan 17 6500 CE,31,1,1642444199,MCX:CRUDEOIL22JAN6500CE,11,20
1478,CRUDEOIL 22 Jan 17 6500 PE,31,1,1642444199,MCX:CRUDEOIL22JAN6500PE,11,20
1479,CRUDEOIL 22 Jan 17 6550 CE,31,1,1642444199,MCX:CRUDEOIL22JAN6550CE,11,20
1480,CRUDEOIL 22 Jan 17 6550 PE,31,1,1642444199,MCX:CRUDEOIL22JAN6550PE,11,20
1481,CRUDEOIL 22 Jan 17 6600 CE,31,1,1642444199,MCX:CRUDEOIL22JAN6600CE,11,20
1482,CRUDEOIL 22 Jan 17 6600 PE,31,1,1642444199,MCX:CRUDEOIL22JAN6600PE,11,20
1483,CRUDEOIL 22 Jan 17 6650 CE,31,1,1642444199,MCX:CRUDEOIL22JAN6650CE,11,20
1484,CRUDEOIL 22 Jan 17 6650 PE,31,1,1642444199,MCX:CRUDEOIL22JAN6650PE,11,20
1485,CRUDEOIL 22 Jan 17 6700 CE,31,1,1642444199,MCX:CRUDEOIL22JAN6700CE,11,20
1486,CRUDEOIL 22 Jan 17 6700 PE,31,1,1642444199,MCX:CRUDEOIL22JAN6700PE,11,20
1487,CRUDEOIL 22 Jan 17 6750 CE,31,1,1642444199,MCX:CRUDEOIL22JAN6750CE,11,20
1488,CRUDEOIL 22 Jan 17 6750 PE,31,1,1642444199,MCX:CRUDEOIL22JAN6750PE,11,20
1489,CRUDEOIL 22 Jan 17 6800 CE,31,1,1642444199,MCX:CRUDEOIL22JAN6800CE,11,20
1490,CRUDEOIL 22 Jan 17 6800 PE,31,1,1642444199,MCX:CRUDEOIL22JAN6800PE,11,20
1491,CRUDEOIL 22 Jan 17 6850 CE,31,1,1642444199,MCX:CRUDEOIL22JAN6850CE,11,20
1492,CRUDEOIL 22 Jan 17 6850 PE,31,1,1642444199,MCX:CRUDEOIL22JAN6850PE,11,20
1493,CRUDEOIL 22 Jan 17 6900 CE,31,1,1642444199,MCX:CRUDEOIL22JAN6900CE,11,20
1494,CRUDEOIL 22 Jan 17 6900 PE,31,1,1642444199,MCX:CRUDEOIL22JAN6900PE,11,20
1495,CRUDEOIL 22 Jan 17 5350 CE,31,1,1642444199,MCX:CRUDEOIL22JAN5350CE,11,20
1496,CRUDEOIL 22 Jan 17 5350 PE,31,1,1642444199,MCX:CRUDEOIL22JAN5350PE,11,20
1497,CRUDEOIL 22 Jan 17 5250 CE,31,1,1642444199,MCX:CRUDEOIL22JAN5250CE,11,20
1498,CRUDEOIL 22 Jan 17 5250 PE,31,1,1642444199,MCX:CRUDEOIL22JAN5250PE,11,20
1499,CRUDEOIL 22 Jan 17 5300 CE,31,1,1642444199,MCX:CRUDEOIL22JAN5300CE,11,20
1500,CRUDEOIL 22 Jan 17 5300 PE,31,1,1642444199,MCX:CRUDEOIL22JAN5300PE,11,20
1501,CRUDEOIL 22 Jan 17 6950 CE,31,1,1642444199,MCX:CRUDEOIL22JAN6950CE,11,20
1502,CRUDEOIL 22 Jan 17 6950 PE,31,1,1642444199,MCX:CRUDEOIL22JAN6950PE,11,20
1503,CRUDEOIL 22 Jan 19 FUT,30,1,1642616999,MCX:CRUDEOIL22JANFUT,11,20
1504,COPPER 22 Jan 19 665 CE,31,1,1642616999,MCX:COPPER22JAN665CE,11,20
1505,COPPER 22 Jan 19 665 PE,31,1,1642616999,MCX:COPPER22JAN665PE,11,20
1506,COPPER 22 Jan 19 670 CE,31,1,1642616999,MCX:COPPER22JAN670CE,11,20
1507,COPPER 22 Jan 19 670 PE,31,1,1642616999,MCX:COPPER22JAN670PE,11,20
1508,COPPER 22 Jan 19 675 CE,31,1,1642616999,MCX:COPPER22JAN675CE,11,20
1509,COPPER 22 Jan 19 675 PE,31,1,1642616999,MCX:COPPER22JAN675PE,11,20
1510,COPPER 22 Jan 19 680 CE,31,1,1642616999,MCX:COPPER22JAN680CE,11,20
1511,COPPER 22 Jan 19 680 PE,31,1,1642616999,MCX:COPPER22JAN680PE,11,20
1512,COPPER 22 Jan 19 685 CE,31,1,1642616999,MCX:COPPER22JAN685CE,11,20
1513,COPPER 22 Jan 19 685 PE,31,1,1642616999,MCX:COPPER22JAN685PE,11,20
1514,COPPER 22 Jan 19 690 CE,31,1,1642616999,MCX:COPPER22JAN690CE,11,20
1515,COPPER 22 Jan 19 690 PE,31,1,1642616999,MCX:COPPER22JAN690PE,11,20
1516,COPPER 22 Jan 19 695 CE,31,1,1642616999,MCX:COPPER22JAN695CE,11,20
1517,COPPER 22 Jan 19 695 PE,31,1,1642616999,MCX:COPPER22JAN695PE,11,20
1518,COPPER 22 Jan 19 700 CE,31,1,1642616999,MCX:COPPER22JAN700CE,11,20
1519,COPPER 22 Jan 19 700 PE,31,1,1642616999,MCX:COPPER22JAN700PE,11,20
1520,COPPER 22 Jan 19 705 CE,31,1,1642616999,MCX:COPPER22JAN705CE,11,20
1521,COPPER 22 Jan 19 705 PE,31,1,1642616999,MCX:COPPER22JAN705PE,11,20
1522,COPPER 22 Jan 19 710 CE,31,1,1642616999,MCX:COPPER22JAN710CE,11,20
1523,COPPER 22 Jan 19 710 PE,31,1,1642616999,MCX:COPPER22JAN710PE,11,20
1524,COPPER 22 Jan 19 715 CE,31,1,1642616999,MCX:COPPER22JAN715CE,11,20
1525,COPPER 22 Jan 19 715 PE,31,1,1642616999,MCX:COPPER22JAN715PE,11,20
1526,COPPER 22 Jan 19 720 CE,31,1,1642616999,MCX:COPPER22JAN720CE,11,20
1527,COPPER 22 Jan 19 720 PE,31,1,1642616999,MCX:COPPER22JAN720PE,11,20
1528,COPPER 22 Jan 19 725 CE,31,1,1642616999,MCX:COPPER22JAN725CE,11,20
1529,COPPER 22 Jan 19 725 PE,31,1,1642616999,MCX:COPPER22JAN725PE,11,20
1530,COPPER 22 Jan 19 730 CE,31,1,1642616999,MCX:COPPER22JAN730CE,11,20
1531,COPPER 22 Jan 19 730 PE,31,1,1642616999,MCX:COPPER22JAN730PE,11,20
1532,COPPER 22 Jan 19 735 CE,31,1,1642616999,MCX:COPPER22JAN735CE,11,20
1533,COPPER 22 Jan 19 735 PE,31,1,1642616999,MCX:COPPER22JAN735PE,11,20
1534,ZINC 22 Jan 19 225 CE,31,1,1642616999,MCX:ZINC22JAN225CE,11,20
1535,ZINC 22 Jan 19 225 PE,31,1,1642616999,MCX:ZINC22JAN225PE,11,20
1536,ZINC 22 Jan 19 227.5 CE,31,1,1642616999,MCX:ZINC22JAN227.5CE,11,20
1537,ZINC 22 Jan 19 227.5 PE,31,1,1642616999,MCX:ZINC22JAN227.5PE,11,20
1538,ZINC 22 Jan 19 230 CE,31,1,1642616999,MCX:ZINC22JAN230CE,11,20
1539,ZINC 22 Jan 19 230 PE,31,1,1642616999,MCX:ZINC22JAN230PE,11,20
1540,ZINC 22 Jan 19 232.5 CE,31,1,1642616999,MCX:ZINC22JAN232.5CE,11,20
1541,ZINC 22 Jan 19 232.5 PE,31,1,1642616999,MCX:ZINC22JAN232.5PE,11,20
1542,ZINC 22 Jan 19 235 CE,31,1,1642616999,MCX:ZINC22JAN235CE,11,20
1543,ZINC 22 Jan 19 235 PE,31,1,1642616999,MCX:ZINC22JAN235PE,11,20
1544,ZINC 22 Jan 19 237.5 CE,31,1,1642616999,MCX:ZINC22JAN237.5CE,11,20
1545,ZINC 22 Jan 19 237.5 PE,31,1,1642616999,MCX:ZINC22JAN237.5PE,11,20
1546,ZINC 22 Jan 19 240 CE,31,1,1642616999,MCX:ZINC22JAN240CE,11,20
1547,ZINC 22 Jan 19 240 PE,31,1,1642616999,MCX:ZINC22JAN240PE,11,20
1548,ZINC 22 Jan 19 242.5 CE,31,1,1642616999,MCX:ZINC22JAN242.5CE,11,20
1549,ZINC 22 Jan 19 242.5 PE,31,1,1642616999,MCX:ZINC22JAN242.5PE,11,20
1550,ZINC 22 Jan 19 245 CE,31,1,1642616999,MCX:ZINC22JAN245CE,11,20
1551,ZINC 22 Jan 19 245 PE,31,1,1642616999,MCX:ZINC22JAN245PE,11,20
1552,ZINC 22 Jan 19 247.5 CE,31,1,1642616999,MCX:ZINC22JAN247.5CE,11,20
1553,ZINC 22 Jan 19 247.5 PE,31,1,1642616999,MCX:ZINC22JAN247.5PE,11,20
1554,ZINC 22 Jan 19 250 CE,31,1,1642616999,MCX:ZINC22JAN250CE,11,20
1555,ZINC 22 Jan 19 250 PE,31,1,1642616999,MCX:ZINC22JAN250PE,11,20
1556,ZINC 22 Jan 19 252.5 CE,31,1,1642616999,MCX:ZINC22JAN252.5CE,11,20
1557,ZINC 22 Jan 19 252.5 PE,31,1,1642616999,MCX:ZINC22JAN252.5PE,11,20
1558,ZINC 22 Jan 19 255 CE,31,1,1642616999,MCX:ZINC22JAN255CE,11,20
1559,ZINC 22 Jan 19 255 PE,31,1,1642616999,MCX:ZINC22JAN255PE,11,20
1560,ZINC 22 Jan 19 257.5 CE,31,1,1642616999,MCX:ZINC22JAN257.5CE,11,20
1561,ZINC 22 Jan 19 257.5 PE,31,1,1642616999,MCX:ZINC22JAN257.5PE,11,20
1562,ZINC 22 Jan 19 260 CE,31,1,1642616999,MCX:ZINC22JAN260CE,11,20
1563,ZINC 22 Jan 19 260 PE,31,1,1642616999,MCX:ZINC22JAN260PE,11,20
1564,COPPER 22 Jan 19 740 CE,31,1,1642616999,MCX:COPPER22JAN740CE,11,20
1565,COPPER 22 Jan 19 740 PE,31,1,1642616999,MCX:COPPER22JAN740PE,11,20
1566,COPPER 22 Jan 19 745 CE,31,1,1642616999,MCX:COPPER22JAN745CE,11,20
1567,COPPER 22 Jan 19 745 PE,31,1,1642616999,MCX:COPPER22JAN745PE,11,20
1568,COPPER 22 Jan 19 750 CE,31,1,1642616999,MCX:COPPER22JAN750CE,11,20
1569,COPPER 22 Jan 19 750 PE,31,1,1642616999,MCX:COPPER22JAN750PE,11,20
1570,COPPER 22 Jan 19 755 CE,31,1,1642616999,MCX:COPPER22JAN755CE,11,20
1571,COPPER 22 Jan 19 755 PE,31,1,1642616999,MCX:COPPER22JAN755PE,11,20
1572,ZINC 22 Jan 19 262.5 CE,31,1,1642616999,MCX:ZINC22JAN262.5CE,11,20
1573,ZINC 22 Jan 19 262.5 PE,31,1,1642616999,MCX:ZINC22JAN262.5PE,11,20
1574,ZINC 22 Jan 19 265 CE,31,1,1642616999,MCX:ZINC22JAN265CE,11,20
1575,ZINC 22 Jan 19 265 PE,31,1,1642616999,MCX:ZINC22JAN265PE,11,20
1576,COPPER 22 Jan 19 760 CE,31,1,1642616999,MCX:COPPER22JAN760CE,11,20
1577,COPPER 22 Jan 19 760 PE,31,1,1642616999,MCX:COPPER22JAN760PE,11,20
1578,COPPER 22 Jan 19 765 CE,31,1,1642616999,MCX:COPPER22JAN765CE,11,20
1579,COPPER 22 Jan 19 765 PE,31,1,1642616999,MCX:COPPER22JAN765PE,11,20
1580,ZINC 22 Jan 19 267.5 CE,31,1,1642616999,MCX:ZINC22JAN267.5CE,11,20
1581,ZINC 22 Jan 19 267.5 PE,31,1,1642616999,MCX:ZINC22JAN267.5PE,11,20
1582,ZINC 22 Jan 19 270 CE,31,1,1642616999,MCX:ZINC22JAN270CE,11,20
1583,ZINC 22 Jan 19 270 PE,31,1,1642616999,MCX:ZINC22JAN270PE,11,20
1584,ZINC 22 Jan 19 272.5 CE,31,1,1642616999,MCX:ZINC22JAN272.5CE,11,20
1585,ZINC 22 Jan 19 272.5 PE,31,1,1642616999,MCX:ZINC22JAN272.5PE,11,20
1586,COPPER 22 Jan 19 770 CE,31,1,1642616999,MCX:COPPER22JAN770CE,11,20
1587,COPPER 22 Jan 19 770 PE,31,1,1642616999,MCX:COPPER22JAN770PE,11,20
1588,COPPER 22 Jan 19 775 CE,31,1,1642616999,MCX:COPPER22JAN775CE,11,20
1589,COPPER 22 Jan 19 775 PE,31,1,1642616999,MCX:COPPER22JAN775PE,11,20
1590,COPPER 22 Jan 19 780 CE,31,1,1642616999,MCX:COPPER22JAN780CE,11,20
1591,COPPER 22 Jan 19 780 PE,31,1,1642616999,MCX:COPPER22JAN780PE,11,20
1592,ZINC 22 Jan 19 275 CE,31,1,1642616999,MCX:ZINC22JAN275CE,11,20
1593,ZINC 22 Jan 19 275 PE,31,1,1642616999,MCX:ZINC22JAN275PE,11,20
1594,ZINC 22 Jan 19 277.5 CE,31,1,1642616999,MCX:ZINC22JAN277.5CE,11,20
1595,ZINC 22 Jan 19 277.5 PE,31,1,1642616999,MCX:ZINC22JAN277.5PE,11,20
1596,ZINC 22 Jan 19 280 CE,31,1,1642616999,MCX:ZINC22JAN280CE,11,20
1597,ZINC 22 Jan 19 280 PE,31,1,1642616999,MCX:ZINC22JAN280PE,11,20
1598,ZINC 22 Jan 19 282.5 CE,31,1,1642616999,MCX:ZINC22JAN282.5CE,11,20
1599,ZINC 22 Jan 19 282.5 PE,31,1,1642616999,MCX:ZINC22JAN282.5PE,11,20
1600,COPPER 22 Jan 19 785 CE,31,1,1642616999,MCX:COPPER22JAN785CE,11,20
1601,COPPER 22 Jan 19 785 PE,31,1,1642616999,MCX:COPPER22JAN785PE,11,20
1602,COPPER 22 Jan 19 790 CE,31,1,1642616999,MCX:COPPER22JAN790CE,11,20
1603,COPPER 22 Jan 19 790 PE,31,1,1642616999,MCX:COPPER22JAN790PE,11,20
1604,COPPER 22 Jan 19 795 CE,31,1,1642616999,MCX:COPPER22JAN795CE,11,20
1605,COPPER 22 Jan 19 795 PE,31,1,1642616999,MCX:COPPER22JAN795PE,11,20
1606,COPPER 22 Jan 19 800 CE,31,1,1642616999,MCX:COPPER22JAN800CE,11,20
1607,COPPER 22 Jan 19 800 PE,31,1,1642616999,MCX:COPPER22JAN800PE,11,20
1608,ZINC 22 Jan 19 285 CE,31,1,1642616999,MCX:ZINC22JAN285CE,11,20
1609,ZINC 22 Jan 19 285 PE,31,1,1642616999,MCX:ZINC22JAN285PE,11,20
1610,ZINC 22 Jan 19 287.5 CE,31,1,1642616999,MCX:ZINC22JAN287.5CE,11,20
1611,ZINC 22 Jan 19 287.5 PE,31,1,1642616999,MCX:ZINC22JAN287.5PE,11,20
1612,ZINC 22 Jan 19 290 CE,31,1,1642616999,MCX:ZINC22JAN290CE,11,20
1613,ZINC 22 Jan 19 290 PE,31,1,1642616999,MCX:ZINC22JAN290PE,11,20
1614,MCXMETLDEX 22 Jan 19 FUT,11,1,1642616999,MCX:MCXMETLDEX22JANFUT,11,20
1615,COPPER 22 Jan 19 805 CE,31,1,1642616999,MCX:COPPER22JAN805CE,11,20
1616,COPPER 22 Jan 19 805 PE,31,1,1642616999,MCX:COPPER22JAN805PE,11,20
1617,COPPER 22 Jan 19 810 CE,31,1,1642616999,MCX:COPPER22JAN810CE,11,20
1618,COPPER 22 Jan 19 810 PE,31,1,1642616999,MCX:COPPER22JAN810PE,11,20
1619,ZINC 22 Jan 19 292.5 CE,31,1,1642616999,MCX:ZINC22JAN292.5CE,11,20
1620,ZINC 22 Jan 19 292.5 PE,31,1,1642616999,MCX:ZINC22JAN292.5PE,11,20
1621,ZINC 22 Jan 19 295 CE,31,1,1642616999,MCX:ZINC22JAN295CE,11,20
1622,ZINC 22 Jan 19 295 PE,31,1,1642616999,MCX:ZINC22JAN295PE,11,20
1623,ZINC 22 Jan 19 297.5 CE,31,1,1642616999,MCX:ZINC22JAN297.5CE,11,20
1624,ZINC 22 Jan 19 297.5 PE,31,1,1642616999,MCX:ZINC22JAN297.5PE,11,20
1625,ZINC 22 Jan 19 300 CE,31,1,1642616999,MCX:ZINC22JAN300CE,11,20
1626,ZINC 22 Jan 19 300 PE,31,1,1642616999,MCX:ZINC22JAN300PE,11,20
1627,COPPER 22 Jan 19 815 CE,31,1,1642616999,MCX:COPPER22JAN815CE,11,20
1628,COPPER 22 Jan 19 815 PE,31,1,1642616999,MCX:COPPER22JAN815PE,11,20
1629,COPPER 22 Jan 19 820 CE,31,1,1642616999,MCX:COPPER22JAN820CE,11,20
1630,COPPER 22 Jan 19 820 PE,31,1,1642616999,MCX:COPPER22JAN820PE,11,20
1631,COPPER 22 Jan 19 825 CE,31,1,1642616999,MCX:COPPER22JAN825CE,11,20
1632,COPPER 22 Jan 19 825 PE,31,1,1642616999,MCX:COPPER22JAN825PE,11,20
1633,COPPER 22 Jan 19 830 CE,31,1,1642616999,MCX:COPPER22JAN830CE,11,20
1634,COPPER 22 Jan 19 830 PE,31,1,1642616999,MCX:COPPER22JAN830PE,11,20
1635,ZINC 22 Jan 19 302.5 CE,31,1,1642616999,MCX:ZINC22JAN302.5CE,11,20
1636,ZINC 22 Jan 19 302.5 PE,31,1,1642616999,MCX:ZINC22JAN302.5PE,11,20
1637,ZINC 22 Jan 19 305 CE,31,1,1642616999,MCX:ZINC22JAN305CE,11,20
1638,ZINC 22 Jan 19 305 PE,31,1,1642616999,MCX:ZINC22JAN305PE,11,20
1639,ZINC 22 Jan 19 307.5 CE,31,1,1642616999,MCX:ZINC22JAN307.5CE,11,20
1640,ZINC 22 Jan 19 307.5 PE,31,1,1642616999,MCX:ZINC22JAN307.5PE,11,20
1641,ZINC 22 Jan 19 310 CE,31,1,1642616999,MCX:ZINC22JAN310CE,11,20
1642,ZINC 22 Jan 19 310 PE,31,1,1642616999,MCX:ZINC22JAN310PE,11,20
1643,ZINC 22 Jan 19 312.5 CE,31,1,1642616999,MCX:ZINC22JAN312.5CE,11,20
1644,ZINC 22 Jan 19 312.5 PE,31,1,1642616999,MCX:ZINC22JAN312.5PE,11,20
1645,ZINC 22 Jan 19 315 CE,31,1,1642616999,MCX:ZINC22JAN315CE,11,20
1646,ZINC 22 Jan 19 315 PE,31,1,1642616999,MCX:ZINC22JAN315PE,11,20
1647,ZINC 22 Jan 19 317.5 CE,31,1,1642616999,MCX:ZINC22JAN317.5CE,11,20
1648,ZINC 22 Jan 19 317.5 PE,31,1,1642616999,MCX:ZINC22JAN317.5PE,11,20
1649,ZINC 22 Jan 19 320 CE,31,1,1642616999,MCX:ZINC22JAN320CE,11,20
1650,ZINC 22 Jan 19 320 PE,31,1,1642616999,MCX:ZINC22JAN320PE,11,20
1651,ZINC 22 Jan 19 322.5 CE,31,1,1642616999,MCX:ZINC22JAN322.5CE,11,20
1652,ZINC 22 Jan 19 322.5 PE,31,1,1642616999,MCX:ZINC22JAN322.5PE,11,20
1653,COPPER 22 Jan 19 835 CE,31,1,1642616999,MCX:COPPER22JAN835CE,11,20
1654,COPPER 22 Jan 19 835 PE,31,1,1642616999,MCX:COPPER22JAN835PE,11,20
1655,GOLD 22 Jan 25 45500 CE,31,1,1643135399,MCX:GOLD22JAN45500CE,11,20
1656,GOLD 22 Jan 25 45500 PE,31,1,1643135399,MCX:GOLD22JAN45500PE,11,20
1657,GOLD 22 Jan 25 45600 CE,31,1,1643135399,MCX:GOLD22JAN45600CE,11,20
1658,GOLD 22 Jan 25 45600 PE,31,1,1643135399,MCX:GOLD22JAN45600PE,11,20
1659,GOLD 22 Jan 25 45700 CE,31,1,1643135399,MCX:GOLD22JAN45700CE,11,20
1660,GOLD 22 Jan 25 45700 PE,31,1,1643135399,MCX:GOLD22JAN45700PE,11,20
1661,GOLD 22 Jan 25 45800 CE,31,1,1643135399,MCX:GOLD22JAN45800CE,11,20
1662,GOLD 22 Jan 25 45800 PE,31,1,1643135399,MCX:GOLD22JAN45800PE,11,20
1663,GOLD 22 Jan 25 45900 CE,31,1,1643135399,MCX:GOLD22JAN45900CE,11,20
1664,GOLD 22 Jan 25 45900 PE,31,1,1643135399,MCX:GOLD22JAN45900PE,11,20
1665,GOLD 22 Jan 25 46000 CE,31,1,1643135399,MCX:GOLD22JAN46000CE,11,20
1666,GOLD 22 Jan 25 46000 PE,31,1,1643135399,MCX:GOLD22JAN46000PE,11,20
1667,GOLD 22 Jan 25 46100 CE,31,1,1643135399,MCX:GOLD22JAN46100CE,11,20
1668,GOLD 22 Jan 25 46100 PE,31,1,1643135399,MCX:GOLD22JAN46100PE,11,20
1669,GOLD 22 Jan 25 46200 CE,31,1,1643135399,MCX:GOLD22JAN46200CE,11,20
1670,GOLD 22 Jan 25 46200 PE,31,1,1643135399,MCX:GOLD22JAN46200PE,11,20
1671,GOLD 22 Jan 25 46300 CE,31,1,1643135399,MCX:GOLD22JAN46300CE,11,20
1672,GOLD 22 Jan 25 46300 PE,31,1,1643135399,MCX:GOLD22JAN46300PE,11,20
1673,GOLD 22 Jan 25 46400 CE,31,1,1643135399,MCX:GOLD22JAN46400CE,11,20
1674,GOLD 22 Jan 25 46400 PE,31,1,1643135399,MCX:GOLD22JAN46400PE,11,20
1675,GOLD 22 Jan 25 46500 CE,31,1,1643135399,MCX:GOLD22JAN46500CE,11,20
1676,GOLD 22 Jan 25 46500 PE,31,1,1643135399,MCX:GOLD22JAN46500PE,11,20
1677,GOLD 22 Jan 25 46600 CE,31,1,1643135399,MCX:GOLD22JAN46600CE,11,20
1678,GOLD 22 Jan 25 46600 PE,31,1,1643135399,MCX:GOLD22JAN46600PE,11,20
1679,GOLD 22 Jan 25 46700 CE,31,1,1643135399,MCX:GOLD22JAN46700CE,11,20
1680,GOLD 22 Jan 25 46700 PE,31,1,1643135399,MCX:GOLD22JAN46700PE,11,20
1681,GOLD 22 Jan 25 46800 CE,31,1,1643135399,MCX:GOLD22JAN46800CE,11,20
1682,GOLD 22 Jan 25 46800 PE,31,1,1643135399,MCX:GOLD22JAN46800PE,11,20
1683,GOLD 22 Jan 25 46900 CE,31,1,1643135399,MCX:GOLD22JAN46900CE,11,20
1684,GOLD 22 Jan 25 46900 PE,31,1,1643135399,MCX:GOLD22JAN46900PE,11,20
1685,GOLD 22 Jan 25 47000 CE,31,1,1643135399,MCX:GOLD22JAN47000CE,11,20
1686,GOLD 22 Jan 25 47000 PE,31,1,1643135399,MCX:GOLD22JAN47000PE,11,20
1687,GOLD 22 Jan 25 47100 CE,31,1,1643135399,MCX:GOLD22JAN47100CE,11,20
1688,GOLD 22 Jan 25 47100 PE,31,1,1643135399,MCX:GOLD22JAN47100PE,11,20
1689,GOLD 22 Jan 25 47200 CE,31,1,1643135399,MCX:GOLD22JAN47200CE,11,20
1690,GOLD 22 Jan 25 47200 PE,31,1,1643135399,MCX:GOLD22JAN47200PE,11,20
1691,GOLD 22 Jan 25 47300 CE,31,1,1643135399,MCX:GOLD22JAN47300CE,11,20
1692,GOLD 22 Jan 25 47300 PE,31,1,1643135399,MCX:GOLD22JAN47300PE,11,20
1693,GOLD 22 Jan 25 47400 CE,31,1,1643135399,MCX:GOLD22JAN47400CE,11,20
1694,GOLD 22 Jan 25 47400 PE,31,1,1643135399,MCX:GOLD22JAN47400PE,11,20
1695,GOLD 22 Jan 25 47500 CE,31,1,1643135399,MCX:GOLD22JAN47500CE,11,20
1696,GOLD 22 Jan 25 47500 PE,31,1,1643135399,MCX:GOLD22JAN47500PE,11,20
1697,GOLD 22 Jan 25 47600 CE,31,1,1643135399,MCX:GOLD22JAN47600CE,11,20
1698,GOLD 22 Jan 25 47600 PE,31,1,1643135399,MCX:GOLD22JAN47600PE,11,20
1699,GOLD 22 Jan 25 47700 CE,31,1,1643135399,MCX:GOLD22JAN47700CE,11,20
1700,GOLD 22 Jan 25 47700 PE,31,1,1643135399,MCX:GOLD22JAN47700PE,11,20
1701,GOLD 22 Jan 25 47800 CE,31,1,1643135399,MCX:GOLD22JAN47800CE,11,20
1702,GOLD 22 Jan 25 47800 PE,31,1,1643135399,MCX:GOLD22JAN47800PE,11,20
1703,GOLD 22 Jan 25 47900 CE,31,1,1643135399,MCX:GOLD22JAN47900CE,11,20
1704,GOLD 22 Jan 25 47900 PE,31,1,1643135399,MCX:GOLD22JAN47900PE,11,20
1705,GOLD 22 Jan 25 48000 CE,31,1,1643135399,MCX:GOLD22JAN48000CE,11,20
1706,GOLD 22 Jan 25 48000 PE,31,1,1643135399,MCX:GOLD22JAN48000PE,11,20
1707,GOLD 22 Jan 25 48100 CE,31,1,1643135399,MCX:GOLD22JAN48100CE,11,20
1708,GOLD 22 Jan 25 48100 PE,31,1,1643135399,MCX:GOLD22JAN48100PE,11,20
1709,GOLD 22 Jan 25 48200 CE,31,1,1643135399,MCX:GOLD22JAN48200CE,11,20
1710,GOLD 22 Jan 25 48200 PE,31,1,1643135399,MCX:GOLD22JAN48200PE,11,20
1711,GOLD 22 Jan 25 48300 CE,31,1,1643135399,MCX:GOLD22JAN48300CE,11,20
1712,GOLD 22 Jan 25 48300 PE,31,1,1643135399,MCX:GOLD22JAN48300PE,11,20
1713,GOLD 22 Jan 25 48400 CE,31,1,1643135399,MCX:GOLD22JAN48400CE,11,20
1714,GOLD 22 Jan 25 48400 PE,31,1,1643135399,MCX:GOLD22JAN48400PE,11,20
1715,GOLD 22 Jan 25 48500 CE,31,1,1643135399,MCX:GOLD22JAN48500CE,11,20
1716,GOLD 22 Jan 25 48500 PE,31,1,1643135399,MCX:GOLD22JAN48500PE,11,20
1717,GOLD 22 Jan 25 48600 CE,31,1,1643135399,MCX:GOLD22JAN48600CE,11,20
1718,GOLD 22 Jan 25 48600 PE,31,1,1643135399,MCX:GOLD22JAN48600PE,11,20
1719,GOLD 22 Jan 25 48700 CE,31,1,1643135399,MCX:GOLD22JAN48700CE,11,20
1720,GOLD 22 Jan 25 48700 PE,31,1,1643135399,MCX:GOLD22JAN48700PE,11,20
1721,GOLD 22 Jan 25 48800 CE,31,1,1643135399,MCX:GOLD22JAN48800CE,11,20
1722,GOLD 22 Jan 25 48800 PE,31,1,1643135399,MCX:GOLD22JAN48800PE,11,20
1723,GOLD 22 Jan 25 48900 CE,31,1,1643135399,MCX:GOLD22JAN48900CE,11,20
1724,GOLD 22 Jan 25 48900 PE,31,1,1643135399,MCX:GOLD22JAN48900PE,11,20
1725,GOLD 22 Jan 25 49000 CE,31,1,1643135399,MCX:GOLD22JAN49000CE,11,20
1726,GOLD 22 Jan 25 49000 PE,31,1,1643135399,MCX:GOLD22JAN49000PE,11,20
1727,GOLD 22 Jan 25 49100 CE,31,1,1643135399,MCX:GOLD22JAN49100CE,11,20
1728,GOLD 22 Jan 25 49100 PE,31,1,1643135399,MCX:GOLD22JAN49100PE,11,20
1729,GOLD 22 Jan 25 49200 CE,31,1,1643135399,MCX:GOLD22JAN49200CE,11,20
1730,GOLD 22 Jan 25 49200 PE,31,1,1643135399,MCX:GOLD22JAN49200PE,11,20
1731,GOLD 22 Jan 25 49300 CE,31,1,1643135399,MCX:GOLD22JAN49300CE,11,20
1732,GOLD 22 Jan 25 49300 PE,31,1,1643135399,MCX:GOLD22JAN49300PE,11,20
1733,GOLD 22 Jan 25 49400 CE,31,1,1643135399,MCX:GOLD22JAN49400CE,11,20
1734,GOLD 22 Jan 25 49400 PE,31,1,1643135399,MCX:GOLD22JAN49400PE,11,20
1735,GOLD 22 Jan 25 49500 CE,31,1,1643135399,MCX:GOLD22JAN49500CE,11,20
1736,GOLD 22 Jan 25 49500 PE,31,1,1643135399,MCX:GOLD22JAN49500PE,11,20
1737,GOLD 22 Jan 25 49600 CE,31,1,1643135399,MCX:GOLD22JAN49600CE,11,20
1738,GOLD 22 Jan 25 49600 PE,31,1,1643135399,MCX:GOLD22JAN49600PE,11,20
1739,GOLD 22 Jan 25 49700 CE,31,1,1643135399,MCX:GOLD22JAN49700CE,11,20
1740,GOLD 22 Jan 25 49700 PE,31,1,1643135399,MCX:GOLD22JAN49700PE,11,20
1741,GOLD 22 Jan 25 49800 CE,31,1,1643135399,MCX:GOLD22JAN49800CE,11,20
1742,GOLD 22 Jan 25 49800 PE,31,1,1643135399,MCX:GOLD22JAN49800PE,11,20
1743,GOLD 22 Jan 25 49900 CE,31,1,1643135399,MCX:GOLD22JAN49900CE,11,20
1744,GOLD 22 Jan 25 49900 PE,31,1,1643135399,MCX:GOLD22JAN49900PE,11,20
1745,GOLD 22 Jan 25 50000 CE,31,1,1643135399,MCX:GOLD22JAN50000CE,11,20
1746,GOLD 22 Jan 25 50000 PE,31,1,1643135399,MCX:GOLD22JAN50000PE,11,20
1747,GOLD 22 Jan 25 50100 CE,31,1,1643135399,MCX:GOLD22JAN50100CE,11,20
1748,GOLD 22 Jan 25 50100 PE,31,1,1643135399,MCX:GOLD22JAN50100PE,11,20
1749,GOLD 22 Jan 25 50200 CE,31,1,1643135399,MCX:GOLD22JAN50200CE,11,20
1750,GOLD 22 Jan 25 50200 PE,31,1,1643135399,MCX:GOLD22JAN50200PE,11,20
1751,GOLD 22 Jan 25 50300 CE,31,1,1643135399,MCX:GOLD22JAN50300CE,11,20
1752,GOLD 22 Jan 25 50300 PE,31,1,1643135399,MCX:GOLD22JAN50300PE,11,20
1753,GOLD 22 Jan 25 50400 CE,31,1,1643135399,MCX:GOLD22JAN50400CE,11,20
1754,GOLD 22 Jan 25 50400 PE,31,1,1643135399,MCX:GOLD22JAN50400PE,11,20
1755,GOLD 22 Jan 25 50500 CE,31,1,1643135399,MCX:GOLD22JAN50500CE,11,20
1756,GOLD 22 Jan 25 50500 PE,31,1,1643135399,MCX:GOLD22JAN50500PE,11,20
1757,GOLD 22 Jan 25 45200 CE,31,1,1643135399,MCX:GOLD22JAN45200CE,11,20
1758,GOLD 22 Jan 25 45200 PE,31,1,1643135399,MCX:GOLD22JAN45200PE,11,20
1759,GOLD 22 Jan 25 45300 CE,31,1,1643135399,MCX:GOLD22JAN45300CE,11,20
1760,GOLD 22 Jan 25 45300 PE,31,1,1643135399,MCX:GOLD22JAN45300PE,11,20
1761,GOLD 22 Jan 25 45400 CE,31,1,1643135399,MCX:GOLD22JAN45400CE,11,20
1762,GOLD 22 Jan 25 45400 PE,31,1,1643135399,MCX:GOLD22JAN45400PE,11,20
1763,GOLD 22 Jan 25 44500 CE,31,1,1643135399,MCX:GOLD22JAN44500CE,11,20
1764,GOLD 22 Jan 25 44500 PE,31,1,1643135399,MCX:GOLD22JAN44500PE,11,20
1765,GOLD 22 Jan 25 44600 CE,31,1,1643135399,MCX:GOLD22JAN44600CE,11,20
1766,GOLD 22 Jan 25 44600 PE,31,1,1643135399,MCX:GOLD22JAN44600PE,11,20
1767,GOLD 22 Jan 25 44700 CE,31,1,1643135399,MCX:GOLD22JAN44700CE,11,20
1768,GOLD 22 Jan 25 44700 PE,31,1,1643135399,MCX:GOLD22JAN44700PE,11,20
1769,GOLD 22 Jan 25 44800 CE,31,1,1643135399,MCX:GOLD22JAN44800CE,11,20
1770,GOLD 22 Jan 25 44800 PE,31,1,1643135399,MCX:GOLD22JAN44800PE,11,20
1771,GOLD 22 Jan 25 44900 CE,31,1,1643135399,MCX:GOLD22JAN44900CE,11,20
1772,GOLD 22 Jan 25 44900 PE,31,1,1643135399,MCX:GOLD22JAN44900PE,11,20
1773,GOLD 22 Jan 25 45000 CE,31,1,1643135399,MCX:GOLD22JAN45000CE,11,20
1774,GOLD 22 Jan 25 45000 PE,31,1,1643135399,MCX:GOLD22JAN45000PE,11,20
1775,GOLD 22 Jan 25 45100 CE,31,1,1643135399,MCX:GOLD22JAN45100CE,11,20
1776,GOLD 22 Jan 25 45100 PE,31,1,1643135399,MCX:GOLD22JAN45100PE,11,20
1777,GOLD 22 Jan 25 44400 CE,31,1,1643135399,MCX:GOLD22JAN44400CE,11,20
1778,GOLD 22 Jan 25 44400 PE,31,1,1643135399,MCX:GOLD22JAN44400PE,11,20
1779,GOLD 22 Jan 25 43900 CE,31,1,1643135399,MCX:GOLD22JAN43900CE,11,20
1780,GOLD 22 Jan 25 43900 PE,31,1,1643135399,MCX:GOLD22JAN43900PE,11,20
1781,GOLD 22 Jan 25 44000 CE,31,1,1643135399,MCX:GOLD22JAN44000CE,11,20
1782,GOLD 22 Jan 25 44000 PE,31,1,1643135399,MCX:GOLD22JAN44000PE,11,20
1783,GOLD 22 Jan 25 44100 CE,31,1,1643135399,MCX:GOLD22JAN44100CE,11,20
1784,GOLD 22 Jan 25 44100 PE,31,1,1643135399,MCX:GOLD22JAN44100PE,11,20
1785,GOLD 22 Jan 25 44200 CE,31,1,1643135399,MCX:GOLD22JAN44200CE,11,20
1786,GOLD 22 Jan 25 44200 PE,31,1,1643135399,MCX:GOLD22JAN44200PE,11,20
1787,GOLD 22 Jan 25 44300 CE,31,1,1643135399,MCX:GOLD22JAN44300CE,11,20
1788,GOLD 22 Jan 25 44300 PE,31,1,1643135399,MCX:GOLD22JAN44300PE,11,20
1789,GOLD 22 Jan 25 43600 CE,31,1,1643135399,MCX:GOLD22JAN43600CE,11,20
1790,GOLD 22 Jan 25 43600 PE,31,1,1643135399,MCX:GOLD22JAN43600PE,11,20
1791,GOLD 22 Jan 25 43700 CE,31,1,1643135399,MCX:GOLD22JAN43700CE,11,20
1792,GOLD 22 Jan 25 43700 PE,31,1,1643135399,MCX:GOLD22JAN43700PE,11,20
1793,GOLD 22 Jan 25 43800 CE,31,1,1643135399,MCX:GOLD22JAN43800CE,11,20
1794,GOLD 22 Jan 25 43800 PE,31,1,1643135399,MCX:GOLD22JAN43800PE,11,20
1795,GOLD 22 Jan 25 43300 CE,31,1,1643135399,MCX:GOLD22JAN43300CE,11,20
1796,GOLD 22 Jan 25 43300 PE,31,1,1643135399,MCX:GOLD22JAN43300PE,11,20
1797,GOLD 22 Jan 25 43400 CE,31,1,1643135399,MCX:GOLD22JAN43400CE,11,20
1798,GOLD 22 Jan 25 43400 PE,31,1,1643135399,MCX:GOLD22JAN43400PE,11,20
1799,GOLD 22 Jan 25 43500 CE,31,1,1643135399,MCX:GOLD22JAN43500CE,11,20
1800,GOLD 22 Jan 25 43500 PE,31,1,1643135399,MCX:GOLD22JAN43500PE,11,20
1801,GOLD 22 Jan 25 43000 CE,31,1,1643135399,MCX:GOLD22JAN43000CE,11,20
1802,GOLD 22 Jan 25 43000 PE,31,1,1643135399,MCX:GOLD22JAN43000PE,11,20
1803,GOLD 22 Jan 25 43100 CE,31,1,1643135399,MCX:GOLD22JAN43100CE,11,20
1804,GOLD 22 Jan 25 43100 PE,31,1,1643135399,MCX:GOLD22JAN43100PE,11,20
1805,GOLD 22 Jan 25 43200 CE,31,1,1643135399,MCX:GOLD22JAN43200CE,11,20
1806,GOLD 22 Jan 25 43200 PE,31,1,1643135399,MCX:GOLD22JAN43200PE,11,20
1807,GOLD 22 Jan 25 42800 CE,31,1,1643135399,MCX:GOLD22JAN42800CE,11,20
1808,GOLD 22 Jan 25 42800 PE,31,1,1643135399,MCX:GOLD22JAN42800PE,11,20
1809,GOLD 22 Jan 25 42900 CE,31,1,1643135399,MCX:GOLD22JAN42900CE,11,20
1810,GOLD 22 Jan 25 42900 PE,31,1,1643135399,MCX:GOLD22JAN42900PE,11,20
1811,GOLD 22 Jan 25 50600 CE,31,1,1643135399,MCX:GOLD22JAN50600CE,11,20
1812,GOLD 22 Jan 25 50600 PE,31,1,1643135399,MCX:GOLD22JAN50600PE,11,20
1813,GOLD 22 Jan 25 50700 CE,31,1,1643135399,MCX:GOLD22JAN50700CE,11,20
1814,GOLD 22 Jan 25 50700 PE,31,1,1643135399,MCX:GOLD22JAN50700PE,11,20
1815,GOLD 22 Jan 25 50800 CE,31,1,1643135399,MCX:GOLD22JAN50800CE,11,20
1816,GOLD 22 Jan 25 50800 PE,31,1,1643135399,MCX:GOLD22JAN50800PE,11,20
1817,GOLD 22 Jan 25 50900 CE,31,1,1643135399,MCX:GOLD22JAN50900CE,11,20
1818,GOLD 22 Jan 25 50900 PE,31,1,1643135399,MCX:GOLD22JAN50900PE,11,20
1819,GOLD 22 Jan 25 51000 CE,31,1,1643135399,MCX:GOLD22JAN51000CE,11,20
1820,GOLD 22 Jan 25 51000 PE,31,1,1643135399,MCX:GOLD22JAN51000PE,11,20
1821,GOLD 22 Jan 25 51100 CE,31,1,1643135399,MCX:GOLD22JAN51100CE,11,20
1822,GOLD 22 Jan 25 51100 PE,31,1,1643135399,MCX:GOLD22JAN51100PE,11,20
1823,GOLD 22 Jan 25 51200 CE,31,1,1643135399,MCX:GOLD22JAN51200CE,11,20
1824,GOLD 22 Jan 25 51200 PE,31,1,1643135399,MCX:GOLD22JAN51200PE,11,20
1825,GOLD 22 Jan 25 51300 CE,31,1,1643135399,MCX:GOLD22JAN51300CE,11,20
1826,GOLD 22 Jan 25 51300 PE,31,1,1643135399,MCX:GOLD22JAN51300PE,11,20
1827,GOLD 22 Jan 25 51400 CE,31,1,1643135399,MCX:GOLD22JAN51400CE,11,20
1828,GOLD 22 Jan 25 51400 PE,31,1,1643135399,MCX:GOLD22JAN51400PE,11,20
1829,GOLD 22 Jan 25 51500 CE,31,1,1643135399,MCX:GOLD22JAN51500CE,11,20
1830,GOLD 22 Jan 25 51500 PE,31,1,1643135399,MCX:GOLD22JAN51500PE,11,20
1831,GOLD 22 Jan 25 51600 CE,31,1,1643135399,MCX:GOLD22JAN51600CE,11,20
1832,GOLD 22 Jan 25 51600 PE,31,1,1643135399,MCX:GOLD22JAN51600PE,11,20
1833,GOLD 22 Jan 25 51700 CE,31,1,1643135399,MCX:GOLD22JAN51700CE,11,20
1834,GOLD 22 Jan 25 51700 PE,31,1,1643135399,MCX:GOLD22JAN51700PE,11,20
1835,GOLD 22 Jan 25 51800 CE,31,1,1643135399,MCX:GOLD22JAN51800CE,11,20
1836,GOLD 22 Jan 25 51800 PE,31,1,1643135399,MCX:GOLD22JAN51800PE,11,20
1837,GOLD 22 Jan 25 51900 CE,31,1,1643135399,MCX:GOLD22JAN51900CE,11,20
1838,GOLD 22 Jan 25 51900 PE,31,1,1643135399,MCX:GOLD22JAN51900PE,11,20
1839,GOLD 22 Jan 25 52000 CE,31,1,1643135399,MCX:GOLD22JAN52000CE,11,20
1840,GOLD 22 Jan 25 52000 PE,31,1,1643135399,MCX:GOLD22JAN52000PE,11,20
1841,GOLD 22 Jan 25 52100 CE,31,1,1643135399,MCX:GOLD22JAN52100CE,11,20
1842,GOLD 22 Jan 25 52100 PE,31,1,1643135399,MCX:GOLD22JAN52100PE,11,20
1843,GOLD 22 Jan 25 52200 CE,31,1,1643135399,MCX:GOLD22JAN52200CE,11,20
1844,GOLD 22 Jan 25 52200 PE,31,1,1643135399,MCX:GOLD22JAN52200PE,11,20
1845,GOLD 22 Jan 25 52300 CE,31,1,1643135399,MCX:GOLD22JAN52300CE,11,20
1846,GOLD 22 Jan 25 52300 PE,31,1,1643135399,MCX:GOLD22JAN52300PE,11,20
1847,GOLD 22 Jan 25 52400 CE,31,1,1643135399,MCX:GOLD22JAN52400CE,11,20
1848,GOLD 22 Jan 25 52400 PE,31,1,1643135399,MCX:GOLD22JAN52400PE,11,20
1849,GOLD 22 Jan 25 52500 CE,31,1,1643135399,MCX:GOLD22JAN52500CE,11,20
1850,GOLD 22 Jan 25 52500 PE,31,1,1643135399,MCX:GOLD22JAN52500PE,11,20
1851,GOLD 22 Jan 25 52600 CE,31,1,1643135399,MCX:GOLD22JAN52600CE,11,20
1852,GOLD 22 Jan 25 52600 PE,31,1,1643135399,MCX:GOLD22JAN52600PE,11,20
1853,GOLD 22 Jan 25 52700 CE,31,1,1643135399,MCX:GOLD22JAN52700CE,11,20
1854,GOLD 22 Jan 25 52700 PE,31,1,1643135399,MCX:GOLD22JAN52700PE,11,20
1855,GOLD 22 Jan 25 52800 CE,31,1,1643135399,MCX:GOLD22JAN52800CE,11,20
1856,GOLD 22 Jan 25 52800 PE,31,1,1643135399,MCX:GOLD22JAN52800PE,11,20
1857,GOLD 22 Jan 25 52900 CE,31,1,1643135399,MCX:GOLD22JAN52900CE,11,20
1858,GOLD 22 Jan 25 52900 PE,31,1,1643135399,MCX:GOLD22JAN52900PE,11,20
1859,GOLD 22 Jan 25 53000 CE,31,1,1643135399,MCX:GOLD22JAN53000CE,11,20
1860,GOLD 22 Jan 25 53000 PE,31,1,1643135399,MCX:GOLD22JAN53000PE,11,20
1861,GOLD 22 Jan 25 53100 CE,31,1,1643135399,MCX:GOLD22JAN53100CE,11,20
1862,GOLD 22 Jan 25 53100 PE,31,1,1643135399,MCX:GOLD22JAN53100PE,11,20
1863,GOLD 22 Jan 25 53200 CE,31,1,1643135399,MCX:GOLD22JAN53200CE,11,20
1864,GOLD 22 Jan 25 53200 PE,31,1,1643135399,MCX:GOLD22JAN53200PE,11,20
1865,GOLD 22 Jan 25 53300 CE,31,1,1643135399,MCX:GOLD22JAN53300CE,11,20
1866,GOLD 22 Jan 25 53300 PE,31,1,1643135399,MCX:GOLD22JAN53300PE,11,20
1867,GOLD 22 Jan 25 53400 CE,31,1,1643135399,MCX:GOLD22JAN53400CE,11,20
1868,GOLD 22 Jan 25 53400 PE,31,1,1643135399,MCX:GOLD22JAN53400PE,11,20
1869,MCXBULLDEX 22 Jan 25 FUT,11,1,1643135399,MCX:MCXBULLDEX22JANFUT,11,20
1870,MENTHAOIL 22 Jan 31 FUT,30,1,1643653799,MCX:MENTHAOIL22JANFUT,11,20
1871,COTTON 22 Jan 31 FUT,30,1,1643653799,MCX:COTTON22JANFUT,11,20
1872,ALUMINIUM 22 Jan 31 FUT,30,1,1643653799,MCX:ALUMINIUM22JANFUT,11,20
1873,COPPER 22 Jan 31 FUT,30,1,1643653799,MCX:COPPER22JANFUT,11,20
1874,CPO 22 Jan 31 FUT,30,1,1643653799,MCX:CPO22JANFUT,11,20
1875,LEAD 22 Jan 31 FUT,30,1,1643653799,MCX:LEAD22JANFUT,11,20
1876,NICKEL 22 Jan 31 FUT,30,1,1643653799,MCX:NICKEL22JANFUT,11,20
1877,ZINC 22 Jan 31 FUT,30,1,1643653799,MCX:ZINC22JANFUT,11,20
1878,RUBBER 22 Jan 31 FUT,30,1,1643653799,MCX:RUBBER22JANFUT,11,20
1879,GOLDGUINEA 22 Jan 31 FUT,30,1,1643653799,MCX:GOLDGUINEA22JANFUT,11,20
1880,GOLDPETAL 22 Jan 31 FUT,30,1,1643653799,MCX:GOLDPETAL22JANFUT,11,20
1881,GOLD 22 Feb 04 FUT,30,1,1643999399,MCX:GOLD22FEBFUT,11,20
1882,SILVERM 22 Feb 17 65000 CE,31,1,1645122599,MCX:SILVERM22FEB65000CE,11,20
1883,SILVERM 22 Feb 17 65000 PE,31,1,1645122599,MCX:SILVERM22FEB65000PE,11,20
1884,SILVERM 22 Feb 17 65250 CE,31,1,1645122599,MCX:SILVERM22FEB65250CE,11,20
1885,SILVERM 22 Feb 17 65250 PE,31,1,1645122599,MCX:SILVERM22FEB65250PE,11,20
1886,SILVERM 22 Feb 17 65500 CE,31,1,1645122599,MCX:SILVERM22FEB65500CE,11,20
1887,SILVERM 22 Feb 17 65500 PE,31,1,1645122599,MCX:SILVERM22FEB65500PE,11,20
1888,SILVERM 22 Feb 17 65750 CE,31,1,1645122599,MCX:SILVERM22FEB65750CE,11,20
1889,SILVERM 22 Feb 17 65750 PE,31,1,1645122599,MCX:SILVERM22FEB65750PE,11,20
1890,SILVERM 22 Feb 17 66000 CE,31,1,1645122599,MCX:SILVERM22FEB66000CE,11,20
1891,SILVERM 22 Feb 17 66000 PE,31,1,1645122599,MCX:SILVERM22FEB66000PE,11,20
1892,SILVERM 22 Feb 17 66250 CE,31,1,1645122599,MCX:SILVERM22FEB66250CE,11,20
1893,SILVERM 22 Feb 17 66250 PE,31,1,1645122599,MCX:SILVERM22FEB66250PE,11,20
1894,SILVERM 22 Feb 17 66500 CE,31,1,1645122599,MCX:SILVERM22FEB66500CE,11,20
1895,SILVERM 22 Feb 17 66500 PE,31,1,1645122599,MCX:SILVERM22FEB66500PE,11,20
1896,SILVERM 22 Feb 17 66750 CE,31,1,1645122599,MCX:SILVERM22FEB66750CE,11,20
1897,SILVERM 22 Feb 17 66750 PE,31,1,1645122599,MCX:SILVERM22FEB66750PE,11,20
1898,SILVERM 22 Feb 17 67000 CE,31,1,1645122599,MCX:SILVERM22FEB67000CE,11,20
1899,SILVERM 22 Feb 17 67000 PE,31,1,1645122599,MCX:SILVERM22FEB67000PE,11,20
1900,SILVERM 22 Feb 17 67250 CE,31,1,1645122599,MCX:SILVERM22FEB67250CE,11,20
1901,SILVERM 22 Feb 17 67250 PE,31,1,1645122599,MCX:SILVERM22FEB67250PE,11,20
1902,SILVERM 22 Feb 17 67500 CE,31,1,1645122599,MCX:SILVERM22FEB67500CE,11,20
1903,SILVERM 22 Feb 17 67500 PE,31,1,1645122599,MCX:SILVERM22FEB67500PE,11,20
1904,SILVERM 22 Feb 17 67750 CE,31,1,1645122599,MCX:SILVERM22FEB67750CE,11,20
1905,SILVERM 22 Feb 17 67750 PE,31,1,1645122599,MCX:SILVERM22FEB67750PE,11,20
1906,SILVERM 22 Feb 17 68000 CE,31,1,1645122599,MCX:SILVERM22FEB68000CE,11,20
1907,SILVERM 22 Feb 17 68000 PE,31,1,1645122599,MCX:SILVERM22FEB68000PE,11,20
1908,SILVERM 22 Feb 17 68250 CE,31,1,1645122599,MCX:SILVERM22FEB68250CE,11,20
1909,SILVERM 22 Feb 17 68250 PE,31,1,1645122599,MCX:SILVERM22FEB68250PE,11,20
1910,SILVERM 22 Feb 17 68500 CE,31,1,1645122599,MCX:SILVERM22FEB68500CE,11,20
1911,SILVERM 22 Feb 17 68500 PE,31,1,1645122599,MCX:SILVERM22FEB68500PE,11,20
1912,SILVERM 22 Feb 17 68750 CE,31,1,1645122599,MCX:SILVERM22FEB68750CE,11,20
1913,SILVERM 22 Feb 17 68750 PE,31,1,1645122599,MCX:SILVERM22FEB68750PE,11,20
1914,SILVERM 22 Feb 17 69000 CE,31,1,1645122599,MCX:SILVERM22FEB69000CE,11,20
1915,SILVERM 22 Feb 17 69000 PE,31,1,1645122599,MCX:SILVERM22FEB69000PE,11,20
1916,SILVERM 22 Feb 17 69250 CE,31,1,1645122599,MCX:SILVERM22FEB69250CE,11,20
1917,SILVERM 22 Feb 17 69250 PE,31,1,1645122599,MCX:SILVERM22FEB69250PE,11,20
1918,SILVERM 22 Feb 17 69500 CE,31,1,1645122599,MCX:SILVERM22FEB69500CE,11,20
1919,SILVERM 22 Feb 17 69500 PE,31,1,1645122599,MCX:SILVERM22FEB69500PE,11,20
1920,SILVERM 22 Feb 17 69750 CE,31,1,1645122599,MCX:SILVERM22FEB69750CE,11,20
1921,SILVERM 22 Feb 17 69750 PE,31,1,1645122599,MCX:SILVERM22FEB69750PE,11,20
1922,SILVERM 22 Feb 17 70000 CE,31,1,1645122599,MCX:SILVERM22FEB70000CE,11,20
1923,SILVERM 22 Feb 17 70000 PE,31,1,1645122599,MCX:SILVERM22FEB70000PE,11,20
1924,SILVERM 22 Feb 17 70250 CE,31,1,1645122599,MCX:SILVERM22FEB70250CE,11,20
1925,SILVERM 22 Feb 17 70250 PE,31,1,1645122599,MCX:SILVERM22FEB70250PE,11,20
1926,SILVERM 22 Feb 17 70500 CE,31,1,1645122599,MCX:SILVERM22FEB70500CE,11,20
1927,SILVERM 22 Feb 17 70500 PE,31,1,1645122599,MCX:SILVERM22FEB70500PE,11,20
1928,SILVERM 22 Feb 17 70750 CE,31,1,1645122599,MCX:SILVERM22FEB70750CE,11,20
1929,SILVERM 22 Feb 17 70750 PE,31,1,1645122599,MCX:SILVERM22FEB70750PE,11,20
1930,SILVERM 22 Feb 17 71000 CE,31,1,1645122599,MCX:SILVERM22FEB71000CE,11,20
1931,SILVERM 22 Feb 17 71000 PE,31,1,1645122599,MCX:SILVERM22FEB71000PE,11,20
1932,SILVERM 22 Feb 17 71250 CE,31,1,1645122599,MCX:SILVERM22FEB71250CE,11,20
1933,SILVERM 22 Feb 17 71250 PE,31,1,1645122599,MCX:SILVERM22FEB71250PE,11,20
1934,SILVERM 22 Feb 17 71500 CE,31,1,1645122599,MCX:SILVERM22FEB71500CE,11,20
1935,SILVERM 22 Feb 17 71500 PE,31,1,1645122599,MCX:SILVERM22FEB71500PE,11,20
1936,SILVERM 22 Feb 17 71750 CE,31,1,1645122599,MCX:SILVERM22FEB71750CE,11,20
1937,SILVERM 22 Feb 17 71750 PE,31,1,1645122599,MCX:SILVERM22FEB71750PE,11,20
1938,SILVERM 22 Feb 17 72000 CE,31,1,1645122599,MCX:SILVERM22FEB72000CE,11,20
1939,SILVERM 22 Feb 17 72000 PE,31,1,1645122599,MCX:SILVERM22FEB72000PE,11,20
1940,SILVERM 22 Feb 17 72250 CE,31,1,1645122599,MCX:SILVERM22FEB72250CE,11,20
1941,SILVERM 22 Feb 17 72250 PE,31,1,1645122599,MCX:SILVERM22FEB72250PE,11,20
1942,SILVERM 22 Feb 17 72500 CE,31,1,1645122599,MCX:SILVERM22FEB72500CE,11,20
1943,SILVERM 22 Feb 17 72500 PE,31,1,1645122599,MCX:SILVERM22FEB72500PE,11,20
1944,SILVERM 22 Feb 17 72750 CE,31,1,1645122599,MCX:SILVERM22FEB72750CE,11,20
1945,SILVERM 22 Feb 17 72750 PE,31,1,1645122599,MCX:SILVERM22FEB72750PE,11,20
1946,SILVERM 22 Feb 17 73000 CE,31,1,1645122599,MCX:SILVERM22FEB73000CE,11,20
1947,SILVERM 22 Feb 17 73000 PE,31,1,1645122599,MCX:SILVERM22FEB73000PE,11,20
1948,SILVERM 22 Feb 17 73250 CE,31,1,1645122599,MCX:SILVERM22FEB73250CE,11,20
1949,SILVERM 22 Feb 17 73250 PE,31,1,1645122599,MCX:SILVERM22FEB73250PE,11,20
1950,SILVERM 22 Feb 17 73500 CE,31,1,1645122599,MCX:SILVERM22FEB73500CE,11,20
1951,SILVERM 22 Feb 17 73500 PE,31,1,1645122599,MCX:SILVERM22FEB73500PE,11,20
1952,SILVERM 22 Feb 17 73750 CE,31,1,1645122599,MCX:SILVERM22FEB73750CE,11,20
1953,SILVERM 22 Feb 17 73750 PE,31,1,1645122599,MCX:SILVERM22FEB73750PE,11,20
1954,SILVERM 22 Feb 17 74000 CE,31,1,1645122599,MCX:SILVERM22FEB74000CE,11,20
1955,SILVERM 22 Feb 17 74000 PE,31,1,1645122599,MCX:SILVERM22FEB74000PE,11,20
1956,SILVERM 22 Feb 17 74250 CE,31,1,1645122599,MCX:SILVERM22FEB74250CE,11,20
1957,SILVERM 22 Feb 17 74250 PE,31,1,1645122599,MCX:SILVERM22FEB74250PE,11,20
1958,SILVERM 22 Feb 17 74500 CE,31,1,1645122599,MCX:SILVERM22FEB74500CE,11,20
1959,SILVERM 22 Feb 17 74500 PE,31,1,1645122599,MCX:SILVERM22FEB74500PE,11,20
1960,SILVERM 22 Feb 17 74750 CE,31,1,1645122599,MCX:SILVERM22FEB74750CE,11,20
1961,SILVERM 22 Feb 17 74750 PE,31,1,1645122599,MCX:SILVERM22FEB74750PE,11,20
1962,SILVERM 22 Feb 17 75000 CE,31,1,1645122599,MCX:SILVERM22FEB75000CE,11,20
1963,SILVERM 22 Feb 17 75000 PE,31,1,1645122599,MCX:SILVERM22FEB75000PE,11,20
1964,SILVERM 22 Feb 17 75250 CE,31,1,1645122599,MCX:SILVERM22FEB75250CE,11,20
1965,SILVERM 22 Feb 17 75250 PE,31,1,1645122599,MCX:SILVERM22FEB75250PE,11,20
1966,SILVERM 22 Feb 17 75500 CE,31,1,1645122599,MCX:SILVERM22FEB75500CE,11,20
1967,SILVERM 22 Feb 17 75500 PE,31,1,1645122599,MCX:SILVERM22FEB75500PE,11,20
1968,SILVERM 22 Feb 17 75750 CE,31,1,1645122599,MCX:SILVERM22FEB75750CE,11,20
1969,SILVERM 22 Feb 17 75750 PE,31,1,1645122599,MCX:SILVERM22FEB75750PE,11,20
1970,SILVERM 22 Feb 17 76000 CE,31,1,1645122599,MCX:SILVERM22FEB76000CE,11,20
1971,SILVERM 22 Feb 17 76000 PE,31,1,1645122599,MCX:SILVERM22FEB76000PE,11,20
1972,SILVERM 22 Feb 17 76250 CE,31,1,1645122599,MCX:SILVERM22FEB76250CE,11,20
1973,SILVERM 22 Feb 17 76250 PE,31,1,1645122599,MCX:SILVERM22FEB76250PE,11,20
1974,SILVERM 22 Feb 17 76500 CE,31,1,1645122599,MCX:SILVERM22FEB76500CE,11,20
1975,SILVERM 22 Feb 17 76500 PE,31,1,1645122599,MCX:SILVERM22FEB76500PE,11,20
1976,SILVERM 22 Feb 17 76750 CE,31,1,1645122599,MCX:SILVERM22FEB76750CE,11,20
1977,SILVERM 22 Feb 17 76750 PE,31,1,1645122599,MCX:SILVERM22FEB76750PE,11,20
1978,SILVERM 22 Feb 17 77000 CE,31,1,1645122599,MCX:SILVERM22FEB77000CE,11,20
1979,SILVERM 22 Feb 17 77000 PE,31,1,1645122599,MCX:SILVERM22FEB77000PE,11,20
1980,SILVERM 22 Feb 17 77250 CE,31,1,1645122599,MCX:SILVERM22FEB77250CE,11,20
1981,SILVERM 22 Feb 17 77250 PE,31,1,1645122599,MCX:SILVERM22FEB77250PE,11,20
1982,SILVERM 22 Feb 17 77500 CE,31,1,1645122599,MCX:SILVERM22FEB77500CE,11,20
1983,SILVERM 22 Feb 17 77500 PE,31,1,1645122599,MCX:SILVERM22FEB77500PE,11,20
1984,SILVERM 22 Feb 17 64000 CE,31,1,1645122599,MCX:SILVERM22FEB64000CE,11,20
1985,SILVERM 22 Feb 17 64000 PE,31,1,1645122599,MCX:SILVERM22FEB64000PE,11,20
1986,SILVERM 22 Feb 17 64250 CE,31,1,1645122599,MCX:SILVERM22FEB64250CE,11,20
1987,SILVERM 22 Feb 17 64250 PE,31,1,1645122599,MCX:SILVERM22FEB64250PE,11,20
1988,SILVERM 22 Feb 17 64500 CE,31,1,1645122599,MCX:SILVERM22FEB64500CE,11,20
1989,SILVERM 22 Feb 17 64500 PE,31,1,1645122599,MCX:SILVERM22FEB64500PE,11,20
1990,SILVERM 22 Feb 17 64750 CE,31,1,1645122599,MCX:SILVERM22FEB64750CE,11,20
1991,SILVERM 22 Feb 17 64750 PE,31,1,1645122599,MCX:SILVERM22FEB64750PE,11,20
1992,SILVERM 22 Feb 17 63250 CE,31,1,1645122599,MCX:SILVERM22FEB63250CE,11,20
1993,SILVERM 22 Feb 17 63250 PE,31,1,1645122599,MCX:SILVERM22FEB63250PE,11,20
1994,SILVERM 22 Feb 17 63500 CE,31,1,1645122599,MCX:SILVERM22FEB63500CE,11,20
1995,SILVERM 22 Feb 17 63500 PE,31,1,1645122599,MCX:SILVERM22FEB63500PE,11,20
1996,SILVERM 22 Feb 17 63750 CE,31,1,1645122599,MCX:SILVERM22FEB63750CE,11,20
1997,SILVERM 22 Feb 17 63750 PE,31,1,1645122599,MCX:SILVERM22FEB63750PE,11,20
1998,SILVERM 22 Feb 17 62000 CE,31,1,1645122599,MCX:SILVERM22FEB62000CE,11,20
1999,SILVERM 22 Feb 17 62000 PE,31,1,1645122599,MCX:SILVERM22FEB62000PE,11,20
2000,SILVERM 22 Feb 17 62250 CE,31,1,1645122599,MCX:SILVERM22FEB62250CE,11,20
2001,SILVERM 22 Feb 17 62250 PE,31,1,1645122599,MCX:SILVERM22FEB62250PE,11,20
2002,SILVERM 22 Feb 17 62500 CE,31,1,1645122599,MCX:SILVERM22FEB62500CE,11,20
2003,SILVERM 22 Feb 17 62500 PE,31,1,1645122599,MCX:SILVERM22FEB62500PE,11,20
2004,SILVERM 22 Feb 17 62750 CE,31,1,1645122599,MCX:SILVERM22FEB62750CE,11,20
2005,SILVERM 22 Feb 17 62750 PE,31,1,1645122599,MCX:SILVERM22FEB62750PE,11,20
2006,SILVERM 22 Feb 17 63000 CE,31,1,1645122599,MCX:SILVERM22FEB63000CE,11,20
2007,SILVERM 22 Feb 17 63000 PE,31,1,1645122599,MCX:SILVERM22FEB63000PE,11,20
2008,SILVERM 22 Feb 17 61750 CE,31,1,1645122599,MCX:SILVERM22FEB61750CE,11,20
2009,SILVERM 22 Feb 17 61750 PE,31,1,1645122599,MCX:SILVERM22FEB61750PE,11,20
2010,SILVERM 22 Feb 17 60250 CE,31,1,1645122599,MCX:SILVERM22FEB60250CE,11,20
2011,SILVERM 22 Feb 17 60250 PE,31,1,1645122599,MCX:SILVERM22FEB60250PE,11,20
2012,SILVERM 22 Feb 17 60500 CE,31,1,1645122599,MCX:SILVERM22FEB60500CE,11,20
2013,SILVERM 22 Feb 17 60500 PE,31,1,1645122599,MCX:SILVERM22FEB60500PE,11,20
2014,SILVERM 22 Feb 17 60750 CE,31,1,1645122599,MCX:SILVERM22FEB60750CE,11,20
2015,SILVERM 22 Feb 17 60750 PE,31,1,1645122599,MCX:SILVERM22FEB60750PE,11,20
2016,SILVERM 22 Feb 17 61000 CE,31,1,1645122599,MCX:SILVERM22FEB61000CE,11,20
2017,SILVERM 22 Feb 17 61000 PE,31,1,1645122599,MCX:SILVERM22FEB61000PE,11,20
2018,SILVERM 22 Feb 17 61250 CE,31,1,1645122599,MCX:SILVERM22FEB61250CE,11,20
2019,SILVERM 22 Feb 17 61250 PE,31,1,1645122599,MCX:SILVERM22FEB61250PE,11,20
2020,SILVERM 22 Feb 17 61500 CE,31,1,1645122599,MCX:SILVERM22FEB61500CE,11,20
2021,SILVERM 22 Feb 17 61500 PE,31,1,1645122599,MCX:SILVERM22FEB61500PE,11,20
2022,SILVERM 22 Feb 17 59000 CE,31,1,1645122599,MCX:SILVERM22FEB59000CE,11,20
2023,SILVERM 22 Feb 17 59000 PE,31,1,1645122599,MCX:SILVERM22FEB59000PE,11,20
2024,SILVERM 22 Feb 17 59250 CE,31,1,1645122599,MCX:SILVERM22FEB59250CE,11,20
2025,SILVERM 22 Feb 17 59250 PE,31,1,1645122599,MCX:SILVERM22FEB59250PE,11,20
2026,SILVERM 22 Feb 17 59500 CE,31,1,1645122599,MCX:SILVERM22FEB59500CE,11,20
2027,SILVERM 22 Feb 17 59500 PE,31,1,1645122599,MCX:SILVERM22FEB59500PE,11,20
2028,SILVERM 22 Feb 17 59750 CE,31,1,1645122599,MCX:SILVERM22FEB59750CE,11,20
2029,SILVERM 22 Feb 17 59750 PE,31,1,1645122599,MCX:SILVERM22FEB59750PE,11,20
2030,SILVERM 22 Feb 17 60000 CE,31,1,1645122599,MCX:SILVERM22FEB60000CE,11,20
2031,SILVERM 22 Feb 17 60000 PE,31,1,1645122599,MCX:SILVERM22FEB60000PE,11,20
2032,SILVERM 22 Feb 17 58000 CE,31,1,1645122599,MCX:SILVERM22FEB58000CE,11,20
2033,SILVERM 22 Feb 17 58000 PE,31,1,1645122599,MCX:SILVERM22FEB58000PE,11,20
2034,SILVERM 22 Feb 17 58250 CE,31,1,1645122599,MCX:SILVERM22FEB58250CE,11,20
2035,SILVERM 22 Feb 17 58250 PE,31,1,1645122599,MCX:SILVERM22FEB58250PE,11,20
2036,SILVERM 22 Feb 17 58500 CE,31,1,1645122599,MCX:SILVERM22FEB58500CE,11,20
2037,SILVERM 22 Feb 17 58500 PE,31,1,1645122599,MCX:SILVERM22FEB58500PE,11,20
2038,SILVERM 22 Feb 17 58750 CE,31,1,1645122599,MCX:SILVERM22FEB58750CE,11,20
2039,SILVERM 22 Feb 17 58750 PE,31,1,1645122599,MCX:SILVERM22FEB58750PE,11,20
2040,SILVERM 22 Feb 17 56000 CE,31,1,1645122599,MCX:SILVERM22FEB56000CE,11,20
2041,SILVERM 22 Feb 17 56000 PE,31,1,1645122599,MCX:SILVERM22FEB56000PE,11,20
2042,SILVERM 22 Feb 17 56250 CE,31,1,1645122599,MCX:SILVERM22FEB56250CE,11,20
2043,SILVERM 22 Feb 17 56250 PE,31,1,1645122599,MCX:SILVERM22FEB56250PE,11,20
2044,SILVERM 22 Feb 17 56500 CE,31,1,1645122599,MCX:SILVERM22FEB56500CE,11,20
2045,SILVERM 22 Feb 17 56500 PE,31,1,1645122599,MCX:SILVERM22FEB56500PE,11,20
2046,SILVERM 22 Feb 17 56750 CE,31,1,1645122599,MCX:SILVERM22FEB56750CE,11,20
2047,SILVERM 22 Feb 17 56750 PE,31,1,1645122599,MCX:SILVERM22FEB56750PE,11,20
2048,SILVERM 22 Feb 17 57000 CE,31,1,1645122599,MCX:SILVERM22FEB57000CE,11,20
2049,SILVERM 22 Feb 17 57000 PE,31,1,1645122599,MCX:SILVERM22FEB57000PE,11,20
2050,SILVERM 22 Feb 17 57250 CE,31,1,1645122599,MCX:SILVERM22FEB57250CE,11,20
2051,SILVERM 22 Feb 17 57250 PE,31,1,1645122599,MCX:SILVERM22FEB57250PE,11,20
2052,SILVERM 22 Feb 17 57500 CE,31,1,1645122599,MCX:SILVERM22FEB57500CE,11,20
2053,SILVERM 22 Feb 17 57500 PE,31,1,1645122599,MCX:SILVERM22FEB57500PE,11,20
2054,SILVERM 22 Feb 17 57750 CE,31,1,1645122599,MCX:SILVERM22FEB57750CE,11,20
2055,SILVERM 22 Feb 17 57750 PE,31,1,1645122599,MCX:SILVERM22FEB57750PE,11,20
2056,SILVERM 22 Feb 17 55000 CE,31,1,1645122599,MCX:SILVERM22FEB55000CE,11,20
2057,SILVERM 22 Feb 17 55000 PE,31,1,1645122599,MCX:SILVERM22FEB55000PE,11,20
2058,SILVERM 22 Feb 17 55250 CE,31,1,1645122599,MCX:SILVERM22FEB55250CE,11,20
2059,SILVERM 22 Feb 17 55250 PE,31,1,1645122599,MCX:SILVERM22FEB55250PE,11,20
2060,SILVERM 22 Feb 17 55500 CE,31,1,1645122599,MCX:SILVERM22FEB55500CE,11,20
2061,SILVERM 22 Feb 17 55500 PE,31,1,1645122599,MCX:SILVERM22FEB55500PE,11,20
2062,SILVERM 22 Feb 17 55750 CE,31,1,1645122599,MCX:SILVERM22FEB55750CE,11,20
2063,SILVERM 22 Feb 17 55750 PE,31,1,1645122599,MCX:SILVERM22FEB55750PE,11,20
2064,SILVERM 22 Feb 17 54500 CE,31,1,1645122599,MCX:SILVERM22FEB54500CE,11,20
2065,SILVERM 22 Feb 17 54500 PE,31,1,1645122599,MCX:SILVERM22FEB54500PE,11,20
2066,SILVERM 22 Feb 17 54750 CE,31,1,1645122599,MCX:SILVERM22FEB54750CE,11,20
2067,SILVERM 22 Feb 17 54750 PE,31,1,1645122599,MCX:SILVERM22FEB54750PE,11,20
2068,SILVERM 22 Feb 17 53000 CE,31,1,1645122599,MCX:SILVERM22FEB53000CE,11,20
2069,SILVERM 22 Feb 17 53000 PE,31,1,1645122599,MCX:SILVERM22FEB53000PE,11,20
2070,SILVERM 22 Feb 17 53250 CE,31,1,1645122599,MCX:SILVERM22FEB53250CE,11,20
2071,SILVERM 22 Feb 17 53250 PE,31,1,1645122599,MCX:SILVERM22FEB53250PE,11,20
2072,SILVERM 22 Feb 17 53500 CE,31,1,1645122599,MCX:SILVERM22FEB53500CE,11,20
2073,SILVERM 22 Feb 17 53500 PE,31,1,1645122599,MCX:SILVERM22FEB53500PE,11,20
2074,SILVERM 22 Feb 17 53750 CE,31,1,1645122599,MCX:SILVERM22FEB53750CE,11,20
2075,SILVERM 22 Feb 17 53750 PE,31,1,1645122599,MCX:SILVERM22FEB53750PE,11,20
2076,SILVERM 22 Feb 17 54000 CE,31,1,1645122599,MCX:SILVERM22FEB54000CE,11,20
2077,SILVERM 22 Feb 17 54000 PE,31,1,1645122599,MCX:SILVERM22FEB54000PE,11,20
2078,SILVERM 22 Feb 17 54250 CE,31,1,1645122599,MCX:SILVERM22FEB54250CE,11,20
2079,SILVERM 22 Feb 17 54250 PE,31,1,1645122599,MCX:SILVERM22FEB54250PE,11,20
2080,CRUDEOIL 22 Feb 18 FUT,30,1,1645208999,MCX:CRUDEOIL22FEBFUT,11,20
2081,SILVER 22 Feb 23 65500 CE,31,1,1645640999,MCX:SILVER22FEB65500CE,11,20
2082,SILVER 22 Feb 23 65500 PE,31,1,1645640999,MCX:SILVER22FEB65500PE,11,20
2083,SILVER 22 Feb 23 65750 CE,31,1,1645640999,MCX:SILVER22FEB65750CE,11,20
2084,SILVER 22 Feb 23 65750 PE,31,1,1645640999,MCX:SILVER22FEB65750PE,11,20
2085,SILVER 22 Feb 23 66000 CE,31,1,1645640999,MCX:SILVER22FEB66000CE,11,20
2086,SILVER 22 Feb 23 66000 PE,31,1,1645640999,MCX:SILVER22FEB66000PE,11,20
2087,SILVER 22 Feb 23 66250 CE,31,1,1645640999,MCX:SILVER22FEB66250CE,11,20
2088,SILVER 22 Feb 23 66250 PE,31,1,1645640999,MCX:SILVER22FEB66250PE,11,20
2089,SILVER 22 Feb 23 66500 CE,31,1,1645640999,MCX:SILVER22FEB66500CE,11,20
2090,SILVER 22 Feb 23 66500 PE,31,1,1645640999,MCX:SILVER22FEB66500PE,11,20
2091,SILVER 22 Feb 23 66750 CE,31,1,1645640999,MCX:SILVER22FEB66750CE,11,20
2092,SILVER 22 Feb 23 66750 PE,31,1,1645640999,MCX:SILVER22FEB66750PE,11,20
2093,SILVER 22 Feb 23 67000 CE,31,1,1645640999,MCX:SILVER22FEB67000CE,11,20
2094,SILVER 22 Feb 23 67000 PE,31,1,1645640999,MCX:SILVER22FEB67000PE,11,20
2095,SILVER 22 Feb 23 67250 CE,31,1,1645640999,MCX:SILVER22FEB67250CE,11,20
2096,SILVER 22 Feb 23 67250 PE,31,1,1645640999,MCX:SILVER22FEB67250PE,11,20
2097,SILVER 22 Feb 23 67500 CE,31,1,1645640999,MCX:SILVER22FEB67500CE,11,20
2098,SILVER 22 Feb 23 67500 PE,31,1,1645640999,MCX:SILVER22FEB67500PE,11,20
2099,SILVER 22 Feb 23 67750 CE,31,1,1645640999,MCX:SILVER22FEB67750CE,11,20
2100,SILVER 22 Feb 23 67750 PE,31,1,1645640999,MCX:SILVER22FEB67750PE,11,20
2101,SILVER 22 Feb 23 68000 CE,31,1,1645640999,MCX:SILVER22FEB68000CE,11,20
2102,SILVER 22 Feb 23 68000 PE,31,1,1645640999,MCX:SILVER22FEB68000PE,11,20
2103,SILVER 22 Feb 23 68250 CE,31,1,1645640999,MCX:SILVER22FEB68250CE,11,20
2104,SILVER 22 Feb 23 68250 PE,31,1,1645640999,MCX:SILVER22FEB68250PE,11,20
2105,SILVER 22 Feb 23 68500 CE,31,1,1645640999,MCX:SILVER22FEB68500CE,11,20
2106,SILVER 22 Feb 23 68500 PE,31,1,1645640999,MCX:SILVER22FEB68500PE,11,20
2107,SILVER 22 Feb 23 68750 CE,31,1,1645640999,MCX:SILVER22FEB68750CE,11,20
2108,SILVER 22 Feb 23 68750 PE,31,1,1645640999,MCX:SILVER22FEB68750PE,11,20
2109,SILVER 22 Feb 23 69000 CE,31,1,1645640999,MCX:SILVER22FEB69000CE,11,20
2110,SILVER 22 Feb 23 69000 PE,31,1,1645640999,MCX:SILVER22FEB69000PE,11,20
2111,SILVER 22 Feb 23 69250 CE,31,1,1645640999,MCX:SILVER22FEB69250CE,11,20
2112,SILVER 22 Feb 23 69250 PE,31,1,1645640999,MCX:SILVER22FEB69250PE,11,20
2113,SILVER 22 Feb 23 69500 CE,31,1,1645640999,MCX:SILVER22FEB69500CE,11,20
2114,SILVER 22 Feb 23 69500 PE,31,1,1645640999,MCX:SILVER22FEB69500PE,11,20
2115,SILVER 22 Feb 23 69750 CE,31,1,1645640999,MCX:SILVER22FEB69750CE,11,20
2116,SILVER 22 Feb 23 69750 PE,31,1,1645640999,MCX:SILVER22FEB69750PE,11,20
2117,SILVER 22 Feb 23 70000 CE,31,1,1645640999,MCX:SILVER22FEB70000CE,11,20
2118,SILVER 22 Feb 23 70000 PE,31,1,1645640999,MCX:SILVER22FEB70000PE,11,20
2119,SILVER 22 Feb 23 70250 CE,31,1,1645640999,MCX:SILVER22FEB70250CE,11,20
2120,SILVER 22 Feb 23 70250 PE,31,1,1645640999,MCX:SILVER22FEB70250PE,11,20
2121,SILVER 22 Feb 23 70500 CE,31,1,1645640999,MCX:SILVER22FEB70500CE,11,20
2122,SILVER 22 Feb 23 70500 PE,31,1,1645640999,MCX:SILVER22FEB70500PE,11,20
2123,SILVER 22 Feb 23 70750 CE,31,1,1645640999,MCX:SILVER22FEB70750CE,11,20
2124,SILVER 22 Feb 23 70750 PE,31,1,1645640999,MCX:SILVER22FEB70750PE,11,20
2125,SILVER 22 Feb 23 71000 CE,31,1,1645640999,MCX:SILVER22FEB71000CE,11,20
2126,SILVER 22 Feb 23 71000 PE,31,1,1645640999,MCX:SILVER22FEB71000PE,11,20
2127,SILVER 22 Feb 23 71250 CE,31,1,1645640999,MCX:SILVER22FEB71250CE,11,20
2128,SILVER 22 Feb 23 71250 PE,31,1,1645640999,MCX:SILVER22FEB71250PE,11,20
2129,SILVER 22 Feb 23 71500 CE,31,1,1645640999,MCX:SILVER22FEB71500CE,11,20
2130,SILVER 22 Feb 23 71500 PE,31,1,1645640999,MCX:SILVER22FEB71500PE,11,20
2131,SILVER 22 Feb 23 71750 CE,31,1,1645640999,MCX:SILVER22FEB71750CE,11,20
2132,SILVER 22 Feb 23 71750 PE,31,1,1645640999,MCX:SILVER22FEB71750PE,11,20
2133,SILVER 22 Feb 23 72000 CE,31,1,1645640999,MCX:SILVER22FEB72000CE,11,20
2134,SILVER 22 Feb 23 72000 PE,31,1,1645640999,MCX:SILVER22FEB72000PE,11,20
2135,SILVER 22 Feb 23 72250 CE,31,1,1645640999,MCX:SILVER22FEB72250CE,11,20
2136,SILVER 22 Feb 23 72250 PE,31,1,1645640999,MCX:SILVER22FEB72250PE,11,20
2137,SILVER 22 Feb 23 72500 CE,31,1,1645640999,MCX:SILVER22FEB72500CE,11,20
2138,SILVER 22 Feb 23 72500 PE,31,1,1645640999,MCX:SILVER22FEB72500PE,11,20
2139,SILVER 22 Feb 23 72750 CE,31,1,1645640999,MCX:SILVER22FEB72750CE,11,20
2140,SILVER 22 Feb 23 72750 PE,31,1,1645640999,MCX:SILVER22FEB72750PE,11,20
2141,SILVER 22 Feb 23 73000 CE,31,1,1645640999,MCX:SILVER22FEB73000CE,11,20
2142,SILVER 22 Feb 23 73000 PE,31,1,1645640999,MCX:SILVER22FEB73000PE,11,20
2143,SILVER 22 Feb 23 73250 CE,31,1,1645640999,MCX:SILVER22FEB73250CE,11,20
2144,SILVER 22 Feb 23 73250 PE,31,1,1645640999,MCX:SILVER22FEB73250PE,11,20
2145,SILVER 22 Feb 23 73500 CE,31,1,1645640999,MCX:SILVER22FEB73500CE,11,20
2146,SILVER 22 Feb 23 73500 PE,31,1,1645640999,MCX:SILVER22FEB73500PE,11,20
2147,SILVER 22 Feb 23 73750 CE,31,1,1645640999,MCX:SILVER22FEB73750CE,11,20
2148,SILVER 22 Feb 23 73750 PE,31,1,1645640999,MCX:SILVER22FEB73750PE,11,20
2149,SILVER 22 Feb 23 74000 CE,31,1,1645640999,MCX:SILVER22FEB74000CE,11,20
2150,SILVER 22 Feb 23 74000 PE,31,1,1645640999,MCX:SILVER22FEB74000PE,11,20
2151,SILVER 22 Feb 23 74250 CE,31,1,1645640999,MCX:SILVER22FEB74250CE,11,20
2152,SILVER 22 Feb 23 74250 PE,31,1,1645640999,MCX:SILVER22FEB74250PE,11,20
2153,SILVER 22 Feb 23 74500 CE,31,1,1645640999,MCX:SILVER22FEB74500CE,11,20
2154,SILVER 22 Feb 23 74500 PE,31,1,1645640999,MCX:SILVER22FEB74500PE,11,20
2155,SILVER 22 Feb 23 74750 CE,31,1,1645640999,MCX:SILVER22FEB74750CE,11,20
2156,SILVER 22 Feb 23 74750 PE,31,1,1645640999,MCX:SILVER22FEB74750PE,11,20
2157,SILVER 22 Feb 23 75000 CE,31,1,1645640999,MCX:SILVER22FEB75000CE,11,20
2158,SILVER 22 Feb 23 75000 PE,31,1,1645640999,MCX:SILVER22FEB75000PE,11,20
2159,SILVER 22 Feb 23 75250 CE,31,1,1645640999,MCX:SILVER22FEB75250CE,11,20
2160,SILVER 22 Feb 23 75250 PE,31,1,1645640999,MCX:SILVER22FEB75250PE,11,20
2161,SILVER 22 Feb 23 75500 CE,31,1,1645640999,MCX:SILVER22FEB75500CE,11,20
2162,SILVER 22 Feb 23 75500 PE,31,1,1645640999,MCX:SILVER22FEB75500PE,11,20
2163,SILVER 22 Feb 23 75750 CE,31,1,1645640999,MCX:SILVER22FEB75750CE,11,20
2164,SILVER 22 Feb 23 75750 PE,31,1,1645640999,MCX:SILVER22FEB75750PE,11,20
2165,SILVER 22 Feb 23 76000 CE,31,1,1645640999,MCX:SILVER22FEB76000CE,11,20
2166,SILVER 22 Feb 23 76000 PE,31,1,1645640999,MCX:SILVER22FEB76000PE,11,20
2167,SILVER 22 Feb 23 76250 CE,31,1,1645640999,MCX:SILVER22FEB76250CE,11,20
2168,SILVER 22 Feb 23 76250 PE,31,1,1645640999,MCX:SILVER22FEB76250PE,11,20
2169,SILVER 22 Feb 23 76500 CE,31,1,1645640999,MCX:SILVER22FEB76500CE,11,20
2170,SILVER 22 Feb 23 76500 PE,31,1,1645640999,MCX:SILVER22FEB76500PE,11,20
2171,SILVER 22 Feb 23 76750 CE,31,1,1645640999,MCX:SILVER22FEB76750CE,11,20
2172,SILVER 22 Feb 23 76750 PE,31,1,1645640999,MCX:SILVER22FEB76750PE,11,20
2173,SILVER 22 Feb 23 77000 CE,31,1,1645640999,MCX:SILVER22FEB77000CE,11,20
2174,SILVER 22 Feb 23 77000 PE,31,1,1645640999,MCX:SILVER22FEB77000PE,11,20
2175,SILVER 22 Feb 23 77250 CE,31,1,1645640999,MCX:SILVER22FEB77250CE,11,20
2176,SILVER 22 Feb 23 77250 PE,31,1,1645640999,MCX:SILVER22FEB77250PE,11,20
2177,SILVER 22 Feb 23 77500 CE,31,1,1645640999,MCX:SILVER22FEB77500CE,11,20
2178,SILVER 22 Feb 23 77500 PE,31,1,1645640999,MCX:SILVER22FEB77500PE,11,20
2179,SILVER 22 Feb 23 77750 CE,31,1,1645640999,MCX:SILVER22FEB77750CE,11,20
2180,SILVER 22 Feb 23 77750 PE,31,1,1645640999,MCX:SILVER22FEB77750PE,11,20
2181,SILVER 22 Feb 23 78000 CE,31,1,1645640999,MCX:SILVER22FEB78000CE,11,20
2182,SILVER 22 Feb 23 78000 PE,31,1,1645640999,MCX:SILVER22FEB78000PE,11,20
2183,SILVER 22 Feb 23 78250 CE,31,1,1645640999,MCX:SILVER22FEB78250CE,11,20
2184,SILVER 22 Feb 23 78250 PE,31,1,1645640999,MCX:SILVER22FEB78250PE,11,20
2185,SILVER 22 Feb 23 78500 CE,31,1,1645640999,MCX:SILVER22FEB78500CE,11,20
2186,SILVER 22 Feb 23 78500 PE,31,1,1645640999,MCX:SILVER22FEB78500PE,11,20
2187,SILVER 22 Feb 23 78750 CE,31,1,1645640999,MCX:SILVER22FEB78750CE,11,20
2188,SILVER 22 Feb 23 78750 PE,31,1,1645640999,MCX:SILVER22FEB78750PE,11,20
2189,SILVER 22 Feb 23 79000 CE,31,1,1645640999,MCX:SILVER22FEB79000CE,11,20
2190,SILVER 22 Feb 23 79000 PE,31,1,1645640999,MCX:SILVER22FEB79000PE,11,20
2191,SILVER 22 Feb 23 79250 CE,31,1,1645640999,MCX:SILVER22FEB79250CE,11,20
2192,SILVER 22 Feb 23 79250 PE,31,1,1645640999,MCX:SILVER22FEB79250PE,11,20
2193,SILVER 22 Feb 23 79500 CE,31,1,1645640999,MCX:SILVER22FEB79500CE,11,20
2194,SILVER 22 Feb 23 79500 PE,31,1,1645640999,MCX:SILVER22FEB79500PE,11,20
2195,SILVER 22 Feb 23 79750 CE,31,1,1645640999,MCX:SILVER22FEB79750CE,11,20
2196,SILVER 22 Feb 23 79750 PE,31,1,1645640999,MCX:SILVER22FEB79750PE,11,20
2197,SILVER 22 Feb 23 80000 CE,31,1,1645640999,MCX:SILVER22FEB80000CE,11,20
2198,SILVER 22 Feb 23 80000 PE,31,1,1645640999,MCX:SILVER22FEB80000PE,11,20
2199,SILVER 22 Feb 23 80250 CE,31,1,1645640999,MCX:SILVER22FEB80250CE,11,20
2200,SILVER 22 Feb 23 80250 PE,31,1,1645640999,MCX:SILVER22FEB80250PE,11,20
2201,SILVER 22 Feb 23 80500 CE,31,1,1645640999,MCX:SILVER22FEB80500CE,11,20
2202,SILVER 22 Feb 23 80500 PE,31,1,1645640999,MCX:SILVER22FEB80500PE,11,20
2203,SILVER 22 Feb 23 80750 CE,31,1,1645640999,MCX:SILVER22FEB80750CE,11,20
2204,SILVER 22 Feb 23 80750 PE,31,1,1645640999,MCX:SILVER22FEB80750PE,11,20
2205,SILVER 22 Feb 23 81000 CE,31,1,1645640999,MCX:SILVER22FEB81000CE,11,20
2206,SILVER 22 Feb 23 81000 PE,31,1,1645640999,MCX:SILVER22FEB81000PE,11,20
2207,SILVER 22 Feb 23 81250 CE,31,1,1645640999,MCX:SILVER22FEB81250CE,11,20
2208,SILVER 22 Feb 23 81250 PE,31,1,1645640999,MCX:SILVER22FEB81250PE,11,20
2209,SILVER 22 Feb 23 64250 CE,31,1,1645640999,MCX:SILVER22FEB64250CE,11,20
2210,SILVER 22 Feb 23 64250 PE,31,1,1645640999,MCX:SILVER22FEB64250PE,11,20
2211,SILVER 22 Feb 23 64500 CE,31,1,1645640999,MCX:SILVER22FEB64500CE,11,20
2212,SILVER 22 Feb 23 64500 PE,31,1,1645640999,MCX:SILVER22FEB64500PE,11,20
2213,SILVER 22 Feb 23 64750 CE,31,1,1645640999,MCX:SILVER22FEB64750CE,11,20
2214,SILVER 22 Feb 23 64750 PE,31,1,1645640999,MCX:SILVER22FEB64750PE,11,20
2215,SILVER 22 Feb 23 65000 CE,31,1,1645640999,MCX:SILVER22FEB65000CE,11,20
2216,SILVER 22 Feb 23 65000 PE,31,1,1645640999,MCX:SILVER22FEB65000PE,11,20
2217,SILVER 22 Feb 23 65250 CE,31,1,1645640999,MCX:SILVER22FEB65250CE,11,20
2218,SILVER 22 Feb 23 65250 PE,31,1,1645640999,MCX:SILVER22FEB65250PE,11,20
2219,SILVER 22 Feb 23 81500 CE,31,1,1645640999,MCX:SILVER22FEB81500CE,11,20
2220,SILVER 22 Feb 23 81500 PE,31,1,1645640999,MCX:SILVER22FEB81500PE,11,20
2221,SILVER 22 Feb 23 81750 CE,31,1,1645640999,MCX:SILVER22FEB81750CE,11,20
2222,SILVER 22 Feb 23 81750 PE,31,1,1645640999,MCX:SILVER22FEB81750PE,11,20
2223,SILVER 22 Feb 23 82000 CE,31,1,1645640999,MCX:SILVER22FEB82000CE,11,20
2224,SILVER 22 Feb 23 82000 PE,31,1,1645640999,MCX:SILVER22FEB82000PE,11,20
2225,SILVER 22 Feb 23 82250 CE,31,1,1645640999,MCX:SILVER22FEB82250CE,11,20
2226,SILVER 22 Feb 23 82250 PE,31,1,1645640999,MCX:SILVER22FEB82250PE,11,20
2227,SILVER 22 Feb 23 82500 CE,31,1,1645640999,MCX:SILVER22FEB82500CE,11,20
2228,SILVER 22 Feb 23 82500 PE,31,1,1645640999,MCX:SILVER22FEB82500PE,11,20
2229,SILVER 22 Feb 23 82750 CE,31,1,1645640999,MCX:SILVER22FEB82750CE,11,20
2230,SILVER 22 Feb 23 82750 PE,31,1,1645640999,MCX:SILVER22FEB82750PE,11,20
2231,SILVER 22 Feb 23 83000 CE,31,1,1645640999,MCX:SILVER22FEB83000CE,11,20
2232,SILVER 22 Feb 23 83000 PE,31,1,1645640999,MCX:SILVER22FEB83000PE,11,20
2233,SILVER 22 Feb 23 83250 CE,31,1,1645640999,MCX:SILVER22FEB83250CE,11,20
2234,SILVER 22 Feb 23 83250 PE,31,1,1645640999,MCX:SILVER22FEB83250PE,11,20
2235,SILVER 22 Feb 23 83500 CE,31,1,1645640999,MCX:SILVER22FEB83500CE,11,20
2236,SILVER 22 Feb 23 83500 PE,31,1,1645640999,MCX:SILVER22FEB83500PE,11,20
2237,SILVER 22 Feb 23 83750 CE,31,1,1645640999,MCX:SILVER22FEB83750CE,11,20
2238,SILVER 22 Feb 23 83750 PE,31,1,1645640999,MCX:SILVER22FEB83750PE,11,20
2239,SILVER 22 Feb 23 63500 CE,31,1,1645640999,MCX:SILVER22FEB63500CE,11,20
2240,SILVER 22 Feb 23 63500 PE,31,1,1645640999,MCX:SILVER22FEB63500PE,11,20
2241,SILVER 22 Feb 23 63750 CE,31,1,1645640999,MCX:SILVER22FEB63750CE,11,20
2242,SILVER 22 Feb 23 63750 PE,31,1,1645640999,MCX:SILVER22FEB63750PE,11,20
2243,SILVER 22 Feb 23 64000 CE,31,1,1645640999,MCX:SILVER22FEB64000CE,11,20
2244,SILVER 22 Feb 23 64000 PE,31,1,1645640999,MCX:SILVER22FEB64000PE,11,20
2245,SILVER 22 Feb 23 63000 CE,31,1,1645640999,MCX:SILVER22FEB63000CE,11,20
2246,SILVER 22 Feb 23 63000 PE,31,1,1645640999,MCX:SILVER22FEB63000PE,11,20
2247,SILVER 22 Feb 23 63250 CE,31,1,1645640999,MCX:SILVER22FEB63250CE,11,20
2248,SILVER 22 Feb 23 63250 PE,31,1,1645640999,MCX:SILVER22FEB63250PE,11,20
2249,SILVER 22 Feb 23 61750 CE,31,1,1645640999,MCX:SILVER22FEB61750CE,11,20
2250,SILVER 22 Feb 23 61750 PE,31,1,1645640999,MCX:SILVER22FEB61750PE,11,20
2251,SILVER 22 Feb 23 62000 CE,31,1,1645640999,MCX:SILVER22FEB62000CE,11,20
2252,SILVER 22 Feb 23 62000 PE,31,1,1645640999,MCX:SILVER22FEB62000PE,11,20
2253,SILVER 22 Feb 23 62250 CE,31,1,1645640999,MCX:SILVER22FEB62250CE,11,20
2254,SILVER 22 Feb 23 62250 PE,31,1,1645640999,MCX:SILVER22FEB62250PE,11,20
2255,SILVER 22 Feb 23 62500 CE,31,1,1645640999,MCX:SILVER22FEB62500CE,11,20
2256,SILVER 22 Feb 23 62500 PE,31,1,1645640999,MCX:SILVER22FEB62500PE,11,20
2257,SILVER 22 Feb 23 62750 CE,31,1,1645640999,MCX:SILVER22FEB62750CE,11,20
2258,SILVER 22 Feb 23 62750 PE,31,1,1645640999,MCX:SILVER22FEB62750PE,11,20
2259,SILVER 22 Feb 23 60500 CE,31,1,1645640999,MCX:SILVER22FEB60500CE,11,20
2260,SILVER 22 Feb 23 60500 PE,31,1,1645640999,MCX:SILVER22FEB60500PE,11,20
2261,SILVER 22 Feb 23 60750 CE,31,1,1645640999,MCX:SILVER22FEB60750CE,11,20
2262,SILVER 22 Feb 23 60750 PE,31,1,1645640999,MCX:SILVER22FEB60750PE,11,20
2263,SILVER 22 Feb 23 61000 CE,31,1,1645640999,MCX:SILVER22FEB61000CE,11,20
2264,SILVER 22 Feb 23 61000 PE,31,1,1645640999,MCX:SILVER22FEB61000PE,11,20
2265,SILVER 22 Feb 23 61250 CE,31,1,1645640999,MCX:SILVER22FEB61250CE,11,20
2266,SILVER 22 Feb 23 61250 PE,31,1,1645640999,MCX:SILVER22FEB61250PE,11,20
2267,SILVER 22 Feb 23 61500 CE,31,1,1645640999,MCX:SILVER22FEB61500CE,11,20
2268,SILVER 22 Feb 23 61500 PE,31,1,1645640999,MCX:SILVER22FEB61500PE,11,20
2269,SILVER 22 Feb 23 58000 CE,31,1,1645640999,MCX:SILVER22FEB58000CE,11,20
2270,SILVER 22 Feb 23 58000 PE,31,1,1645640999,MCX:SILVER22FEB58000PE,11,20
2271,SILVER 22 Feb 23 58250 CE,31,1,1645640999,MCX:SILVER22FEB58250CE,11,20
2272,SILVER 22 Feb 23 58250 PE,31,1,1645640999,MCX:SILVER22FEB58250PE,11,20
2273,SILVER 22 Feb 23 58500 CE,31,1,1645640999,MCX:SILVER22FEB58500CE,11,20
2274,SILVER 22 Feb 23 58500 PE,31,1,1645640999,MCX:SILVER22FEB58500PE,11,20
2275,SILVER 22 Feb 23 58750 CE,31,1,1645640999,MCX:SILVER22FEB58750CE,11,20
2276,SILVER 22 Feb 23 58750 PE,31,1,1645640999,MCX:SILVER22FEB58750PE,11,20
2277,SILVER 22 Feb 23 59000 CE,31,1,1645640999,MCX:SILVER22FEB59000CE,11,20
2278,SILVER 22 Feb 23 59000 PE,31,1,1645640999,MCX:SILVER22FEB59000PE,11,20
2279,SILVER 22 Feb 23 59250 CE,31,1,1645640999,MCX:SILVER22FEB59250CE,11,20
2280,SILVER 22 Feb 23 59250 PE,31,1,1645640999,MCX:SILVER22FEB59250PE,11,20
2281,SILVER 22 Feb 23 59500 CE,31,1,1645640999,MCX:SILVER22FEB59500CE,11,20
2282,SILVER 22 Feb 23 59500 PE,31,1,1645640999,MCX:SILVER22FEB59500PE,11,20
2283,SILVER 22 Feb 23 59750 CE,31,1,1645640999,MCX:SILVER22FEB59750CE,11,20
2284,SILVER 22 Feb 23 59750 PE,31,1,1645640999,MCX:SILVER22FEB59750PE,11,20
2285,SILVER 22 Feb 23 60000 CE,31,1,1645640999,MCX:SILVER22FEB60000CE,11,20
2286,SILVER 22 Feb 23 60000 PE,31,1,1645640999,MCX:SILVER22FEB60000PE,11,20
2287,SILVER 22 Feb 23 60250 CE,31,1,1645640999,MCX:SILVER22FEB60250CE,11,20
2288,SILVER 22 Feb 23 60250 PE,31,1,1645640999,MCX:SILVER22FEB60250PE,11,20
2289,SILVER 22 Feb 23 57000 CE,31,1,1645640999,MCX:SILVER22FEB57000CE,11,20
2290,SILVER 22 Feb 23 57000 PE,31,1,1645640999,MCX:SILVER22FEB57000PE,11,20
2291,SILVER 22 Feb 23 57250 CE,31,1,1645640999,MCX:SILVER22FEB57250CE,11,20
2292,SILVER 22 Feb 23 57250 PE,31,1,1645640999,MCX:SILVER22FEB57250PE,11,20
2293,SILVER 22 Feb 23 57500 CE,31,1,1645640999,MCX:SILVER22FEB57500CE,11,20
2294,SILVER 22 Feb 23 57500 PE,31,1,1645640999,MCX:SILVER22FEB57500PE,11,20
2295,SILVER 22 Feb 23 57750 CE,31,1,1645640999,MCX:SILVER22FEB57750CE,11,20
2296,SILVER 22 Feb 23 57750 PE,31,1,1645640999,MCX:SILVER22FEB57750PE,11,20
2297,SILVER 22 Feb 23 55750 CE,31,1,1645640999,MCX:SILVER22FEB55750CE,11,20
2298,SILVER 22 Feb 23 55750 PE,31,1,1645640999,MCX:SILVER22FEB55750PE,11,20
2299,SILVER 22 Feb 23 56000 CE,31,1,1645640999,MCX:SILVER22FEB56000CE,11,20
2300,SILVER 22 Feb 23 56000 PE,31,1,1645640999,MCX:SILVER22FEB56000PE,11,20
2301,SILVER 22 Feb 23 56250 CE,31,1,1645640999,MCX:SILVER22FEB56250CE,11,20
2302,SILVER 22 Feb 23 56250 PE,31,1,1645640999,MCX:SILVER22FEB56250PE,11,20
2303,SILVER 22 Feb 23 56500 CE,31,1,1645640999,MCX:SILVER22FEB56500CE,11,20
2304,SILVER 22 Feb 23 56500 PE,31,1,1645640999,MCX:SILVER22FEB56500PE,11,20
2305,SILVER 22 Feb 23 56750 CE,31,1,1645640999,MCX:SILVER22FEB56750CE,11,20
2306,SILVER 22 Feb 23 56750 PE,31,1,1645640999,MCX:SILVER22FEB56750PE,11,20
2307,SILVER 22 Feb 23 54500 CE,31,1,1645640999,MCX:SILVER22FEB54500CE,11,20
2308,SILVER 22 Feb 23 54500 PE,31,1,1645640999,MCX:SILVER22FEB54500PE,11,20
2309,SILVER 22 Feb 23 54750 CE,31,1,1645640999,MCX:SILVER22FEB54750CE,11,20
2310,SILVER 22 Feb 23 54750 PE,31,1,1645640999,MCX:SILVER22FEB54750PE,11,20
2311,SILVER 22 Feb 23 55000 CE,31,1,1645640999,MCX:SILVER22FEB55000CE,11,20
2312,SILVER 22 Feb 23 55000 PE,31,1,1645640999,MCX:SILVER22FEB55000PE,11,20
2313,SILVER 22 Feb 23 55250 CE,31,1,1645640999,MCX:SILVER22FEB55250CE,11,20
2314,SILVER 22 Feb 23 55250 PE,31,1,1645640999,MCX:SILVER22FEB55250PE,11,20
2315,SILVER 22 Feb 23 55500 CE,31,1,1645640999,MCX:SILVER22FEB55500CE,11,20
2316,SILVER 22 Feb 23 55500 PE,31,1,1645640999,MCX:SILVER22FEB55500PE,11,20
2317,SILVER 22 Feb 23 54250 CE,31,1,1645640999,MCX:SILVER22FEB54250CE,11,20
2318,SILVER 22 Feb 23 54250 PE,31,1,1645640999,MCX:SILVER22FEB54250PE,11,20
2319,SILVER 22 Feb 23 52500 CE,31,1,1645640999,MCX:SILVER22FEB52500CE,11,20
2320,SILVER 22 Feb 23 52500 PE,31,1,1645640999,MCX:SILVER22FEB52500PE,11,20
2321,SILVER 22 Feb 23 52750 CE,31,1,1645640999,MCX:SILVER22FEB52750CE,11,20
2322,SILVER 22 Feb 23 52750 PE,31,1,1645640999,MCX:SILVER22FEB52750PE,11,20
2323,SILVER 22 Feb 23 53000 CE,31,1,1645640999,MCX:SILVER22FEB53000CE,11,20
2324,SILVER 22 Feb 23 53000 PE,31,1,1645640999,MCX:SILVER22FEB53000PE,11,20
2325,SILVER 22 Feb 23 53250 CE,31,1,1645640999,MCX:SILVER22FEB53250CE,11,20
2326,SILVER 22 Feb 23 53250 PE,31,1,1645640999,MCX:SILVER22FEB53250PE,11,20
2327,SILVER 22 Feb 23 53500 CE,31,1,1645640999,MCX:SILVER22FEB53500CE,11,20
2328,SILVER 22 Feb 23 53500 PE,31,1,1645640999,MCX:SILVER22FEB53500PE,11,20
2329,SILVER 22 Feb 23 53750 CE,31,1,1645640999,MCX:SILVER22FEB53750CE,11,20
2330,SILVER 22 Feb 23 53750 PE,31,1,1645640999,MCX:SILVER22FEB53750PE,11,20
2331,SILVER 22 Feb 23 54000 CE,31,1,1645640999,MCX:SILVER22FEB54000CE,11,20
2332,SILVER 22 Feb 23 54000 PE,31,1,1645640999,MCX:SILVER22FEB54000PE,11,20
2333,KAPAS 22 Feb 28 FUT,30,1,1646072999,MCX:KAPAS22FEBFUT,11,20
2334,SILVERM 22 Feb 28 FUT,30,1,1646072999,MCX:SILVERM22FEBFUT,11,20
2335,SILVERMIC 22 Feb 28 FUT,30,1,1646072999,MCX:SILVERMIC22FEBFUT,11,20
2336,COTTON 22 Feb 28 FUT,30,1,1646072999,MCX:COTTON22FEBFUT,11,20
2337,MENTHAOIL 22 Feb 28 FUT,30,1,1646072999,MCX:MENTHAOIL22FEBFUT,11,20
2338,ALUMINIUM 22 Feb 28 FUT,30,1,1646072999,MCX:ALUMINIUM22FEBFUT,11,20
2339,COPPER 22 Feb 28 FUT,30,1,1646072999,MCX:COPPER22FEBFUT,11,20
2340,CPO 22 Feb 28 FUT,30,1,1646072999,MCX:CPO22FEBFUT,11,20
2341,LEAD 22 Feb 28 FUT,30,1,1646072999,MCX:LEAD22FEBFUT,11,20
2342,NICKEL 22 Feb 28 FUT,30,1,1646072999,MCX:NICKEL22FEBFUT,11,20
2343,ZINC 22 Feb 28 FUT,30,1,1646072999,MCX:ZINC22FEBFUT,11,20
2344,RUBBER 22 Feb 28 FUT,30,1,1646072999,MCX:RUBBER22FEBFUT,11,20
2345,SILVER 22 Mar 04 FUT,30,1,1646418599,MCX:SILVER22MARFUT,11,20
2346,CRUDEOIL 22 Mar 21 FUT,30,1,1647887399,MCX:CRUDEOIL22MARFUT,11,20
2347,GOLD 22 Mar 25 45800 CE,31,1,1648232999,MCX:GOLD22MAR45800CE,11,20
2348,GOLD 22 Mar 25 45800 PE,31,1,1648232999,MCX:GOLD22MAR45800PE,11,20
2349,GOLD 22 Mar 25 45900 CE,31,1,1648232999,MCX:GOLD22MAR45900CE,11,20
2350,GOLD 22 Mar 25 45900 PE,31,1,1648232999,MCX:GOLD22MAR45900PE,11,20
2351,GOLD 22 Mar 25 46000 CE,31,1,1648232999,MCX:GOLD22MAR46000CE,11,20
2352,GOLD 22 Mar 25 46000 PE,31,1,1648232999,MCX:GOLD22MAR46000PE,11,20
2353,GOLD 22 Mar 25 46100 CE,31,1,1648232999,MCX:GOLD22MAR46100CE,11,20
2354,GOLD 22 Mar 25 46100 PE,31,1,1648232999,MCX:GOLD22MAR46100PE,11,20
2355,GOLD 22 Mar 25 46200 CE,31,1,1648232999,MCX:GOLD22MAR46200CE,11,20
2356,GOLD 22 Mar 25 46200 PE,31,1,1648232999,MCX:GOLD22MAR46200PE,11,20
2357,GOLD 22 Mar 25 46300 CE,31,1,1648232999,MCX:GOLD22MAR46300CE,11,20
2358,GOLD 22 Mar 25 46300 PE,31,1,1648232999,MCX:GOLD22MAR46300PE,11,20
2359,GOLD 22 Mar 25 46400 CE,31,1,1648232999,MCX:GOLD22MAR46400CE,11,20
2360,GOLD 22 Mar 25 46400 PE,31,1,1648232999,MCX:GOLD22MAR46400PE,11,20
2361,GOLD 22 Mar 25 46500 CE,31,1,1648232999,MCX:GOLD22MAR46500CE,11,20
2362,GOLD 22 Mar 25 46500 PE,31,1,1648232999,MCX:GOLD22MAR46500PE,11,20
2363,GOLD 22 Mar 25 46600 CE,31,1,1648232999,MCX:GOLD22MAR46600CE,11,20
2364,GOLD 22 Mar 25 46600 PE,31,1,1648232999,MCX:GOLD22MAR46600PE,11,20
2365,GOLD 22 Mar 25 46700 CE,31,1,1648232999,MCX:GOLD22MAR46700CE,11,20
2366,GOLD 22 Mar 25 46700 PE,31,1,1648232999,MCX:GOLD22MAR46700PE,11,20
2367,GOLD 22 Mar 25 46800 CE,31,1,1648232999,MCX:GOLD22MAR46800CE,11,20
2368,GOLD 22 Mar 25 46800 PE,31,1,1648232999,MCX:GOLD22MAR46800PE,11,20
2369,GOLD 22 Mar 25 46900 CE,31,1,1648232999,MCX:GOLD22MAR46900CE,11,20
2370,GOLD 22 Mar 25 46900 PE,31,1,1648232999,MCX:GOLD22MAR46900PE,11,20
2371,GOLD 22 Mar 25 47000 CE,31,1,1648232999,MCX:GOLD22MAR47000CE,11,20
2372,GOLD 22 Mar 25 47000 PE,31,1,1648232999,MCX:GOLD22MAR47000PE,11,20
2373,GOLD 22 Mar 25 47100 CE,31,1,1648232999,MCX:GOLD22MAR47100CE,11,20
2374,GOLD 22 Mar 25 47100 PE,31,1,1648232999,MCX:GOLD22MAR47100PE,11,20
2375,GOLD 22 Mar 25 47200 CE,31,1,1648232999,MCX:GOLD22MAR47200CE,11,20
2376,GOLD 22 Mar 25 47200 PE,31,1,1648232999,MCX:GOLD22MAR47200PE,11,20
2377,GOLD 22 Mar 25 47300 CE,31,1,1648232999,MCX:GOLD22MAR47300CE,11,20
2378,GOLD 22 Mar 25 47300 PE,31,1,1648232999,MCX:GOLD22MAR47300PE,11,20
2379,GOLD 22 Mar 25 47400 CE,31,1,1648232999,MCX:GOLD22MAR47400CE,11,20
2380,GOLD 22 Mar 25 47400 PE,31,1,1648232999,MCX:GOLD22MAR47400PE,11,20
2381,GOLD 22 Mar 25 47500 CE,31,1,1648232999,MCX:GOLD22MAR47500CE,11,20
2382,GOLD 22 Mar 25 47500 PE,31,1,1648232999,MCX:GOLD22MAR47500PE,11,20
2383,GOLD 22 Mar 25 47600 CE,31,1,1648232999,MCX:GOLD22MAR47600CE,11,20
2384,GOLD 22 Mar 25 47600 PE,31,1,1648232999,MCX:GOLD22MAR47600PE,11,20
2385,GOLD 22 Mar 25 47700 CE,31,1,1648232999,MCX:GOLD22MAR47700CE,11,20
2386,GOLD 22 Mar 25 47700 PE,31,1,1648232999,MCX:GOLD22MAR47700PE,11,20
2387,GOLD 22 Mar 25 47800 CE,31,1,1648232999,MCX:GOLD22MAR47800CE,11,20
2388,GOLD 22 Mar 25 47800 PE,31,1,1648232999,MCX:GOLD22MAR47800PE,11,20
2389,GOLD 22 Mar 25 47900 CE,31,1,1648232999,MCX:GOLD22MAR47900CE,11,20
2390,GOLD 22 Mar 25 47900 PE,31,1,1648232999,MCX:GOLD22MAR47900PE,11,20
2391,GOLD 22 Mar 25 48000 CE,31,1,1648232999,MCX:GOLD22MAR48000CE,11,20
2392,GOLD 22 Mar 25 48000 PE,31,1,1648232999,MCX:GOLD22MAR48000PE,11,20
2393,GOLD 22 Mar 25 48100 CE,31,1,1648232999,MCX:GOLD22MAR48100CE,11,20
2394,GOLD 22 Mar 25 48100 PE,31,1,1648232999,MCX:GOLD22MAR48100PE,11,20
2395,GOLD 22 Mar 25 48200 CE,31,1,1648232999,MCX:GOLD22MAR48200CE,11,20
2396,GOLD 22 Mar 25 48200 PE,31,1,1648232999,MCX:GOLD22MAR48200PE,11,20
2397,GOLD 22 Mar 25 48300 CE,31,1,1648232999,MCX:GOLD22MAR48300CE,11,20
2398,GOLD 22 Mar 25 48300 PE,31,1,1648232999,MCX:GOLD22MAR48300PE,11,20
2399,GOLD 22 Mar 25 48400 CE,31,1,1648232999,MCX:GOLD22MAR48400CE,11,20
2400,GOLD 22 Mar 25 48400 PE,31,1,1648232999,MCX:GOLD22MAR48400PE,11,20
2401,GOLD 22 Mar 25 48500 CE,31,1,1648232999,MCX:GOLD22MAR48500CE,11,20
2402,GOLD 22 Mar 25 48500 PE,31,1,1648232999,MCX:GOLD22MAR48500PE,11,20
2403,GOLD 22 Mar 25 48600 CE,31,1,1648232999,MCX:GOLD22MAR48600CE,11,20
2404,GOLD 22 Mar 25 48600 PE,31,1,1648232999,MCX:GOLD22MAR48600PE,11,20
2405,GOLD 22 Mar 25 48700 CE,31,1,1648232999,MCX:GOLD22MAR48700CE,11,20
2406,GOLD 22 Mar 25 48700 PE,31,1,1648232999,MCX:GOLD22MAR48700PE,11,20
2407,GOLD 22 Mar 25 48800 CE,31,1,1648232999,MCX:GOLD22MAR48800CE,11,20
2408,GOLD 22 Mar 25 48800 PE,31,1,1648232999,MCX:GOLD22MAR48800PE,11,20
2409,GOLD 22 Mar 25 48900 CE,31,1,1648232999,MCX:GOLD22MAR48900CE,11,20
2410,GOLD 22 Mar 25 48900 PE,31,1,1648232999,MCX:GOLD22MAR48900PE,11,20
2411,GOLD 22 Mar 25 49000 CE,31,1,1648232999,MCX:GOLD22MAR49000CE,11,20
2412,GOLD 22 Mar 25 49000 PE,31,1,1648232999,MCX:GOLD22MAR49000PE,11,20
2413,GOLD 22 Mar 25 49100 CE,31,1,1648232999,MCX:GOLD22MAR49100CE,11,20
2414,GOLD 22 Mar 25 49100 PE,31,1,1648232999,MCX:GOLD22MAR49100PE,11,20
2415,GOLD 22 Mar 25 49200 CE,31,1,1648232999,MCX:GOLD22MAR49200CE,11,20
2416,GOLD 22 Mar 25 49200 PE,31,1,1648232999,MCX:GOLD22MAR49200PE,11,20
2417,GOLD 22 Mar 25 49300 CE,31,1,1648232999,MCX:GOLD22MAR49300CE,11,20
2418,GOLD 22 Mar 25 49300 PE,31,1,1648232999,MCX:GOLD22MAR49300PE,11,20
2419,GOLD 22 Mar 25 49400 CE,31,1,1648232999,MCX:GOLD22MAR49400CE,11,20
2420,GOLD 22 Mar 25 49400 PE,31,1,1648232999,MCX:GOLD22MAR49400PE,11,20
2421,GOLD 22 Mar 25 49500 CE,31,1,1648232999,MCX:GOLD22MAR49500CE,11,20
2422,GOLD 22 Mar 25 49500 PE,31,1,1648232999,MCX:GOLD22MAR49500PE,11,20
2423,GOLD 22 Mar 25 49600 CE,31,1,1648232999,MCX:GOLD22MAR49600CE,11,20
2424,GOLD 22 Mar 25 49600 PE,31,1,1648232999,MCX:GOLD22MAR49600PE,11,20
2425,GOLD 22 Mar 25 49700 CE,31,1,1648232999,MCX:GOLD22MAR49700CE,11,20
2426,GOLD 22 Mar 25 49700 PE,31,1,1648232999,MCX:GOLD22MAR49700PE,11,20
2427,GOLD 22 Mar 25 49800 CE,31,1,1648232999,MCX:GOLD22MAR49800CE,11,20
2428,GOLD 22 Mar 25 49800 PE,31,1,1648232999,MCX:GOLD22MAR49800PE,11,20
2429,GOLD 22 Mar 25 49900 CE,31,1,1648232999,MCX:GOLD22MAR49900CE,11,20
2430,GOLD 22 Mar 25 49900 PE,31,1,1648232999,MCX:GOLD22MAR49900PE,11,20
2431,GOLD 22 Mar 25 50000 CE,31,1,1648232999,MCX:GOLD22MAR50000CE,11,20
2432,GOLD 22 Mar 25 50000 PE,31,1,1648232999,MCX:GOLD22MAR50000PE,11,20
2433,GOLD 22 Mar 25 50100 CE,31,1,1648232999,MCX:GOLD22MAR50100CE,11,20
2434,GOLD 22 Mar 25 50100 PE,31,1,1648232999,MCX:GOLD22MAR50100PE,11,20
2435,GOLD 22 Mar 25 50200 CE,31,1,1648232999,MCX:GOLD22MAR50200CE,11,20
2436,GOLD 22 Mar 25 50200 PE,31,1,1648232999,MCX:GOLD22MAR50200PE,11,20
2437,GOLD 22 Mar 25 50300 CE,31,1,1648232999,MCX:GOLD22MAR50300CE,11,20
2438,GOLD 22 Mar 25 50300 PE,31,1,1648232999,MCX:GOLD22MAR50300PE,11,20
2439,GOLD 22 Mar 25 50400 CE,31,1,1648232999,MCX:GOLD22MAR50400CE,11,20
2440,GOLD 22 Mar 25 50400 PE,31,1,1648232999,MCX:GOLD22MAR50400PE,11,20
2441,GOLD 22 Mar 25 50500 CE,31,1,1648232999,MCX:GOLD22MAR50500CE,11,20
2442,GOLD 22 Mar 25 50500 PE,31,1,1648232999,MCX:GOLD22MAR50500PE,11,20
2443,GOLD 22 Mar 25 50600 CE,31,1,1648232999,MCX:GOLD22MAR50600CE,11,20
2444,GOLD 22 Mar 25 50600 PE,31,1,1648232999,MCX:GOLD22MAR50600PE,11,20
2445,GOLD 22 Mar 25 50700 CE,31,1,1648232999,MCX:GOLD22MAR50700CE,11,20
2446,GOLD 22 Mar 25 50700 PE,31,1,1648232999,MCX:GOLD22MAR50700PE,11,20
2447,GOLD 22 Mar 25 50800 CE,31,1,1648232999,MCX:GOLD22MAR50800CE,11,20
2448,GOLD 22 Mar 25 50800 PE,31,1,1648232999,MCX:GOLD22MAR50800PE,11,20
2449,GOLD 22 Mar 25 50900 CE,31,1,1648232999,MCX:GOLD22MAR50900CE,11,20
2450,GOLD 22 Mar 25 50900 PE,31,1,1648232999,MCX:GOLD22MAR50900PE,11,20
2451,GOLD 22 Mar 25 51000 CE,31,1,1648232999,MCX:GOLD22MAR51000CE,11,20
2452,GOLD 22 Mar 25 51000 PE,31,1,1648232999,MCX:GOLD22MAR51000PE,11,20
2453,GOLD 22 Mar 25 51100 CE,31,1,1648232999,MCX:GOLD22MAR51100CE,11,20
2454,GOLD 22 Mar 25 51100 PE,31,1,1648232999,MCX:GOLD22MAR51100PE,11,20
2455,GOLD 22 Mar 25 51200 CE,31,1,1648232999,MCX:GOLD22MAR51200CE,11,20
2456,GOLD 22 Mar 25 51200 PE,31,1,1648232999,MCX:GOLD22MAR51200PE,11,20
2457,GOLD 22 Mar 25 51300 CE,31,1,1648232999,MCX:GOLD22MAR51300CE,11,20
2458,GOLD 22 Mar 25 51300 PE,31,1,1648232999,MCX:GOLD22MAR51300PE,11,20
2459,GOLD 22 Mar 25 51400 CE,31,1,1648232999,MCX:GOLD22MAR51400CE,11,20
2460,GOLD 22 Mar 25 51400 PE,31,1,1648232999,MCX:GOLD22MAR51400PE,11,20
2461,GOLD 22 Mar 25 51500 CE,31,1,1648232999,MCX:GOLD22MAR51500CE,11,20
2462,GOLD 22 Mar 25 51500 PE,31,1,1648232999,MCX:GOLD22MAR51500PE,11,20
2463,GOLD 22 Mar 25 51600 CE,31,1,1648232999,MCX:GOLD22MAR51600CE,11,20
2464,GOLD 22 Mar 25 51600 PE,31,1,1648232999,MCX:GOLD22MAR51600PE,11,20
2465,GOLD 22 Mar 25 51700 CE,31,1,1648232999,MCX:GOLD22MAR51700CE,11,20
2466,GOLD 22 Mar 25 51700 PE,31,1,1648232999,MCX:GOLD22MAR51700PE,11,20
2467,GOLD 22 Mar 25 51800 CE,31,1,1648232999,MCX:GOLD22MAR51800CE,11,20
2468,GOLD 22 Mar 25 51800 PE,31,1,1648232999,MCX:GOLD22MAR51800PE,11,20
2469,GOLD 22 Mar 25 51900 CE,31,1,1648232999,MCX:GOLD22MAR51900CE,11,20
2470,GOLD 22 Mar 25 51900 PE,31,1,1648232999,MCX:GOLD22MAR51900PE,11,20
2471,GOLD 22 Mar 25 52000 CE,31,1,1648232999,MCX:GOLD22MAR52000CE,11,20
2472,GOLD 22 Mar 25 52000 PE,31,1,1648232999,MCX:GOLD22MAR52000PE,11,20
2473,GOLD 22 Mar 25 52100 CE,31,1,1648232999,MCX:GOLD22MAR52100CE,11,20
2474,GOLD 22 Mar 25 52100 PE,31,1,1648232999,MCX:GOLD22MAR52100PE,11,20
2475,GOLD 22 Mar 25 45700 CE,31,1,1648232999,MCX:GOLD22MAR45700CE,11,20
2476,GOLD 22 Mar 25 45700 PE,31,1,1648232999,MCX:GOLD22MAR45700PE,11,20
2477,GOLD 22 Mar 25 52200 CE,31,1,1648232999,MCX:GOLD22MAR52200CE,11,20
2478,GOLD 22 Mar 25 52200 PE,31,1,1648232999,MCX:GOLD22MAR52200PE,11,20
2479,GOLD 22 Mar 25 52300 CE,31,1,1648232999,MCX:GOLD22MAR52300CE,11,20
2480,GOLD 22 Mar 25 52300 PE,31,1,1648232999,MCX:GOLD22MAR52300PE,11,20
2481,GOLD 22 Mar 25 52400 CE,31,1,1648232999,MCX:GOLD22MAR52400CE,11,20
2482,GOLD 22 Mar 25 52400 PE,31,1,1648232999,MCX:GOLD22MAR52400PE,11,20
2483,GOLD 22 Mar 25 52500 CE,31,1,1648232999,MCX:GOLD22MAR52500CE,11,20
2484,GOLD 22 Mar 25 52500 PE,31,1,1648232999,MCX:GOLD22MAR52500PE,11,20
2485,GOLD 22 Mar 25 52600 CE,31,1,1648232999,MCX:GOLD22MAR52600CE,11,20
2486,GOLD 22 Mar 25 52600 PE,31,1,1648232999,MCX:GOLD22MAR52600PE,11,20
2487,GOLD 22 Mar 25 52700 CE,31,1,1648232999,MCX:GOLD22MAR52700CE,11,20
2488,GOLD 22 Mar 25 52700 PE,31,1,1648232999,MCX:GOLD22MAR52700PE,11,20
2489,GOLD 22 Mar 25 52800 CE,31,1,1648232999,MCX:GOLD22MAR52800CE,11,20
2490,GOLD 22 Mar 25 52800 PE,31,1,1648232999,MCX:GOLD22MAR52800PE,11,20
2491,GOLD 22 Mar 25 52900 CE,31,1,1648232999,MCX:GOLD22MAR52900CE,11,20
2492,GOLD 22 Mar 25 52900 PE,31,1,1648232999,MCX:GOLD22MAR52900PE,11,20
2493,GOLD 22 Mar 25 53000 CE,31,1,1648232999,MCX:GOLD22MAR53000CE,11,20
2494,GOLD 22 Mar 25 53000 PE,31,1,1648232999,MCX:GOLD22MAR53000PE,11,20
2495,GOLD 22 Mar 25 53100 CE,31,1,1648232999,MCX:GOLD22MAR53100CE,11,20
2496,GOLD 22 Mar 25 53100 PE,31,1,1648232999,MCX:GOLD22MAR53100PE,11,20
2497,GOLD 22 Mar 25 53200 CE,31,1,1648232999,MCX:GOLD22MAR53200CE,11,20
2498,GOLD 22 Mar 25 53200 PE,31,1,1648232999,MCX:GOLD22MAR53200PE,11,20
2499,GOLD 22 Mar 25 53300 CE,31,1,1648232999,MCX:GOLD22MAR53300CE,11,20
2500,GOLD 22 Mar 25 53300 PE,31,1,1648232999,MCX:GOLD22MAR53300PE,11,20
2501,GOLD 22 Mar 25 53400 CE,31,1,1648232999,MCX:GOLD22MAR53400CE,11,20
2502,GOLD 22 Mar 25 53400 PE,31,1,1648232999,MCX:GOLD22MAR53400PE,11,20
2503,GOLD 22 Mar 25 53500 CE,31,1,1648232999,MCX:GOLD22MAR53500CE,11,20
2504,GOLD 22 Mar 25 53500 PE,31,1,1648232999,MCX:GOLD22MAR53500PE,11,20
2505,GOLD 22 Mar 25 53600 CE,31,1,1648232999,MCX:GOLD22MAR53600CE,11,20
2506,GOLD 22 Mar 25 53600 PE,31,1,1648232999,MCX:GOLD22MAR53600PE,11,20
2507,GOLD 22 Mar 25 53700 CE,31,1,1648232999,MCX:GOLD22MAR53700CE,11,20
2508,GOLD 22 Mar 25 53700 PE,31,1,1648232999,MCX:GOLD22MAR53700PE,11,20
2509,GOLD 22 Mar 25 53800 CE,31,1,1648232999,MCX:GOLD22MAR53800CE,11,20
2510,GOLD 22 Mar 25 53800 PE,31,1,1648232999,MCX:GOLD22MAR53800PE,11,20
2511,GOLD 22 Mar 25 53900 CE,31,1,1648232999,MCX:GOLD22MAR53900CE,11,20
2512,GOLD 22 Mar 25 53900 PE,31,1,1648232999,MCX:GOLD22MAR53900PE,11,20
2513,GOLD 22 Mar 25 54000 CE,31,1,1648232999,MCX:GOLD22MAR54000CE,11,20
2514,GOLD 22 Mar 25 54000 PE,31,1,1648232999,MCX:GOLD22MAR54000PE,11,20
2515,GOLD 22 Mar 25 44900 CE,31,1,1648232999,MCX:GOLD22MAR44900CE,11,20
2516,GOLD 22 Mar 25 44900 PE,31,1,1648232999,MCX:GOLD22MAR44900PE,11,20
2517,GOLD 22 Mar 25 45000 CE,31,1,1648232999,MCX:GOLD22MAR45000CE,11,20
2518,GOLD 22 Mar 25 45000 PE,31,1,1648232999,MCX:GOLD22MAR45000PE,11,20
2519,GOLD 22 Mar 25 45100 CE,31,1,1648232999,MCX:GOLD22MAR45100CE,11,20
2520,GOLD 22 Mar 25 45100 PE,31,1,1648232999,MCX:GOLD22MAR45100PE,11,20
2521,GOLD 22 Mar 25 45200 CE,31,1,1648232999,MCX:GOLD22MAR45200CE,11,20
2522,GOLD 22 Mar 25 45200 PE,31,1,1648232999,MCX:GOLD22MAR45200PE,11,20
2523,GOLD 22 Mar 25 45300 CE,31,1,1648232999,MCX:GOLD22MAR45300CE,11,20
2524,GOLD 22 Mar 25 45300 PE,31,1,1648232999,MCX:GOLD22MAR45300PE,11,20
2525,GOLD 22 Mar 25 45400 CE,31,1,1648232999,MCX:GOLD22MAR45400CE,11,20
2526,GOLD 22 Mar 25 45400 PE,31,1,1648232999,MCX:GOLD22MAR45400PE,11,20
2527,GOLD 22 Mar 25 45500 CE,31,1,1648232999,MCX:GOLD22MAR45500CE,11,20
2528,GOLD 22 Mar 25 45500 PE,31,1,1648232999,MCX:GOLD22MAR45500PE,11,20
2529,GOLD 22 Mar 25 45600 CE,31,1,1648232999,MCX:GOLD22MAR45600CE,11,20
2530,GOLD 22 Mar 25 45600 PE,31,1,1648232999,MCX:GOLD22MAR45600PE,11,20
2531,GOLD 22 Mar 25 44700 CE,31,1,1648232999,MCX:GOLD22MAR44700CE,11,20
2532,GOLD 22 Mar 25 44700 PE,31,1,1648232999,MCX:GOLD22MAR44700PE,11,20
2533,GOLD 22 Mar 25 44800 CE,31,1,1648232999,MCX:GOLD22MAR44800CE,11,20
2534,GOLD 22 Mar 25 44800 PE,31,1,1648232999,MCX:GOLD22MAR44800PE,11,20
2535,GOLD 22 Mar 25 44600 CE,31,1,1648232999,MCX:GOLD22MAR44600CE,11,20
2536,GOLD 22 Mar 25 44600 PE,31,1,1648232999,MCX:GOLD22MAR44600PE,11,20
2537,GOLD 22 Mar 25 43900 CE,31,1,1648232999,MCX:GOLD22MAR43900CE,11,20
2538,GOLD 22 Mar 25 43900 PE,31,1,1648232999,MCX:GOLD22MAR43900PE,11,20
2539,GOLD 22 Mar 25 44000 CE,31,1,1648232999,MCX:GOLD22MAR44000CE,11,20
2540,GOLD 22 Mar 25 44000 PE,31,1,1648232999,MCX:GOLD22MAR44000PE,11,20
2541,GOLD 22 Mar 25 44100 CE,31,1,1648232999,MCX:GOLD22MAR44100CE,11,20
2542,GOLD 22 Mar 25 44100 PE,31,1,1648232999,MCX:GOLD22MAR44100PE,11,20
2543,GOLD 22 Mar 25 44200 CE,31,1,1648232999,MCX:GOLD22MAR44200CE,11,20
2544,GOLD 22 Mar 25 44200 PE,31,1,1648232999,MCX:GOLD22MAR44200PE,11,20
2545,GOLD 22 Mar 25 44300 CE,31,1,1648232999,MCX:GOLD22MAR44300CE,11,20
2546,GOLD 22 Mar 25 44300 PE,31,1,1648232999,MCX:GOLD22MAR44300PE,11,20
2547,GOLD 22 Mar 25 44400 CE,31,1,1648232999,MCX:GOLD22MAR44400CE,11,20
2548,GOLD 22 Mar 25 44400 PE,31,1,1648232999,MCX:GOLD22MAR44400PE,11,20
2549,GOLD 22 Mar 25 44500 CE,31,1,1648232999,MCX:GOLD22MAR44500CE,11,20
2550,GOLD 22 Mar 25 44500 PE,31,1,1648232999,MCX:GOLD22MAR44500PE,11,20
2551,GOLD 22 Mar 25 43800 CE,31,1,1648232999,MCX:GOLD22MAR43800CE,11,20
2552,GOLD 22 Mar 25 43800 PE,31,1,1648232999,MCX:GOLD22MAR43800PE,11,20
2553,GOLD 22 Mar 25 43700 CE,31,1,1648232999,MCX:GOLD22MAR43700CE,11,20
2554,GOLD 22 Mar 25 43700 PE,31,1,1648232999,MCX:GOLD22MAR43700PE,11,20
2555,COTTON 22 Mar 31 FUT,30,1,1648751399,MCX:COTTON22MARFUT,11,20
2556,MENTHAOIL 22 Mar 31 FUT,30,1,1648751399,MCX:MENTHAOIL22MARFUT,11,20
2557,GOLD 22 Apr 05 FUT,30,1,1649183399,MCX:GOLD22APRFUT,11,20
2558,CRUDEOIL 22 Apr 19 FUT,30,1,1650392999,MCX:CRUDEOIL22APRFUT,11,20
2559,SILVERM 22 Apr 20 66000 CE,31,1,1650479399,MCX:SILVERM22APR66000CE,11,20
2560,SILVERM 22 Apr 20 66000 PE,31,1,1650479399,MCX:SILVERM22APR66000PE,11,20
2561,SILVERM 22 Apr 20 66250 CE,31,1,1650479399,MCX:SILVERM22APR66250CE,11,20
2562,SILVERM 22 Apr 20 66250 PE,31,1,1650479399,MCX:SILVERM22APR66250PE,11,20
2563,SILVERM 22 Apr 20 66500 CE,31,1,1650479399,MCX:SILVERM22APR66500CE,11,20
2564,SILVERM 22 Apr 20 66500 PE,31,1,1650479399,MCX:SILVERM22APR66500PE,11,20
2565,SILVERM 22 Apr 20 66750 CE,31,1,1650479399,MCX:SILVERM22APR66750CE,11,20
2566,SILVERM 22 Apr 20 66750 PE,31,1,1650479399,MCX:SILVERM22APR66750PE,11,20
2567,SILVERM 22 Apr 20 67000 CE,31,1,1650479399,MCX:SILVERM22APR67000CE,11,20
2568,SILVERM 22 Apr 20 67000 PE,31,1,1650479399,MCX:SILVERM22APR67000PE,11,20
2569,SILVERM 22 Apr 20 67250 CE,31,1,1650479399,MCX:SILVERM22APR67250CE,11,20
2570,SILVERM 22 Apr 20 67250 PE,31,1,1650479399,MCX:SILVERM22APR67250PE,11,20
2571,SILVERM 22 Apr 20 67500 CE,31,1,1650479399,MCX:SILVERM22APR67500CE,11,20
2572,SILVERM 22 Apr 20 67500 PE,31,1,1650479399,MCX:SILVERM22APR67500PE,11,20
2573,SILVERM 22 Apr 20 67750 CE,31,1,1650479399,MCX:SILVERM22APR67750CE,11,20
2574,SILVERM 22 Apr 20 67750 PE,31,1,1650479399,MCX:SILVERM22APR67750PE,11,20
2575,SILVERM 22 Apr 20 68000 CE,31,1,1650479399,MCX:SILVERM22APR68000CE,11,20
2576,SILVERM 22 Apr 20 68000 PE,31,1,1650479399,MCX:SILVERM22APR68000PE,11,20
2577,SILVERM 22 Apr 20 68250 CE,31,1,1650479399,MCX:SILVERM22APR68250CE,11,20
2578,SILVERM 22 Apr 20 68250 PE,31,1,1650479399,MCX:SILVERM22APR68250PE,11,20
2579,SILVERM 22 Apr 20 68500 CE,31,1,1650479399,MCX:SILVERM22APR68500CE,11,20
2580,SILVERM 22 Apr 20 68500 PE,31,1,1650479399,MCX:SILVERM22APR68500PE,11,20
2581,SILVERM 22 Apr 20 68750 CE,31,1,1650479399,MCX:SILVERM22APR68750CE,11,20
2582,SILVERM 22 Apr 20 68750 PE,31,1,1650479399,MCX:SILVERM22APR68750PE,11,20
2583,SILVERM 22 Apr 20 69000 CE,31,1,1650479399,MCX:SILVERM22APR69000CE,11,20
2584,SILVERM 22 Apr 20 69000 PE,31,1,1650479399,MCX:SILVERM22APR69000PE,11,20
2585,SILVERM 22 Apr 20 69250 CE,31,1,1650479399,MCX:SILVERM22APR69250CE,11,20
2586,SILVERM 22 Apr 20 69250 PE,31,1,1650479399,MCX:SILVERM22APR69250PE,11,20
2587,SILVERM 22 Apr 20 69500 CE,31,1,1650479399,MCX:SILVERM22APR69500CE,11,20
2588,SILVERM 22 Apr 20 69500 PE,31,1,1650479399,MCX:SILVERM22APR69500PE,11,20
2589,SILVERM 22 Apr 20 69750 CE,31,1,1650479399,MCX:SILVERM22APR69750CE,11,20
2590,SILVERM 22 Apr 20 69750 PE,31,1,1650479399,MCX:SILVERM22APR69750PE,11,20
2591,SILVERM 22 Apr 20 70000 CE,31,1,1650479399,MCX:SILVERM22APR70000CE,11,20
2592,SILVERM 22 Apr 20 70000 PE,31,1,1650479399,MCX:SILVERM22APR70000PE,11,20
2593,SILVERM 22 Apr 20 70250 CE,31,1,1650479399,MCX:SILVERM22APR70250CE,11,20
2594,SILVERM 22 Apr 20 70250 PE,31,1,1650479399,MCX:SILVERM22APR70250PE,11,20
2595,SILVERM 22 Apr 20 70500 CE,31,1,1650479399,MCX:SILVERM22APR70500CE,11,20
2596,SILVERM 22 Apr 20 70500 PE,31,1,1650479399,MCX:SILVERM22APR70500PE,11,20
2597,SILVERM 22 Apr 20 70750 CE,31,1,1650479399,MCX:SILVERM22APR70750CE,11,20
2598,SILVERM 22 Apr 20 70750 PE,31,1,1650479399,MCX:SILVERM22APR70750PE,11,20
2599,SILVERM 22 Apr 20 71000 CE,31,1,1650479399,MCX:SILVERM22APR71000CE,11,20
2600,SILVERM 22 Apr 20 71000 PE,31,1,1650479399,MCX:SILVERM22APR71000PE,11,20
2601,SILVERM 22 Apr 20 71250 CE,31,1,1650479399,MCX:SILVERM22APR71250CE,11,20
2602,SILVERM 22 Apr 20 71250 PE,31,1,1650479399,MCX:SILVERM22APR71250PE,11,20
2603,SILVERM 22 Apr 20 71500 CE,31,1,1650479399,MCX:SILVERM22APR71500CE,11,20
2604,SILVERM 22 Apr 20 71500 PE,31,1,1650479399,MCX:SILVERM22APR71500PE,11,20
2605,SILVERM 22 Apr 20 71750 CE,31,1,1650479399,MCX:SILVERM22APR71750CE,11,20
2606,SILVERM 22 Apr 20 71750 PE,31,1,1650479399,MCX:SILVERM22APR71750PE,11,20
2607,SILVERM 22 Apr 20 72000 CE,31,1,1650479399,MCX:SILVERM22APR72000CE,11,20
2608,SILVERM 22 Apr 20 72000 PE,31,1,1650479399,MCX:SILVERM22APR72000PE,11,20
2609,SILVERM 22 Apr 20 72250 CE,31,1,1650479399,MCX:SILVERM22APR72250CE,11,20
2610,SILVERM 22 Apr 20 72250 PE,31,1,1650479399,MCX:SILVERM22APR72250PE,11,20
2611,SILVERM 22 Apr 20 72500 CE,31,1,1650479399,MCX:SILVERM22APR72500CE,11,20
2612,SILVERM 22 Apr 20 72500 PE,31,1,1650479399,MCX:SILVERM22APR72500PE,11,20
2613,SILVERM 22 Apr 20 72750 CE,31,1,1650479399,MCX:SILVERM22APR72750CE,11,20
2614,SILVERM 22 Apr 20 72750 PE,31,1,1650479399,MCX:SILVERM22APR72750PE,11,20
2615,SILVERM 22 Apr 20 73000 CE,31,1,1650479399,MCX:SILVERM22APR73000CE,11,20
2616,SILVERM 22 Apr 20 73000 PE,31,1,1650479399,MCX:SILVERM22APR73000PE,11,20
2617,SILVERM 22 Apr 20 73250 CE,31,1,1650479399,MCX:SILVERM22APR73250CE,11,20
2618,SILVERM 22 Apr 20 73250 PE,31,1,1650479399,MCX:SILVERM22APR73250PE,11,20
2619,SILVERM 22 Apr 20 73500 CE,31,1,1650479399,MCX:SILVERM22APR73500CE,11,20
2620,SILVERM 22 Apr 20 73500 PE,31,1,1650479399,MCX:SILVERM22APR73500PE,11,20
2621,SILVERM 22 Apr 20 73750 CE,31,1,1650479399,MCX:SILVERM22APR73750CE,11,20
2622,SILVERM 22 Apr 20 73750 PE,31,1,1650479399,MCX:SILVERM22APR73750PE,11,20
2623,SILVERM 22 Apr 20 74000 CE,31,1,1650479399,MCX:SILVERM22APR74000CE,11,20
2624,SILVERM 22 Apr 20 74000 PE,31,1,1650479399,MCX:SILVERM22APR74000PE,11,20
2625,SILVERM 22 Apr 20 74250 CE,31,1,1650479399,MCX:SILVERM22APR74250CE,11,20
2626,SILVERM 22 Apr 20 74250 PE,31,1,1650479399,MCX:SILVERM22APR74250PE,11,20
2627,SILVERM 22 Apr 20 74500 CE,31,1,1650479399,MCX:SILVERM22APR74500CE,11,20
2628,SILVERM 22 Apr 20 74500 PE,31,1,1650479399,MCX:SILVERM22APR74500PE,11,20
2629,SILVERM 22 Apr 20 74750 CE,31,1,1650479399,MCX:SILVERM22APR74750CE,11,20
2630,SILVERM 22 Apr 20 74750 PE,31,1,1650479399,MCX:SILVERM22APR74750PE,11,20
2631,SILVERM 22 Apr 20 75000 CE,31,1,1650479399,MCX:SILVERM22APR75000CE,11,20
2632,SILVERM 22 Apr 20 75000 PE,31,1,1650479399,MCX:SILVERM22APR75000PE,11,20
2633,SILVERM 22 Apr 20 75250 CE,31,1,1650479399,MCX:SILVERM22APR75250CE,11,20
2634,SILVERM 22 Apr 20 75250 PE,31,1,1650479399,MCX:SILVERM22APR75250PE,11,20
2635,SILVERM 22 Apr 20 75500 CE,31,1,1650479399,MCX:SILVERM22APR75500CE,11,20
2636,SILVERM 22 Apr 20 75500 PE,31,1,1650479399,MCX:SILVERM22APR75500PE,11,20
2637,SILVERM 22 Apr 20 75750 CE,31,1,1650479399,MCX:SILVERM22APR75750CE,11,20
2638,SILVERM 22 Apr 20 75750 PE,31,1,1650479399,MCX:SILVERM22APR75750PE,11,20
2639,SILVERM 22 Apr 20 76000 CE,31,1,1650479399,MCX:SILVERM22APR76000CE,11,20
2640,SILVERM 22 Apr 20 76000 PE,31,1,1650479399,MCX:SILVERM22APR76000PE,11,20
2641,SILVERM 22 Apr 20 76250 CE,31,1,1650479399,MCX:SILVERM22APR76250CE,11,20
2642,SILVERM 22 Apr 20 76250 PE,31,1,1650479399,MCX:SILVERM22APR76250PE,11,20
2643,SILVERM 22 Apr 20 76500 CE,31,1,1650479399,MCX:SILVERM22APR76500CE,11,20
2644,SILVERM 22 Apr 20 76500 PE,31,1,1650479399,MCX:SILVERM22APR76500PE,11,20
2645,SILVERM 22 Apr 20 76750 CE,31,1,1650479399,MCX:SILVERM22APR76750CE,11,20
2646,SILVERM 22 Apr 20 76750 PE,31,1,1650479399,MCX:SILVERM22APR76750PE,11,20
2647,SILVERM 22 Apr 20 77000 CE,31,1,1650479399,MCX:SILVERM22APR77000CE,11,20
2648,SILVERM 22 Apr 20 77000 PE,31,1,1650479399,MCX:SILVERM22APR77000PE,11,20
2649,SILVERM 22 Apr 20 77250 CE,31,1,1650479399,MCX:SILVERM22APR77250CE,11,20
2650,SILVERM 22 Apr 20 77250 PE,31,1,1650479399,MCX:SILVERM22APR77250PE,11,20
2651,SILVERM 22 Apr 20 77500 CE,31,1,1650479399,MCX:SILVERM22APR77500CE,11,20
2652,SILVERM 22 Apr 20 77500 PE,31,1,1650479399,MCX:SILVERM22APR77500PE,11,20
2653,SILVERM 22 Apr 20 77750 CE,31,1,1650479399,MCX:SILVERM22APR77750CE,11,20
2654,SILVERM 22 Apr 20 77750 PE,31,1,1650479399,MCX:SILVERM22APR77750PE,11,20
2655,SILVERM 22 Apr 20 78000 CE,31,1,1650479399,MCX:SILVERM22APR78000CE,11,20
2656,SILVERM 22 Apr 20 78000 PE,31,1,1650479399,MCX:SILVERM22APR78000PE,11,20
2657,SILVERM 22 Apr 20 78250 CE,31,1,1650479399,MCX:SILVERM22APR78250CE,11,20
2658,SILVERM 22 Apr 20 78250 PE,31,1,1650479399,MCX:SILVERM22APR78250PE,11,20
2659,SILVERM 22 Apr 20 78500 CE,31,1,1650479399,MCX:SILVERM22APR78500CE,11,20
2660,SILVERM 22 Apr 20 78500 PE,31,1,1650479399,MCX:SILVERM22APR78500PE,11,20
2661,SILVERM 22 Apr 20 64750 CE,31,1,1650479399,MCX:SILVERM22APR64750CE,11,20
2662,SILVERM 22 Apr 20 64750 PE,31,1,1650479399,MCX:SILVERM22APR64750PE,11,20
2663,SILVERM 22 Apr 20 65000 CE,31,1,1650479399,MCX:SILVERM22APR65000CE,11,20
2664,SILVERM 22 Apr 20 65000 PE,31,1,1650479399,MCX:SILVERM22APR65000PE,11,20
2665,SILVERM 22 Apr 20 65250 CE,31,1,1650479399,MCX:SILVERM22APR65250CE,11,20
2666,SILVERM 22 Apr 20 65250 PE,31,1,1650479399,MCX:SILVERM22APR65250PE,11,20
2667,SILVERM 22 Apr 20 65500 CE,31,1,1650479399,MCX:SILVERM22APR65500CE,11,20
2668,SILVERM 22 Apr 20 65500 PE,31,1,1650479399,MCX:SILVERM22APR65500PE,11,20
2669,SILVERM 22 Apr 20 65750 CE,31,1,1650479399,MCX:SILVERM22APR65750CE,11,20
2670,SILVERM 22 Apr 20 65750 PE,31,1,1650479399,MCX:SILVERM22APR65750PE,11,20
2671,SILVERM 22 Apr 20 64000 CE,31,1,1650479399,MCX:SILVERM22APR64000CE,11,20
2672,SILVERM 22 Apr 20 64000 PE,31,1,1650479399,MCX:SILVERM22APR64000PE,11,20
2673,SILVERM 22 Apr 20 64250 CE,31,1,1650479399,MCX:SILVERM22APR64250CE,11,20
2674,SILVERM 22 Apr 20 64250 PE,31,1,1650479399,MCX:SILVERM22APR64250PE,11,20
2675,SILVERM 22 Apr 20 64500 CE,31,1,1650479399,MCX:SILVERM22APR64500CE,11,20
2676,SILVERM 22 Apr 20 64500 PE,31,1,1650479399,MCX:SILVERM22APR64500PE,11,20
2677,SILVERM 22 Apr 20 62500 CE,31,1,1650479399,MCX:SILVERM22APR62500CE,11,20
2678,SILVERM 22 Apr 20 62500 PE,31,1,1650479399,MCX:SILVERM22APR62500PE,11,20
2679,SILVERM 22 Apr 20 62750 CE,31,1,1650479399,MCX:SILVERM22APR62750CE,11,20
2680,SILVERM 22 Apr 20 62750 PE,31,1,1650479399,MCX:SILVERM22APR62750PE,11,20
2681,SILVERM 22 Apr 20 63000 CE,31,1,1650479399,MCX:SILVERM22APR63000CE,11,20
2682,SILVERM 22 Apr 20 63000 PE,31,1,1650479399,MCX:SILVERM22APR63000PE,11,20
2683,SILVERM 22 Apr 20 63250 CE,31,1,1650479399,MCX:SILVERM22APR63250CE,11,20
2684,SILVERM 22 Apr 20 63250 PE,31,1,1650479399,MCX:SILVERM22APR63250PE,11,20
2685,SILVERM 22 Apr 20 63500 CE,31,1,1650479399,MCX:SILVERM22APR63500CE,11,20
2686,SILVERM 22 Apr 20 63500 PE,31,1,1650479399,MCX:SILVERM22APR63500PE,11,20
2687,SILVERM 22 Apr 20 63750 CE,31,1,1650479399,MCX:SILVERM22APR63750CE,11,20
2688,SILVERM 22 Apr 20 63750 PE,31,1,1650479399,MCX:SILVERM22APR63750PE,11,20
2689,SILVERM 22 Apr 20 62250 CE,31,1,1650479399,MCX:SILVERM22APR62250CE,11,20
2690,SILVERM 22 Apr 20 62250 PE,31,1,1650479399,MCX:SILVERM22APR62250PE,11,20
2691,SILVERM 22 Apr 20 61250 CE,31,1,1650479399,MCX:SILVERM22APR61250CE,11,20
2692,SILVERM 22 Apr 20 61250 PE,31,1,1650479399,MCX:SILVERM22APR61250PE,11,20
2693,SILVERM 22 Apr 20 61500 CE,31,1,1650479399,MCX:SILVERM22APR61500CE,11,20
2694,SILVERM 22 Apr 20 61500 PE,31,1,1650479399,MCX:SILVERM22APR61500PE,11,20
2695,SILVERM 22 Apr 20 61750 CE,31,1,1650479399,MCX:SILVERM22APR61750CE,11,20
2696,SILVERM 22 Apr 20 61750 PE,31,1,1650479399,MCX:SILVERM22APR61750PE,11,20
2697,SILVERM 22 Apr 20 62000 CE,31,1,1650479399,MCX:SILVERM22APR62000CE,11,20
2698,SILVERM 22 Apr 20 62000 PE,31,1,1650479399,MCX:SILVERM22APR62000PE,11,20
2699,SILVERM 22 Apr 20 59000 CE,31,1,1650479399,MCX:SILVERM22APR59000CE,11,20
2700,SILVERM 22 Apr 20 59000 PE,31,1,1650479399,MCX:SILVERM22APR59000PE,11,20
2701,SILVERM 22 Apr 20 59250 CE,31,1,1650479399,MCX:SILVERM22APR59250CE,11,20
2702,SILVERM 22 Apr 20 59250 PE,31,1,1650479399,MCX:SILVERM22APR59250PE,11,20
2703,SILVERM 22 Apr 20 59500 CE,31,1,1650479399,MCX:SILVERM22APR59500CE,11,20
2704,SILVERM 22 Apr 20 59500 PE,31,1,1650479399,MCX:SILVERM22APR59500PE,11,20
2705,SILVERM 22 Apr 20 59750 CE,31,1,1650479399,MCX:SILVERM22APR59750CE,11,20
2706,SILVERM 22 Apr 20 59750 PE,31,1,1650479399,MCX:SILVERM22APR59750PE,11,20
2707,SILVERM 22 Apr 20 60000 CE,31,1,1650479399,MCX:SILVERM22APR60000CE,11,20
2708,SILVERM 22 Apr 20 60000 PE,31,1,1650479399,MCX:SILVERM22APR60000PE,11,20
2709,SILVERM 22 Apr 20 60250 CE,31,1,1650479399,MCX:SILVERM22APR60250CE,11,20
2710,SILVERM 22 Apr 20 60250 PE,31,1,1650479399,MCX:SILVERM22APR60250PE,11,20
2711,SILVERM 22 Apr 20 60500 CE,31,1,1650479399,MCX:SILVERM22APR60500CE,11,20
2712,SILVERM 22 Apr 20 60500 PE,31,1,1650479399,MCX:SILVERM22APR60500PE,11,20
2713,SILVERM 22 Apr 20 60750 CE,31,1,1650479399,MCX:SILVERM22APR60750CE,11,20
2714,SILVERM 22 Apr 20 60750 PE,31,1,1650479399,MCX:SILVERM22APR60750PE,11,20
2715,SILVERM 22 Apr 20 61000 CE,31,1,1650479399,MCX:SILVERM22APR61000CE,11,20
2716,SILVERM 22 Apr 20 61000 PE,31,1,1650479399,MCX:SILVERM22APR61000PE,11,20
2717,SILVERM 22 Apr 20 58000 CE,31,1,1650479399,MCX:SILVERM22APR58000CE,11,20
2718,SILVERM 22 Apr 20 58000 PE,31,1,1650479399,MCX:SILVERM22APR58000PE,11,20
2719,SILVERM 22 Apr 20 58250 CE,31,1,1650479399,MCX:SILVERM22APR58250CE,11,20
2720,SILVERM 22 Apr 20 58250 PE,31,1,1650479399,MCX:SILVERM22APR58250PE,11,20
2721,SILVERM 22 Apr 20 58500 CE,31,1,1650479399,MCX:SILVERM22APR58500CE,11,20
2722,SILVERM 22 Apr 20 58500 PE,31,1,1650479399,MCX:SILVERM22APR58500PE,11,20
2723,SILVERM 22 Apr 20 58750 CE,31,1,1650479399,MCX:SILVERM22APR58750CE,11,20
2724,SILVERM 22 Apr 20 58750 PE,31,1,1650479399,MCX:SILVERM22APR58750PE,11,20
2725,SILVERM 22 Apr 20 57750 CE,31,1,1650479399,MCX:SILVERM22APR57750CE,11,20
2726,SILVERM 22 Apr 20 57750 PE,31,1,1650479399,MCX:SILVERM22APR57750PE,11,20
2727,SILVERM 22 Apr 20 56250 CE,31,1,1650479399,MCX:SILVERM22APR56250CE,11,20
2728,SILVERM 22 Apr 20 56250 PE,31,1,1650479399,MCX:SILVERM22APR56250PE,11,20
2729,SILVERM 22 Apr 20 56500 CE,31,1,1650479399,MCX:SILVERM22APR56500CE,11,20
2730,SILVERM 22 Apr 20 56500 PE,31,1,1650479399,MCX:SILVERM22APR56500PE,11,20
2731,SILVERM 22 Apr 20 56750 CE,31,1,1650479399,MCX:SILVERM22APR56750CE,11,20
2732,SILVERM 22 Apr 20 56750 PE,31,1,1650479399,MCX:SILVERM22APR56750PE,11,20
2733,SILVERM 22 Apr 20 57000 CE,31,1,1650479399,MCX:SILVERM22APR57000CE,11,20
2734,SILVERM 22 Apr 20 57000 PE,31,1,1650479399,MCX:SILVERM22APR57000PE,11,20
2735,SILVERM 22 Apr 20 57250 CE,31,1,1650479399,MCX:SILVERM22APR57250CE,11,20
2736,SILVERM 22 Apr 20 57250 PE,31,1,1650479399,MCX:SILVERM22APR57250PE,11,20
2737,SILVERM 22 Apr 20 57500 CE,31,1,1650479399,MCX:SILVERM22APR57500CE,11,20
2738,SILVERM 22 Apr 20 57500 PE,31,1,1650479399,MCX:SILVERM22APR57500PE,11,20
2739,SILVERM 22 Apr 20 55250 CE,31,1,1650479399,MCX:SILVERM22APR55250CE,11,20
2740,SILVERM 22 Apr 20 55250 PE,31,1,1650479399,MCX:SILVERM22APR55250PE,11,20
2741,SILVERM 22 Apr 20 55500 CE,31,1,1650479399,MCX:SILVERM22APR55500CE,11,20
2742,SILVERM 22 Apr 20 55500 PE,31,1,1650479399,MCX:SILVERM22APR55500PE,11,20
2743,SILVERM 22 Apr 20 55750 CE,31,1,1650479399,MCX:SILVERM22APR55750CE,11,20
2744,SILVERM 22 Apr 20 55750 PE,31,1,1650479399,MCX:SILVERM22APR55750PE,11,20
2745,SILVERM 22 Apr 20 56000 CE,31,1,1650479399,MCX:SILVERM22APR56000CE,11,20
2746,SILVERM 22 Apr 20 56000 PE,31,1,1650479399,MCX:SILVERM22APR56000PE,11,20
2747,SILVERM 22 Apr 20 54750 CE,31,1,1650479399,MCX:SILVERM22APR54750CE,11,20
2748,SILVERM 22 Apr 20 54750 PE,31,1,1650479399,MCX:SILVERM22APR54750PE,11,20
2749,SILVERM 22 Apr 20 55000 CE,31,1,1650479399,MCX:SILVERM22APR55000CE,11,20
2750,SILVERM 22 Apr 20 55000 PE,31,1,1650479399,MCX:SILVERM22APR55000PE,11,20
2751,SILVER 22 Apr 26 70500 CE,31,1,1650997799,MCX:SILVER22APR70500CE,11,20
2752,SILVER 22 Apr 26 70500 PE,31,1,1650997799,MCX:SILVER22APR70500PE,11,20
2753,SILVER 22 Apr 26 70750 CE,31,1,1650997799,MCX:SILVER22APR70750CE,11,20
2754,SILVER 22 Apr 26 70750 PE,31,1,1650997799,MCX:SILVER22APR70750PE,11,20
2755,SILVER 22 Apr 26 71000 CE,31,1,1650997799,MCX:SILVER22APR71000CE,11,20
2756,SILVER 22 Apr 26 71000 PE,31,1,1650997799,MCX:SILVER22APR71000PE,11,20
2757,SILVER 22 Apr 26 71250 CE,31,1,1650997799,MCX:SILVER22APR71250CE,11,20
2758,SILVER 22 Apr 26 71250 PE,31,1,1650997799,MCX:SILVER22APR71250PE,11,20
2759,SILVER 22 Apr 26 71500 CE,31,1,1650997799,MCX:SILVER22APR71500CE,11,20
2760,SILVER 22 Apr 26 71500 PE,31,1,1650997799,MCX:SILVER22APR71500PE,11,20
2761,SILVER 22 Apr 26 71750 CE,31,1,1650997799,MCX:SILVER22APR71750CE,11,20
2762,SILVER 22 Apr 26 71750 PE,31,1,1650997799,MCX:SILVER22APR71750PE,11,20
2763,SILVER 22 Apr 26 72000 CE,31,1,1650997799,MCX:SILVER22APR72000CE,11,20
2764,SILVER 22 Apr 26 72000 PE,31,1,1650997799,MCX:SILVER22APR72000PE,11,20
2765,SILVER 22 Apr 26 72250 CE,31,1,1650997799,MCX:SILVER22APR72250CE,11,20
2766,SILVER 22 Apr 26 72250 PE,31,1,1650997799,MCX:SILVER22APR72250PE,11,20
2767,SILVER 22 Apr 26 72500 CE,31,1,1650997799,MCX:SILVER22APR72500CE,11,20
2768,SILVER 22 Apr 26 72500 PE,31,1,1650997799,MCX:SILVER22APR72500PE,11,20
2769,SILVER 22 Apr 26 72750 CE,31,1,1650997799,MCX:SILVER22APR72750CE,11,20
2770,SILVER 22 Apr 26 72750 PE,31,1,1650997799,MCX:SILVER22APR72750PE,11,20
2771,SILVER 22 Apr 26 73000 CE,31,1,1650997799,MCX:SILVER22APR73000CE,11,20
2772,SILVER 22 Apr 26 73000 PE,31,1,1650997799,MCX:SILVER22APR73000PE,11,20
2773,SILVER 22 Apr 26 73250 CE,31,1,1650997799,MCX:SILVER22APR73250CE,11,20
2774,SILVER 22 Apr 26 73250 PE,31,1,1650997799,MCX:SILVER22APR73250PE,11,20
2775,SILVER 22 Apr 26 73500 CE,31,1,1650997799,MCX:SILVER22APR73500CE,11,20
2776,SILVER 22 Apr 26 73500 PE,31,1,1650997799,MCX:SILVER22APR73500PE,11,20
2777,SILVER 22 Apr 26 73750 CE,31,1,1650997799,MCX:SILVER22APR73750CE,11,20
2778,SILVER 22 Apr 26 73750 PE,31,1,1650997799,MCX:SILVER22APR73750PE,11,20
2779,SILVER 22 Apr 26 74000 CE,31,1,1650997799,MCX:SILVER22APR74000CE,11,20
2780,SILVER 22 Apr 26 74000 PE,31,1,1650997799,MCX:SILVER22APR74000PE,11,20
2781,SILVER 22 Apr 26 74250 CE,31,1,1650997799,MCX:SILVER22APR74250CE,11,20
2782,SILVER 22 Apr 26 74250 PE,31,1,1650997799,MCX:SILVER22APR74250PE,11,20
2783,SILVER 22 Apr 26 74500 CE,31,1,1650997799,MCX:SILVER22APR74500CE,11,20
2784,SILVER 22 Apr 26 74500 PE,31,1,1650997799,MCX:SILVER22APR74500PE,11,20
2785,SILVER 22 Apr 26 74750 CE,31,1,1650997799,MCX:SILVER22APR74750CE,11,20
2786,SILVER 22 Apr 26 74750 PE,31,1,1650997799,MCX:SILVER22APR74750PE,11,20
2787,SILVER 22 Apr 26 75000 CE,31,1,1650997799,MCX:SILVER22APR75000CE,11,20
2788,SILVER 22 Apr 26 75000 PE,31,1,1650997799,MCX:SILVER22APR75000PE,11,20
2789,SILVER 22 Apr 26 75250 CE,31,1,1650997799,MCX:SILVER22APR75250CE,11,20
2790,SILVER 22 Apr 26 75250 PE,31,1,1650997799,MCX:SILVER22APR75250PE,11,20
2791,SILVER 22 Apr 26 75500 CE,31,1,1650997799,MCX:SILVER22APR75500CE,11,20
2792,SILVER 22 Apr 26 75500 PE,31,1,1650997799,MCX:SILVER22APR75500PE,11,20
2793,SILVER 22 Apr 26 75750 CE,31,1,1650997799,MCX:SILVER22APR75750CE,11,20
2794,SILVER 22 Apr 26 75750 PE,31,1,1650997799,MCX:SILVER22APR75750PE,11,20
2795,SILVER 22 Apr 26 76000 CE,31,1,1650997799,MCX:SILVER22APR76000CE,11,20
2796,SILVER 22 Apr 26 76000 PE,31,1,1650997799,MCX:SILVER22APR76000PE,11,20
2797,SILVER 22 Apr 26 76250 CE,31,1,1650997799,MCX:SILVER22APR76250CE,11,20
2798,SILVER 22 Apr 26 76250 PE,31,1,1650997799,MCX:SILVER22APR76250PE,11,20
2799,SILVER 22 Apr 26 76500 CE,31,1,1650997799,MCX:SILVER22APR76500CE,11,20
2800,SILVER 22 Apr 26 76500 PE,31,1,1650997799,MCX:SILVER22APR76500PE,11,20
2801,SILVER 22 Apr 26 76750 CE,31,1,1650997799,MCX:SILVER22APR76750CE,11,20
2802,SILVER 22 Apr 26 76750 PE,31,1,1650997799,MCX:SILVER22APR76750PE,11,20
2803,SILVER 22 Apr 26 77000 CE,31,1,1650997799,MCX:SILVER22APR77000CE,11,20
2804,SILVER 22 Apr 26 77000 PE,31,1,1650997799,MCX:SILVER22APR77000PE,11,20
2805,SILVER 22 Apr 26 77250 CE,31,1,1650997799,MCX:SILVER22APR77250CE,11,20
2806,SILVER 22 Apr 26 77250 PE,31,1,1650997799,MCX:SILVER22APR77250PE,11,20
2807,SILVER 22 Apr 26 77500 CE,31,1,1650997799,MCX:SILVER22APR77500CE,11,20
2808,SILVER 22 Apr 26 77500 PE,31,1,1650997799,MCX:SILVER22APR77500PE,11,20
2809,SILVER 22 Apr 26 77750 CE,31,1,1650997799,MCX:SILVER22APR77750CE,11,20
2810,SILVER 22 Apr 26 77750 PE,31,1,1650997799,MCX:SILVER22APR77750PE,11,20
2811,SILVER 22 Apr 26 78000 CE,31,1,1650997799,MCX:SILVER22APR78000CE,11,20
2812,SILVER 22 Apr 26 78000 PE,31,1,1650997799,MCX:SILVER22APR78000PE,11,20
2813,SILVER 22 Apr 26 78250 CE,31,1,1650997799,MCX:SILVER22APR78250CE,11,20
2814,SILVER 22 Apr 26 78250 PE,31,1,1650997799,MCX:SILVER22APR78250PE,11,20
2815,SILVER 22 Apr 26 78500 CE,31,1,1650997799,MCX:SILVER22APR78500CE,11,20
2816,SILVER 22 Apr 26 78500 PE,31,1,1650997799,MCX:SILVER22APR78500PE,11,20
2817,SILVER 22 Apr 26 78750 CE,31,1,1650997799,MCX:SILVER22APR78750CE,11,20
2818,SILVER 22 Apr 26 78750 PE,31,1,1650997799,MCX:SILVER22APR78750PE,11,20
2819,SILVER 22 Apr 26 79000 CE,31,1,1650997799,MCX:SILVER22APR79000CE,11,20
2820,SILVER 22 Apr 26 79000 PE,31,1,1650997799,MCX:SILVER22APR79000PE,11,20
2821,SILVER 22 Apr 26 79250 CE,31,1,1650997799,MCX:SILVER22APR79250CE,11,20
2822,SILVER 22 Apr 26 79250 PE,31,1,1650997799,MCX:SILVER22APR79250PE,11,20
2823,SILVER 22 Apr 26 79500 CE,31,1,1650997799,MCX:SILVER22APR79500CE,11,20
2824,SILVER 22 Apr 26 79500 PE,31,1,1650997799,MCX:SILVER22APR79500PE,11,20
2825,SILVER 22 Apr 26 79750 CE,31,1,1650997799,MCX:SILVER22APR79750CE,11,20
2826,SILVER 22 Apr 26 79750 PE,31,1,1650997799,MCX:SILVER22APR79750PE,11,20
2827,SILVER 22 Apr 26 80000 CE,31,1,1650997799,MCX:SILVER22APR80000CE,11,20
2828,SILVER 22 Apr 26 80000 PE,31,1,1650997799,MCX:SILVER22APR80000PE,11,20
2829,SILVER 22 Apr 26 80250 CE,31,1,1650997799,MCX:SILVER22APR80250CE,11,20
2830,SILVER 22 Apr 26 80250 PE,31,1,1650997799,MCX:SILVER22APR80250PE,11,20
2831,SILVER 22 Apr 26 80500 CE,31,1,1650997799,MCX:SILVER22APR80500CE,11,20
2832,SILVER 22 Apr 26 80500 PE,31,1,1650997799,MCX:SILVER22APR80500PE,11,20
2833,SILVER 22 Apr 26 80750 CE,31,1,1650997799,MCX:SILVER22APR80750CE,11,20
2834,SILVER 22 Apr 26 80750 PE,31,1,1650997799,MCX:SILVER22APR80750PE,11,20
2835,SILVER 22 Apr 26 81000 CE,31,1,1650997799,MCX:SILVER22APR81000CE,11,20
2836,SILVER 22 Apr 26 81000 PE,31,1,1650997799,MCX:SILVER22APR81000PE,11,20
2837,SILVER 22 Apr 26 81250 CE,31,1,1650997799,MCX:SILVER22APR81250CE,11,20
2838,SILVER 22 Apr 26 81250 PE,31,1,1650997799,MCX:SILVER22APR81250PE,11,20
2839,SILVER 22 Apr 26 81500 CE,31,1,1650997799,MCX:SILVER22APR81500CE,11,20
2840,SILVER 22 Apr 26 81500 PE,31,1,1650997799,MCX:SILVER22APR81500PE,11,20
2841,SILVER 22 Apr 26 81750 CE,31,1,1650997799,MCX:SILVER22APR81750CE,11,20
2842,SILVER 22 Apr 26 81750 PE,31,1,1650997799,MCX:SILVER22APR81750PE,11,20
2843,SILVER 22 Apr 26 82000 CE,31,1,1650997799,MCX:SILVER22APR82000CE,11,20
2844,SILVER 22 Apr 26 82000 PE,31,1,1650997799,MCX:SILVER22APR82000PE,11,20
2845,SILVER 22 Apr 26 82250 CE,31,1,1650997799,MCX:SILVER22APR82250CE,11,20
2846,SILVER 22 Apr 26 82250 PE,31,1,1650997799,MCX:SILVER22APR82250PE,11,20
2847,SILVER 22 Apr 26 82500 CE,31,1,1650997799,MCX:SILVER22APR82500CE,11,20
2848,SILVER 22 Apr 26 82500 PE,31,1,1650997799,MCX:SILVER22APR82500PE,11,20
2849,SILVER 22 Apr 26 82750 CE,31,1,1650997799,MCX:SILVER22APR82750CE,11,20
2850,SILVER 22 Apr 26 82750 PE,31,1,1650997799,MCX:SILVER22APR82750PE,11,20
2851,SILVER 22 Apr 26 83000 CE,31,1,1650997799,MCX:SILVER22APR83000CE,11,20
2852,SILVER 22 Apr 26 83000 PE,31,1,1650997799,MCX:SILVER22APR83000PE,11,20
2853,SILVER 22 Apr 26 83250 CE,31,1,1650997799,MCX:SILVER22APR83250CE,11,20
2854,SILVER 22 Apr 26 83250 PE,31,1,1650997799,MCX:SILVER22APR83250PE,11,20
2855,SILVER 22 Apr 26 83500 CE,31,1,1650997799,MCX:SILVER22APR83500CE,11,20
2856,SILVER 22 Apr 26 83500 PE,31,1,1650997799,MCX:SILVER22APR83500PE,11,20
2857,SILVER 22 Apr 26 83750 CE,31,1,1650997799,MCX:SILVER22APR83750CE,11,20
2858,SILVER 22 Apr 26 83750 PE,31,1,1650997799,MCX:SILVER22APR83750PE,11,20
2859,SILVER 22 Apr 26 84000 CE,31,1,1650997799,MCX:SILVER22APR84000CE,11,20
2860,SILVER 22 Apr 26 84000 PE,31,1,1650997799,MCX:SILVER22APR84000PE,11,20
2861,SILVER 22 Apr 26 84250 CE,31,1,1650997799,MCX:SILVER22APR84250CE,11,20
2862,SILVER 22 Apr 26 84250 PE,31,1,1650997799,MCX:SILVER22APR84250PE,11,20
2863,SILVER 22 Apr 26 84500 CE,31,1,1650997799,MCX:SILVER22APR84500CE,11,20
2864,SILVER 22 Apr 26 84500 PE,31,1,1650997799,MCX:SILVER22APR84500PE,11,20
2865,SILVER 22 Apr 26 84750 CE,31,1,1650997799,MCX:SILVER22APR84750CE,11,20
2866,SILVER 22 Apr 26 84750 PE,31,1,1650997799,MCX:SILVER22APR84750PE,11,20
2867,SILVER 22 Apr 26 85000 CE,31,1,1650997799,MCX:SILVER22APR85000CE,11,20
2868,SILVER 22 Apr 26 85000 PE,31,1,1650997799,MCX:SILVER22APR85000PE,11,20
2869,SILVER 22 Apr 26 66500 CE,31,1,1650997799,MCX:SILVER22APR66500CE,11,20
2870,SILVER 22 Apr 26 66500 PE,31,1,1650997799,MCX:SILVER22APR66500PE,11,20
2871,SILVER 22 Apr 26 66750 CE,31,1,1650997799,MCX:SILVER22APR66750CE,11,20
2872,SILVER 22 Apr 26 66750 PE,31,1,1650997799,MCX:SILVER22APR66750PE,11,20
2873,SILVER 22 Apr 26 67000 CE,31,1,1650997799,MCX:SILVER22APR67000CE,11,20
2874,SILVER 22 Apr 26 67000 PE,31,1,1650997799,MCX:SILVER22APR67000PE,11,20
2875,SILVER 22 Apr 26 67250 CE,31,1,1650997799,MCX:SILVER22APR67250CE,11,20
2876,SILVER 22 Apr 26 67250 PE,31,1,1650997799,MCX:SILVER22APR67250PE,11,20
2877,SILVER 22 Apr 26 67500 CE,31,1,1650997799,MCX:SILVER22APR67500CE,11,20
2878,SILVER 22 Apr 26 67500 PE,31,1,1650997799,MCX:SILVER22APR67500PE,11,20
2879,SILVER 22 Apr 26 67750 CE,31,1,1650997799,MCX:SILVER22APR67750CE,11,20
2880,SILVER 22 Apr 26 67750 PE,31,1,1650997799,MCX:SILVER22APR67750PE,11,20
2881,SILVER 22 Apr 26 68000 CE,31,1,1650997799,MCX:SILVER22APR68000CE,11,20
2882,SILVER 22 Apr 26 68000 PE,31,1,1650997799,MCX:SILVER22APR68000PE,11,20
2883,SILVER 22 Apr 26 68250 CE,31,1,1650997799,MCX:SILVER22APR68250CE,11,20
2884,SILVER 22 Apr 26 68250 PE,31,1,1650997799,MCX:SILVER22APR68250PE,11,20
2885,SILVER 22 Apr 26 68500 CE,31,1,1650997799,MCX:SILVER22APR68500CE,11,20
2886,SILVER 22 Apr 26 68500 PE,31,1,1650997799,MCX:SILVER22APR68500PE,11,20
2887,SILVER 22 Apr 26 68750 CE,31,1,1650997799,MCX:SILVER22APR68750CE,11,20
2888,SILVER 22 Apr 26 68750 PE,31,1,1650997799,MCX:SILVER22APR68750PE,11,20
2889,SILVER 22 Apr 26 69000 CE,31,1,1650997799,MCX:SILVER22APR69000CE,11,20
2890,SILVER 22 Apr 26 69000 PE,31,1,1650997799,MCX:SILVER22APR69000PE,11,20
2891,SILVER 22 Apr 26 69250 CE,31,1,1650997799,MCX:SILVER22APR69250CE,11,20
2892,SILVER 22 Apr 26 69250 PE,31,1,1650997799,MCX:SILVER22APR69250PE,11,20
2893,SILVER 22 Apr 26 69500 CE,31,1,1650997799,MCX:SILVER22APR69500CE,11,20
2894,SILVER 22 Apr 26 69500 PE,31,1,1650997799,MCX:SILVER22APR69500PE,11,20
2895,SILVER 22 Apr 26 69750 CE,31,1,1650997799,MCX:SILVER22APR69750CE,11,20
2896,SILVER 22 Apr 26 69750 PE,31,1,1650997799,MCX:SILVER22APR69750PE,11,20
2897,SILVER 22 Apr 26 70000 CE,31,1,1650997799,MCX:SILVER22APR70000CE,11,20
2898,SILVER 22 Apr 26 70000 PE,31,1,1650997799,MCX:SILVER22APR70000PE,11,20
2899,SILVER 22 Apr 26 70250 CE,31,1,1650997799,MCX:SILVER22APR70250CE,11,20
2900,SILVER 22 Apr 26 70250 PE,31,1,1650997799,MCX:SILVER22APR70250PE,11,20
2901,SILVER 22 Apr 26 66250 CE,31,1,1650997799,MCX:SILVER22APR66250CE,11,20
2902,SILVER 22 Apr 26 66250 PE,31,1,1650997799,MCX:SILVER22APR66250PE,11,20
2903,SILVER 22 Apr 26 65750 CE,31,1,1650997799,MCX:SILVER22APR65750CE,11,20
2904,SILVER 22 Apr 26 65750 PE,31,1,1650997799,MCX:SILVER22APR65750PE,11,20
2905,SILVER 22 Apr 26 66000 CE,31,1,1650997799,MCX:SILVER22APR66000CE,11,20
2906,SILVER 22 Apr 26 66000 PE,31,1,1650997799,MCX:SILVER22APR66000PE,11,20
2907,SILVER 22 Apr 26 64500 CE,31,1,1650997799,MCX:SILVER22APR64500CE,11,20
2908,SILVER 22 Apr 26 64500 PE,31,1,1650997799,MCX:SILVER22APR64500PE,11,20
2909,SILVER 22 Apr 26 64750 CE,31,1,1650997799,MCX:SILVER22APR64750CE,11,20
2910,SILVER 22 Apr 26 64750 PE,31,1,1650997799,MCX:SILVER22APR64750PE,11,20
2911,SILVER 22 Apr 26 65000 CE,31,1,1650997799,MCX:SILVER22APR65000CE,11,20
2912,SILVER 22 Apr 26 65000 PE,31,1,1650997799,MCX:SILVER22APR65000PE,11,20
2913,SILVER 22 Apr 26 65250 CE,31,1,1650997799,MCX:SILVER22APR65250CE,11,20
2914,SILVER 22 Apr 26 65250 PE,31,1,1650997799,MCX:SILVER22APR65250PE,11,20
2915,SILVER 22 Apr 26 65500 CE,31,1,1650997799,MCX:SILVER22APR65500CE,11,20
2916,SILVER 22 Apr 26 65500 PE,31,1,1650997799,MCX:SILVER22APR65500PE,11,20
2917,SILVER 22 Apr 26 63750 CE,31,1,1650997799,MCX:SILVER22APR63750CE,11,20
2918,SILVER 22 Apr 26 63750 PE,31,1,1650997799,MCX:SILVER22APR63750PE,11,20
2919,SILVER 22 Apr 26 64000 CE,31,1,1650997799,MCX:SILVER22APR64000CE,11,20
2920,SILVER 22 Apr 26 64000 PE,31,1,1650997799,MCX:SILVER22APR64000PE,11,20
2921,SILVER 22 Apr 26 64250 CE,31,1,1650997799,MCX:SILVER22APR64250CE,11,20
2922,SILVER 22 Apr 26 64250 PE,31,1,1650997799,MCX:SILVER22APR64250PE,11,20
2923,SILVER 22 Apr 26 62250 CE,31,1,1650997799,MCX:SILVER22APR62250CE,11,20
2924,SILVER 22 Apr 26 62250 PE,31,1,1650997799,MCX:SILVER22APR62250PE,11,20
2925,SILVER 22 Apr 26 62500 CE,31,1,1650997799,MCX:SILVER22APR62500CE,11,20
2926,SILVER 22 Apr 26 62500 PE,31,1,1650997799,MCX:SILVER22APR62500PE,11,20
2927,SILVER 22 Apr 26 62750 CE,31,1,1650997799,MCX:SILVER22APR62750CE,11,20
2928,SILVER 22 Apr 26 62750 PE,31,1,1650997799,MCX:SILVER22APR62750PE,11,20
2929,SILVER 22 Apr 26 63000 CE,31,1,1650997799,MCX:SILVER22APR63000CE,11,20
2930,SILVER 22 Apr 26 63000 PE,31,1,1650997799,MCX:SILVER22APR63000PE,11,20
2931,SILVER 22 Apr 26 63250 CE,31,1,1650997799,MCX:SILVER22APR63250CE,11,20
2932,SILVER 22 Apr 26 63250 PE,31,1,1650997799,MCX:SILVER22APR63250PE,11,20
2933,SILVER 22 Apr 26 63500 CE,31,1,1650997799,MCX:SILVER22APR63500CE,11,20
2934,SILVER 22 Apr 26 63500 PE,31,1,1650997799,MCX:SILVER22APR63500PE,11,20
2935,SILVER 22 Apr 26 61000 CE,31,1,1650997799,MCX:SILVER22APR61000CE,11,20
2936,SILVER 22 Apr 26 61000 PE,31,1,1650997799,MCX:SILVER22APR61000PE,11,20
2937,SILVER 22 Apr 26 61250 CE,31,1,1650997799,MCX:SILVER22APR61250CE,11,20
2938,SILVER 22 Apr 26 61250 PE,31,1,1650997799,MCX:SILVER22APR61250PE,11,20
2939,SILVER 22 Apr 26 61500 CE,31,1,1650997799,MCX:SILVER22APR61500CE,11,20
2940,SILVER 22 Apr 26 61500 PE,31,1,1650997799,MCX:SILVER22APR61500PE,11,20
2941,SILVER 22 Apr 26 61750 CE,31,1,1650997799,MCX:SILVER22APR61750CE,11,20
2942,SILVER 22 Apr 26 61750 PE,31,1,1650997799,MCX:SILVER22APR61750PE,11,20
2943,SILVER 22 Apr 26 62000 CE,31,1,1650997799,MCX:SILVER22APR62000CE,11,20
2944,SILVER 22 Apr 26 62000 PE,31,1,1650997799,MCX:SILVER22APR62000PE,11,20
2945,SILVER 22 Apr 26 58500 CE,31,1,1650997799,MCX:SILVER22APR58500CE,11,20
2946,SILVER 22 Apr 26 58500 PE,31,1,1650997799,MCX:SILVER22APR58500PE,11,20
2947,SILVER 22 Apr 26 58750 CE,31,1,1650997799,MCX:SILVER22APR58750CE,11,20
2948,SILVER 22 Apr 26 58750 PE,31,1,1650997799,MCX:SILVER22APR58750PE,11,20
2949,SILVER 22 Apr 26 59000 CE,31,1,1650997799,MCX:SILVER22APR59000CE,11,20
2950,SILVER 22 Apr 26 59000 PE,31,1,1650997799,MCX:SILVER22APR59000PE,11,20
2951,SILVER 22 Apr 26 59250 CE,31,1,1650997799,MCX:SILVER22APR59250CE,11,20
2952,SILVER 22 Apr 26 59250 PE,31,1,1650997799,MCX:SILVER22APR59250PE,11,20
2953,SILVER 22 Apr 26 59500 CE,31,1,1650997799,MCX:SILVER22APR59500CE,11,20
2954,SILVER 22 Apr 26 59500 PE,31,1,1650997799,MCX:SILVER22APR59500PE,11,20
2955,SILVER 22 Apr 26 59750 CE,31,1,1650997799,MCX:SILVER22APR59750CE,11,20
2956,SILVER 22 Apr 26 59750 PE,31,1,1650997799,MCX:SILVER22APR59750PE,11,20
2957,SILVER 22 Apr 26 60000 CE,31,1,1650997799,MCX:SILVER22APR60000CE,11,20
2958,SILVER 22 Apr 26 60000 PE,31,1,1650997799,MCX:SILVER22APR60000PE,11,20
2959,SILVER 22 Apr 26 60250 CE,31,1,1650997799,MCX:SILVER22APR60250CE,11,20
2960,SILVER 22 Apr 26 60250 PE,31,1,1650997799,MCX:SILVER22APR60250PE,11,20
2961,SILVER 22 Apr 26 60500 CE,31,1,1650997799,MCX:SILVER22APR60500CE,11,20
2962,SILVER 22 Apr 26 60500 PE,31,1,1650997799,MCX:SILVER22APR60500PE,11,20
2963,SILVER 22 Apr 26 60750 CE,31,1,1650997799,MCX:SILVER22APR60750CE,11,20
2964,SILVER 22 Apr 26 60750 PE,31,1,1650997799,MCX:SILVER22APR60750PE,11,20
2965,SILVER 22 Apr 26 57500 CE,31,1,1650997799,MCX:SILVER22APR57500CE,11,20
2966,SILVER 22 Apr 26 57500 PE,31,1,1650997799,MCX:SILVER22APR57500PE,11,20
2967,SILVER 22 Apr 26 57750 CE,31,1,1650997799,MCX:SILVER22APR57750CE,11,20
2968,SILVER 22 Apr 26 57750 PE,31,1,1650997799,MCX:SILVER22APR57750PE,11,20
2969,SILVER 22 Apr 26 58000 CE,31,1,1650997799,MCX:SILVER22APR58000CE,11,20
2970,SILVER 22 Apr 26 58000 PE,31,1,1650997799,MCX:SILVER22APR58000PE,11,20
2971,SILVER 22 Apr 26 58250 CE,31,1,1650997799,MCX:SILVER22APR58250CE,11,20
2972,SILVER 22 Apr 26 58250 PE,31,1,1650997799,MCX:SILVER22APR58250PE,11,20
2973,SILVER 22 Apr 26 57000 CE,31,1,1650997799,MCX:SILVER22APR57000CE,11,20
2974,SILVER 22 Apr 26 57000 PE,31,1,1650997799,MCX:SILVER22APR57000PE,11,20
2975,SILVER 22 Apr 26 57250 CE,31,1,1650997799,MCX:SILVER22APR57250CE,11,20
2976,SILVER 22 Apr 26 57250 PE,31,1,1650997799,MCX:SILVER22APR57250PE,11,20
2977,SILVER 22 Apr 26 56250 CE,31,1,1650997799,MCX:SILVER22APR56250CE,11,20
2978,SILVER 22 Apr 26 56250 PE,31,1,1650997799,MCX:SILVER22APR56250PE,11,20
2979,SILVER 22 Apr 26 56500 CE,31,1,1650997799,MCX:SILVER22APR56500CE,11,20
2980,SILVER 22 Apr 26 56500 PE,31,1,1650997799,MCX:SILVER22APR56500PE,11,20
2981,SILVER 22 Apr 26 56750 CE,31,1,1650997799,MCX:SILVER22APR56750CE,11,20
2982,SILVER 22 Apr 26 56750 PE,31,1,1650997799,MCX:SILVER22APR56750PE,11,20
2983,SILVER 22 Apr 26 55000 CE,31,1,1650997799,MCX:SILVER22APR55000CE,11,20
2984,SILVER 22 Apr 26 55000 PE,31,1,1650997799,MCX:SILVER22APR55000PE,11,20
2985,SILVER 22 Apr 26 55250 CE,31,1,1650997799,MCX:SILVER22APR55250CE,11,20
2986,SILVER 22 Apr 26 55250 PE,31,1,1650997799,MCX:SILVER22APR55250PE,11,20
2987,SILVER 22 Apr 26 55500 CE,31,1,1650997799,MCX:SILVER22APR55500CE,11,20
2988,SILVER 22 Apr 26 55500 PE,31,1,1650997799,MCX:SILVER22APR55500PE,11,20
2989,SILVER 22 Apr 26 55750 CE,31,1,1650997799,MCX:SILVER22APR55750CE,11,20
2990,SILVER 22 Apr 26 55750 PE,31,1,1650997799,MCX:SILVER22APR55750PE,11,20
2991,SILVER 22 Apr 26 56000 CE,31,1,1650997799,MCX:SILVER22APR56000CE,11,20
2992,SILVER 22 Apr 26 56000 PE,31,1,1650997799,MCX:SILVER22APR56000PE,11,20
2993,SILVER 22 Apr 26 54750 CE,31,1,1650997799,MCX:SILVER22APR54750CE,11,20
2994,SILVER 22 Apr 26 54750 PE,31,1,1650997799,MCX:SILVER22APR54750PE,11,20
2995,SILVER 22 Apr 26 53000 CE,31,1,1650997799,MCX:SILVER22APR53000CE,11,20
2996,SILVER 22 Apr 26 53000 PE,31,1,1650997799,MCX:SILVER22APR53000PE,11,20
2997,SILVER 22 Apr 26 53250 CE,31,1,1650997799,MCX:SILVER22APR53250CE,11,20
2998,SILVER 22 Apr 26 53250 PE,31,1,1650997799,MCX:SILVER22APR53250PE,11,20
2999,SILVER 22 Apr 26 53500 CE,31,1,1650997799,MCX:SILVER22APR53500CE,11,20
3000,SILVER 22 Apr 26 53500 PE,31,1,1650997799,MCX:SILVER22APR53500PE,11,20
3001,SILVER 22 Apr 26 53750 CE,31,1,1650997799,MCX:SILVER22APR53750CE,11,20
3002,SILVER 22 Apr 26 53750 PE,31,1,1650997799,MCX:SILVER22APR53750PE,11,20
3003,SILVER 22 Apr 26 54000 CE,31,1,1650997799,MCX:SILVER22APR54000CE,11,20
3004,SILVER 22 Apr 26 54000 PE,31,1,1650997799,MCX:SILVER22APR54000PE,11,20
3005,SILVER 22 Apr 26 54250 CE,31,1,1650997799,MCX:SILVER22APR54250CE,11,20
3006,SILVER 22 Apr 26 54250 PE,31,1,1650997799,MCX:SILVER22APR54250PE,11,20
3007,SILVER 22 Apr 26 54500 CE,31,1,1650997799,MCX:SILVER22APR54500CE,11,20
3008,SILVER 22 Apr 26 54500 PE,31,1,1650997799,MCX:SILVER22APR54500PE,11,20
3009,KAPAS 22 Apr 29 FUT,30,1,1651256999,MCX:KAPAS22APRFUT,11,20
3010,SILVERM 22 Apr 29 FUT,30,1,1651256999,MCX:SILVERM22APRFUT,11,20
3011,SILVERMIC 22 Apr 29 FUT,30,1,1651256999,MCX:SILVERMIC22APRFUT,11,20
3012,SILVER 22 May 05 FUT,30,1,1651775399,MCX:SILVER22MAYFUT,11,20
3013,GOLD 22 May 25 47600 CE,31,1,1653503399,MCX:GOLD22MAY47600CE,11,20
3014,GOLD 22 May 25 47600 PE,31,1,1653503399,MCX:GOLD22MAY47600PE,11,20
3015,GOLD 22 May 25 47700 CE,31,1,1653503399,MCX:GOLD22MAY47700CE,11,20
3016,GOLD 22 May 25 47700 PE,31,1,1653503399,MCX:GOLD22MAY47700PE,11,20
3017,GOLD 22 May 25 47800 CE,31,1,1653503399,MCX:GOLD22MAY47800CE,11,20
3018,GOLD 22 May 25 47800 PE,31,1,1653503399,MCX:GOLD22MAY47800PE,11,20
3019,GOLD 22 May 25 47900 CE,31,1,1653503399,MCX:GOLD22MAY47900CE,11,20
3020,GOLD 22 May 25 47900 PE,31,1,1653503399,MCX:GOLD22MAY47900PE,11,20
3021,GOLD 22 May 25 48000 CE,31,1,1653503399,MCX:GOLD22MAY48000CE,11,20
3022,GOLD 22 May 25 48000 PE,31,1,1653503399,MCX:GOLD22MAY48000PE,11,20
3023,GOLD 22 May 25 48100 CE,31,1,1653503399,MCX:GOLD22MAY48100CE,11,20
3024,GOLD 22 May 25 48100 PE,31,1,1653503399,MCX:GOLD22MAY48100PE,11,20
3025,GOLD 22 May 25 48200 CE,31,1,1653503399,MCX:GOLD22MAY48200CE,11,20
3026,GOLD 22 May 25 48200 PE,31,1,1653503399,MCX:GOLD22MAY48200PE,11,20
3027,GOLD 22 May 25 48300 CE,31,1,1653503399,MCX:GOLD22MAY48300CE,11,20
3028,GOLD 22 May 25 48300 PE,31,1,1653503399,MCX:GOLD22MAY48300PE,11,20
3029,GOLD 22 May 25 48400 CE,31,1,1653503399,MCX:GOLD22MAY48400CE,11,20
3030,GOLD 22 May 25 48400 PE,31,1,1653503399,MCX:GOLD22MAY48400PE,11,20
3031,GOLD 22 May 25 48500 CE,31,1,1653503399,MCX:GOLD22MAY48500CE,11,20
3032,GOLD 22 May 25 48500 PE,31,1,1653503399,MCX:GOLD22MAY48500PE,11,20
3033,GOLD 22 May 25 48600 CE,31,1,1653503399,MCX:GOLD22MAY48600CE,11,20
3034,GOLD 22 May 25 48600 PE,31,1,1653503399,MCX:GOLD22MAY48600PE,11,20
3035,GOLD 22 May 25 48700 CE,31,1,1653503399,MCX:GOLD22MAY48700CE,11,20
3036,GOLD 22 May 25 48700 PE,31,1,1653503399,MCX:GOLD22MAY48700PE,11,20
3037,GOLD 22 May 25 48800 CE,31,1,1653503399,MCX:GOLD22MAY48800CE,11,20
3038,GOLD 22 May 25 48800 PE,31,1,1653503399,MCX:GOLD22MAY48800PE,11,20
3039,GOLD 22 May 25 48900 CE,31,1,1653503399,MCX:GOLD22MAY48900CE,11,20
3040,GOLD 22 May 25 48900 PE,31,1,1653503399,MCX:GOLD22MAY48900PE,11,20
3041,GOLD 22 May 25 49000 CE,31,1,1653503399,MCX:GOLD22MAY49000CE,11,20
3042,GOLD 22 May 25 49000 PE,31,1,1653503399,MCX:GOLD22MAY49000PE,11,20
3043,GOLD 22 May 25 49100 CE,31,1,1653503399,MCX:GOLD22MAY49100CE,11,20
3044,GOLD 22 May 25 49100 PE,31,1,1653503399,MCX:GOLD22MAY49100PE,11,20
3045,GOLD 22 May 25 49200 CE,31,1,1653503399,MCX:GOLD22MAY49200CE,11,20
3046,GOLD 22 May 25 49200 PE,31,1,1653503399,MCX:GOLD22MAY49200PE,11,20
3047,GOLD 22 May 25 49300 CE,31,1,1653503399,MCX:GOLD22MAY49300CE,11,20
3048,GOLD 22 May 25 49300 PE,31,1,1653503399,MCX:GOLD22MAY49300PE,11,20
3049,GOLD 22 May 25 49400 CE,31,1,1653503399,MCX:GOLD22MAY49400CE,11,20
3050,GOLD 22 May 25 49400 PE,31,1,1653503399,MCX:GOLD22MAY49400PE,11,20
3051,GOLD 22 May 25 49500 CE,31,1,1653503399,MCX:GOLD22MAY49500CE,11,20
3052,GOLD 22 May 25 49500 PE,31,1,1653503399,MCX:GOLD22MAY49500PE,11,20
3053,GOLD 22 May 25 49600 CE,31,1,1653503399,MCX:GOLD22MAY49600CE,11,20
3054,GOLD 22 May 25 49600 PE,31,1,1653503399,MCX:GOLD22MAY49600PE,11,20
3055,GOLD 22 May 25 49700 CE,31,1,1653503399,MCX:GOLD22MAY49700CE,11,20
3056,GOLD 22 May 25 49700 PE,31,1,1653503399,MCX:GOLD22MAY49700PE,11,20
3057,GOLD 22 May 25 49800 CE,31,1,1653503399,MCX:GOLD22MAY49800CE,11,20
3058,GOLD 22 May 25 49800 PE,31,1,1653503399,MCX:GOLD22MAY49800PE,11,20
3059,GOLD 22 May 25 49900 CE,31,1,1653503399,MCX:GOLD22MAY49900CE,11,20
3060,GOLD 22 May 25 49900 PE,31,1,1653503399,MCX:GOLD22MAY49900PE,11,20
3061,GOLD 22 May 25 50000 CE,31,1,1653503399,MCX:GOLD22MAY50000CE,11,20
3062,GOLD 22 May 25 50000 PE,31,1,1653503399,MCX:GOLD22MAY50000PE,11,20
3063,GOLD 22 May 25 50100 CE,31,1,1653503399,MCX:GOLD22MAY50100CE,11,20
3064,GOLD 22 May 25 50100 PE,31,1,1653503399,MCX:GOLD22MAY50100PE,11,20
3065,GOLD 22 May 25 50200 CE,31,1,1653503399,MCX:GOLD22MAY50200CE,11,20
3066,GOLD 22 May 25 50200 PE,31,1,1653503399,MCX:GOLD22MAY50200PE,11,20
3067,GOLD 22 May 25 50300 CE,31,1,1653503399,MCX:GOLD22MAY50300CE,11,20
3068,GOLD 22 May 25 50300 PE,31,1,1653503399,MCX:GOLD22MAY50300PE,11,20
3069,GOLD 22 May 25 50400 CE,31,1,1653503399,MCX:GOLD22MAY50400CE,11,20
3070,GOLD 22 May 25 50400 PE,31,1,1653503399,MCX:GOLD22MAY50400PE,11,20
3071,GOLD 22 May 25 50500 CE,31,1,1653503399,MCX:GOLD22MAY50500CE,11,20
3072,GOLD 22 May 25 50500 PE,31,1,1653503399,MCX:GOLD22MAY50500PE,11,20
3073,GOLD 22 May 25 50600 CE,31,1,1653503399,MCX:GOLD22MAY50600CE,11,20
3074,GOLD 22 May 25 50600 PE,31,1,1653503399,MCX:GOLD22MAY50600PE,11,20
3075,GOLD 22 May 25 50700 CE,31,1,1653503399,MCX:GOLD22MAY50700CE,11,20
3076,GOLD 22 May 25 50700 PE,31,1,1653503399,MCX:GOLD22MAY50700PE,11,20
3077,GOLD 22 May 25 50800 CE,31,1,1653503399,MCX:GOLD22MAY50800CE,11,20
3078,GOLD 22 May 25 50800 PE,31,1,1653503399,MCX:GOLD22MAY50800PE,11,20
3079,GOLD 22 May 25 50900 CE,31,1,1653503399,MCX:GOLD22MAY50900CE,11,20
3080,GOLD 22 May 25 50900 PE,31,1,1653503399,MCX:GOLD22MAY50900PE,11,20
3081,GOLD 22 May 25 51000 CE,31,1,1653503399,MCX:GOLD22MAY51000CE,11,20
3082,GOLD 22 May 25 51000 PE,31,1,1653503399,MCX:GOLD22MAY51000PE,11,20
3083,GOLD 22 May 25 51100 CE,31,1,1653503399,MCX:GOLD22MAY51100CE,11,20
3084,GOLD 22 May 25 51100 PE,31,1,1653503399,MCX:GOLD22MAY51100PE,11,20
3085,GOLD 22 May 25 51200 CE,31,1,1653503399,MCX:GOLD22MAY51200CE,11,20
3086,GOLD 22 May 25 51200 PE,31,1,1653503399,MCX:GOLD22MAY51200PE,11,20
3087,GOLD 22 May 25 51300 CE,31,1,1653503399,MCX:GOLD22MAY51300CE,11,20
3088,GOLD 22 May 25 51300 PE,31,1,1653503399,MCX:GOLD22MAY51300PE,11,20
3089,GOLD 22 May 25 51400 CE,31,1,1653503399,MCX:GOLD22MAY51400CE,11,20
3090,GOLD 22 May 25 51400 PE,31,1,1653503399,MCX:GOLD22MAY51400PE,11,20
3091,GOLD 22 May 25 51500 CE,31,1,1653503399,MCX:GOLD22MAY51500CE,11,20
3092,GOLD 22 May 25 51500 PE,31,1,1653503399,MCX:GOLD22MAY51500PE,11,20
3093,GOLD 22 May 25 51600 CE,31,1,1653503399,MCX:GOLD22MAY51600CE,11,20
3094,GOLD 22 May 25 51600 PE,31,1,1653503399,MCX:GOLD22MAY51600PE,11,20
3095,GOLD 22 May 25 51700 CE,31,1,1653503399,MCX:GOLD22MAY51700CE,11,20
3096,GOLD 22 May 25 51700 PE,31,1,1653503399,MCX:GOLD22MAY51700PE,11,20
3097,GOLD 22 May 25 51800 CE,31,1,1653503399,MCX:GOLD22MAY51800CE,11,20
3098,GOLD 22 May 25 51800 PE,31,1,1653503399,MCX:GOLD22MAY51800PE,11,20
3099,GOLD 22 May 25 51900 CE,31,1,1653503399,MCX:GOLD22MAY51900CE,11,20
3100,GOLD 22 May 25 51900 PE,31,1,1653503399,MCX:GOLD22MAY51900PE,11,20
3101,GOLD 22 May 25 52000 CE,31,1,1653503399,MCX:GOLD22MAY52000CE,11,20
3102,GOLD 22 May 25 52000 PE,31,1,1653503399,MCX:GOLD22MAY52000PE,11,20
3103,GOLD 22 May 25 52100 CE,31,1,1653503399,MCX:GOLD22MAY52100CE,11,20
3104,GOLD 22 May 25 52100 PE,31,1,1653503399,MCX:GOLD22MAY52100PE,11,20
3105,GOLD 22 May 25 52200 CE,31,1,1653503399,MCX:GOLD22MAY52200CE,11,20
3106,GOLD 22 May 25 52200 PE,31,1,1653503399,MCX:GOLD22MAY52200PE,11,20
3107,GOLD 22 May 25 52300 CE,31,1,1653503399,MCX:GOLD22MAY52300CE,11,20
3108,GOLD 22 May 25 52300 PE,31,1,1653503399,MCX:GOLD22MAY52300PE,11,20
3109,GOLD 22 May 25 52400 CE,31,1,1653503399,MCX:GOLD22MAY52400CE,11,20
3110,GOLD 22 May 25 52400 PE,31,1,1653503399,MCX:GOLD22MAY52400PE,11,20
3111,GOLD 22 May 25 52500 CE,31,1,1653503399,MCX:GOLD22MAY52500CE,11,20
3112,GOLD 22 May 25 52500 PE,31,1,1653503399,MCX:GOLD22MAY52500PE,11,20
3113,GOLD 22 May 25 52600 CE,31,1,1653503399,MCX:GOLD22MAY52600CE,11,20
3114,GOLD 22 May 25 52600 PE,31,1,1653503399,MCX:GOLD22MAY52600PE,11,20
3115,GOLD 22 May 25 47500 CE,31,1,1653503399,MCX:GOLD22MAY47500CE,11,20
3116,GOLD 22 May 25 47500 PE,31,1,1653503399,MCX:GOLD22MAY47500PE,11,20
3117,GOLD 22 May 25 46000 CE,31,1,1653503399,MCX:GOLD22MAY46000CE,11,20
3118,GOLD 22 May 25 46000 PE,31,1,1653503399,MCX:GOLD22MAY46000PE,11,20
3119,GOLD 22 May 25 46100 CE,31,1,1653503399,MCX:GOLD22MAY46100CE,11,20
3120,GOLD 22 May 25 46100 PE,31,1,1653503399,MCX:GOLD22MAY46100PE,11,20
3121,GOLD 22 May 25 46200 CE,31,1,1653503399,MCX:GOLD22MAY46200CE,11,20
3122,GOLD 22 May 25 46200 PE,31,1,1653503399,MCX:GOLD22MAY46200PE,11,20
3123,GOLD 22 May 25 46300 CE,31,1,1653503399,MCX:GOLD22MAY46300CE,11,20
3124,GOLD 22 May 25 46300 PE,31,1,1653503399,MCX:GOLD22MAY46300PE,11,20
3125,GOLD 22 May 25 46400 CE,31,1,1653503399,MCX:GOLD22MAY46400CE,11,20
3126,GOLD 22 May 25 46400 PE,31,1,1653503399,MCX:GOLD22MAY46400PE,11,20
3127,GOLD 22 May 25 46500 CE,31,1,1653503399,MCX:GOLD22MAY46500CE,11,20
3128,GOLD 22 May 25 46500 PE,31,1,1653503399,MCX:GOLD22MAY46500PE,11,20
3129,GOLD 22 May 25 46600 CE,31,1,1653503399,MCX:GOLD22MAY46600CE,11,20
3130,GOLD 22 May 25 46600 PE,31,1,1653503399,MCX:GOLD22MAY46600PE,11,20
3131,GOLD 22 May 25 46700 CE,31,1,1653503399,MCX:GOLD22MAY46700CE,11,20
3132,GOLD 22 May 25 46700 PE,31,1,1653503399,MCX:GOLD22MAY46700PE,11,20
3133,GOLD 22 May 25 46800 CE,31,1,1653503399,MCX:GOLD22MAY46800CE,11,20
3134,GOLD 22 May 25 46800 PE,31,1,1653503399,MCX:GOLD22MAY46800PE,11,20
3135,GOLD 22 May 25 46900 CE,31,1,1653503399,MCX:GOLD22MAY46900CE,11,20
3136,GOLD 22 May 25 46900 PE,31,1,1653503399,MCX:GOLD22MAY46900PE,11,20
3137,GOLD 22 May 25 47000 CE,31,1,1653503399,MCX:GOLD22MAY47000CE,11,20
3138,GOLD 22 May 25 47000 PE,31,1,1653503399,MCX:GOLD22MAY47000PE,11,20
3139,GOLD 22 May 25 47100 CE,31,1,1653503399,MCX:GOLD22MAY47100CE,11,20
3140,GOLD 22 May 25 47100 PE,31,1,1653503399,MCX:GOLD22MAY47100PE,11,20
3141,GOLD 22 May 25 47200 CE,31,1,1653503399,MCX:GOLD22MAY47200CE,11,20
3142,GOLD 22 May 25 47200 PE,31,1,1653503399,MCX:GOLD22MAY47200PE,11,20
3143,GOLD 22 May 25 47300 CE,31,1,1653503399,MCX:GOLD22MAY47300CE,11,20
3144,GOLD 22 May 25 47300 PE,31,1,1653503399,MCX:GOLD22MAY47300PE,11,20
3145,GOLD 22 May 25 47400 CE,31,1,1653503399,MCX:GOLD22MAY47400CE,11,20
3146,GOLD 22 May 25 47400 PE,31,1,1653503399,MCX:GOLD22MAY47400PE,11,20
3147,GOLD 22 May 25 45800 CE,31,1,1653503399,MCX:GOLD22MAY45800CE,11,20
3148,GOLD 22 May 25 45800 PE,31,1,1653503399,MCX:GOLD22MAY45800PE,11,20
3149,GOLD 22 May 25 45900 CE,31,1,1653503399,MCX:GOLD22MAY45900CE,11,20
3150,GOLD 22 May 25 45900 PE,31,1,1653503399,MCX:GOLD22MAY45900PE,11,20
3151,GOLD 22 May 25 45600 CE,31,1,1653503399,MCX:GOLD22MAY45600CE,11,20
3152,GOLD 22 May 25 45600 PE,31,1,1653503399,MCX:GOLD22MAY45600PE,11,20
3153,GOLD 22 May 25 45700 CE,31,1,1653503399,MCX:GOLD22MAY45700CE,11,20
3154,GOLD 22 May 25 45700 PE,31,1,1653503399,MCX:GOLD22MAY45700PE,11,20
3155,GOLD 22 May 25 45500 CE,31,1,1653503399,MCX:GOLD22MAY45500CE,11,20
3156,GOLD 22 May 25 45500 PE,31,1,1653503399,MCX:GOLD22MAY45500PE,11,20
3157,GOLD 22 May 25 44500 CE,31,1,1653503399,MCX:GOLD22MAY44500CE,11,20
3158,GOLD 22 May 25 44500 PE,31,1,1653503399,MCX:GOLD22MAY44500PE,11,20
3159,GOLD 22 May 25 44600 CE,31,1,1653503399,MCX:GOLD22MAY44600CE,11,20
3160,GOLD 22 May 25 44600 PE,31,1,1653503399,MCX:GOLD22MAY44600PE,11,20
3161,GOLD 22 May 25 44700 CE,31,1,1653503399,MCX:GOLD22MAY44700CE,11,20
3162,GOLD 22 May 25 44700 PE,31,1,1653503399,MCX:GOLD22MAY44700PE,11,20
3163,GOLD 22 May 25 44800 CE,31,1,1653503399,MCX:GOLD22MAY44800CE,11,20
3164,GOLD 22 May 25 44800 PE,31,1,1653503399,MCX:GOLD22MAY44800PE,11,20
3165,GOLD 22 May 25 44900 CE,31,1,1653503399,MCX:GOLD22MAY44900CE,11,20
3166,GOLD 22 May 25 44900 PE,31,1,1653503399,MCX:GOLD22MAY44900PE,11,20
3167,GOLD 22 May 25 45000 CE,31,1,1653503399,MCX:GOLD22MAY45000CE,11,20
3168,GOLD 22 May 25 45000 PE,31,1,1653503399,MCX:GOLD22MAY45000PE,11,20
3169,GOLD 22 May 25 45100 CE,31,1,1653503399,MCX:GOLD22MAY45100CE,11,20
3170,GOLD 22 May 25 45100 PE,31,1,1653503399,MCX:GOLD22MAY45100PE,11,20
3171,GOLD 22 May 25 45200 CE,31,1,1653503399,MCX:GOLD22MAY45200CE,11,20
3172,GOLD 22 May 25 45200 PE,31,1,1653503399,MCX:GOLD22MAY45200PE,11,20
3173,GOLD 22 May 25 45300 CE,31,1,1653503399,MCX:GOLD22MAY45300CE,11,20
3174,GOLD 22 May 25 45300 PE,31,1,1653503399,MCX:GOLD22MAY45300PE,11,20
3175,GOLD 22 May 25 45400 CE,31,1,1653503399,MCX:GOLD22MAY45400CE,11,20
3176,GOLD 22 May 25 45400 PE,31,1,1653503399,MCX:GOLD22MAY45400PE,11,20
3177,GOLD 22 May 25 44000 CE,31,1,1653503399,MCX:GOLD22MAY44000CE,11,20
3178,GOLD 22 May 25 44000 PE,31,1,1653503399,MCX:GOLD22MAY44000PE,11,20
3179,GOLD 22 May 25 44100 CE,31,1,1653503399,MCX:GOLD22MAY44100CE,11,20
3180,GOLD 22 May 25 44100 PE,31,1,1653503399,MCX:GOLD22MAY44100PE,11,20
3181,GOLD 22 May 25 44200 CE,31,1,1653503399,MCX:GOLD22MAY44200CE,11,20
3182,GOLD 22 May 25 44200 PE,31,1,1653503399,MCX:GOLD22MAY44200PE,11,20
3183,GOLD 22 May 25 44300 CE,31,1,1653503399,MCX:GOLD22MAY44300CE,11,20
3184,GOLD 22 May 25 44300 PE,31,1,1653503399,MCX:GOLD22MAY44300PE,11,20
3185,GOLD 22 May 25 44400 CE,31,1,1653503399,MCX:GOLD22MAY44400CE,11,20
3186,GOLD 22 May 25 44400 PE,31,1,1653503399,MCX:GOLD22MAY44400PE,11,20
3187,GOLD 22 May 25 43800 CE,31,1,1653503399,MCX:GOLD22MAY43800CE,11,20
3188,GOLD 22 May 25 43800 PE,31,1,1653503399,MCX:GOLD22MAY43800PE,11,20
3189,GOLD 22 May 25 43900 CE,31,1,1653503399,MCX:GOLD22MAY43900CE,11,20
3190,GOLD 22 May 25 43900 PE,31,1,1653503399,MCX:GOLD22MAY43900PE,11,20
3191,GOLD 22 Jun 03 FUT,30,1,1654280999,MCX:GOLD22JUNFUT,11,20
3192,SILVERM 22 Jun 21 66750 CE,31,1,1655836199,MCX:SILVERM22JUN66750CE,11,20
3193,SILVERM 22 Jun 21 66750 PE,31,1,1655836199,MCX:SILVERM22JUN66750PE,11,20
3194,SILVERM 22 Jun 21 67000 CE,31,1,1655836199,MCX:SILVERM22JUN67000CE,11,20
3195,SILVERM 22 Jun 21 67000 PE,31,1,1655836199,MCX:SILVERM22JUN67000PE,11,20
3196,SILVERM 22 Jun 21 67250 CE,31,1,1655836199,MCX:SILVERM22JUN67250CE,11,20
3197,SILVERM 22 Jun 21 67250 PE,31,1,1655836199,MCX:SILVERM22JUN67250PE,11,20
3198,SILVERM 22 Jun 21 67500 CE,31,1,1655836199,MCX:SILVERM22JUN67500CE,11,20
3199,SILVERM 22 Jun 21 67500 PE,31,1,1655836199,MCX:SILVERM22JUN67500PE,11,20
3200,SILVERM 22 Jun 21 67750 CE,31,1,1655836199,MCX:SILVERM22JUN67750CE,11,20
3201,SILVERM 22 Jun 21 67750 PE,31,1,1655836199,MCX:SILVERM22JUN67750PE,11,20
3202,SILVERM 22 Jun 21 68000 CE,31,1,1655836199,MCX:SILVERM22JUN68000CE,11,20
3203,SILVERM 22 Jun 21 68000 PE,31,1,1655836199,MCX:SILVERM22JUN68000PE,11,20
3204,SILVERM 22 Jun 21 68250 CE,31,1,1655836199,MCX:SILVERM22JUN68250CE,11,20
3205,SILVERM 22 Jun 21 68250 PE,31,1,1655836199,MCX:SILVERM22JUN68250PE,11,20
3206,SILVERM 22 Jun 21 68500 CE,31,1,1655836199,MCX:SILVERM22JUN68500CE,11,20
3207,SILVERM 22 Jun 21 68500 PE,31,1,1655836199,MCX:SILVERM22JUN68500PE,11,20
3208,SILVERM 22 Jun 21 68750 CE,31,1,1655836199,MCX:SILVERM22JUN68750CE,11,20
3209,SILVERM 22 Jun 21 68750 PE,31,1,1655836199,MCX:SILVERM22JUN68750PE,11,20
3210,SILVERM 22 Jun 21 69000 CE,31,1,1655836199,MCX:SILVERM22JUN69000CE,11,20
3211,SILVERM 22 Jun 21 69000 PE,31,1,1655836199,MCX:SILVERM22JUN69000PE,11,20
3212,SILVERM 22 Jun 21 69250 CE,31,1,1655836199,MCX:SILVERM22JUN69250CE,11,20
3213,SILVERM 22 Jun 21 69250 PE,31,1,1655836199,MCX:SILVERM22JUN69250PE,11,20
3214,SILVERM 22 Jun 21 69500 CE,31,1,1655836199,MCX:SILVERM22JUN69500CE,11,20
3215,SILVERM 22 Jun 21 69500 PE,31,1,1655836199,MCX:SILVERM22JUN69500PE,11,20
3216,SILVERM 22 Jun 21 69750 CE,31,1,1655836199,MCX:SILVERM22JUN69750CE,11,20
3217,SILVERM 22 Jun 21 69750 PE,31,1,1655836199,MCX:SILVERM22JUN69750PE,11,20
3218,SILVERM 22 Jun 21 70000 CE,31,1,1655836199,MCX:SILVERM22JUN70000CE,11,20
3219,SILVERM 22 Jun 21 70000 PE,31,1,1655836199,MCX:SILVERM22JUN70000PE,11,20
3220,SILVERM 22 Jun 21 70250 CE,31,1,1655836199,MCX:SILVERM22JUN70250CE,11,20
3221,SILVERM 22 Jun 21 70250 PE,31,1,1655836199,MCX:SILVERM22JUN70250PE,11,20
3222,SILVERM 22 Jun 21 70500 CE,31,1,1655836199,MCX:SILVERM22JUN70500CE,11,20
3223,SILVERM 22 Jun 21 70500 PE,31,1,1655836199,MCX:SILVERM22JUN70500PE,11,20
3224,SILVERM 22 Jun 21 70750 CE,31,1,1655836199,MCX:SILVERM22JUN70750CE,11,20
3225,SILVERM 22 Jun 21 70750 PE,31,1,1655836199,MCX:SILVERM22JUN70750PE,11,20
3226,SILVERM 22 Jun 21 71000 CE,31,1,1655836199,MCX:SILVERM22JUN71000CE,11,20
3227,SILVERM 22 Jun 21 71000 PE,31,1,1655836199,MCX:SILVERM22JUN71000PE,11,20
3228,SILVERM 22 Jun 21 71250 CE,31,1,1655836199,MCX:SILVERM22JUN71250CE,11,20
3229,SILVERM 22 Jun 21 71250 PE,31,1,1655836199,MCX:SILVERM22JUN71250PE,11,20
3230,SILVERM 22 Jun 21 71500 CE,31,1,1655836199,MCX:SILVERM22JUN71500CE,11,20
3231,SILVERM 22 Jun 21 71500 PE,31,1,1655836199,MCX:SILVERM22JUN71500PE,11,20
3232,SILVERM 22 Jun 21 71750 CE,31,1,1655836199,MCX:SILVERM22JUN71750CE,11,20
3233,SILVERM 22 Jun 21 71750 PE,31,1,1655836199,MCX:SILVERM22JUN71750PE,11,20
3234,SILVERM 22 Jun 21 72000 CE,31,1,1655836199,MCX:SILVERM22JUN72000CE,11,20
3235,SILVERM 22 Jun 21 72000 PE,31,1,1655836199,MCX:SILVERM22JUN72000PE,11,20
3236,SILVERM 22 Jun 21 72250 CE,31,1,1655836199,MCX:SILVERM22JUN72250CE,11,20
3237,SILVERM 22 Jun 21 72250 PE,31,1,1655836199,MCX:SILVERM22JUN72250PE,11,20
3238,SILVERM 22 Jun 21 72500 CE,31,1,1655836199,MCX:SILVERM22JUN72500CE,11,20
3239,SILVERM 22 Jun 21 72500 PE,31,1,1655836199,MCX:SILVERM22JUN72500PE,11,20
3240,SILVERM 22 Jun 21 72750 CE,31,1,1655836199,MCX:SILVERM22JUN72750CE,11,20
3241,SILVERM 22 Jun 21 72750 PE,31,1,1655836199,MCX:SILVERM22JUN72750PE,11,20
3242,SILVERM 22 Jun 21 73000 CE,31,1,1655836199,MCX:SILVERM22JUN73000CE,11,20
3243,SILVERM 22 Jun 21 73000 PE,31,1,1655836199,MCX:SILVERM22JUN73000PE,11,20
3244,SILVERM 22 Jun 21 73250 CE,31,1,1655836199,MCX:SILVERM22JUN73250CE,11,20
3245,SILVERM 22 Jun 21 73250 PE,31,1,1655836199,MCX:SILVERM22JUN73250PE,11,20
3246,SILVERM 22 Jun 21 73500 CE,31,1,1655836199,MCX:SILVERM22JUN73500CE,11,20
3247,SILVERM 22 Jun 21 73500 PE,31,1,1655836199,MCX:SILVERM22JUN73500PE,11,20
3248,SILVERM 22 Jun 21 73750 CE,31,1,1655836199,MCX:SILVERM22JUN73750CE,11,20
3249,SILVERM 22 Jun 21 73750 PE,31,1,1655836199,MCX:SILVERM22JUN73750PE,11,20
3250,SILVERM 22 Jun 21 74000 CE,31,1,1655836199,MCX:SILVERM22JUN74000CE,11,20
3251,SILVERM 22 Jun 21 74000 PE,31,1,1655836199,MCX:SILVERM22JUN74000PE,11,20
3252,SILVERM 22 Jun 21 74250 CE,31,1,1655836199,MCX:SILVERM22JUN74250CE,11,20
3253,SILVERM 22 Jun 21 74250 PE,31,1,1655836199,MCX:SILVERM22JUN74250PE,11,20
3254,SILVERM 22 Jun 21 74500 CE,31,1,1655836199,MCX:SILVERM22JUN74500CE,11,20
3255,SILVERM 22 Jun 21 74500 PE,31,1,1655836199,MCX:SILVERM22JUN74500PE,11,20
3256,SILVERM 22 Jun 21 74750 CE,31,1,1655836199,MCX:SILVERM22JUN74750CE,11,20
3257,SILVERM 22 Jun 21 74750 PE,31,1,1655836199,MCX:SILVERM22JUN74750PE,11,20
3258,SILVERM 22 Jun 21 75000 CE,31,1,1655836199,MCX:SILVERM22JUN75000CE,11,20
3259,SILVERM 22 Jun 21 75000 PE,31,1,1655836199,MCX:SILVERM22JUN75000PE,11,20
3260,SILVERM 22 Jun 21 75250 CE,31,1,1655836199,MCX:SILVERM22JUN75250CE,11,20
3261,SILVERM 22 Jun 21 75250 PE,31,1,1655836199,MCX:SILVERM22JUN75250PE,11,20
3262,SILVERM 22 Jun 21 75500 CE,31,1,1655836199,MCX:SILVERM22JUN75500CE,11,20
3263,SILVERM 22 Jun 21 75500 PE,31,1,1655836199,MCX:SILVERM22JUN75500PE,11,20
3264,SILVERM 22 Jun 21 75750 CE,31,1,1655836199,MCX:SILVERM22JUN75750CE,11,20
3265,SILVERM 22 Jun 21 75750 PE,31,1,1655836199,MCX:SILVERM22JUN75750PE,11,20
3266,SILVERM 22 Jun 21 76000 CE,31,1,1655836199,MCX:SILVERM22JUN76000CE,11,20
3267,SILVERM 22 Jun 21 76000 PE,31,1,1655836199,MCX:SILVERM22JUN76000PE,11,20
3268,SILVERM 22 Jun 21 76250 CE,31,1,1655836199,MCX:SILVERM22JUN76250CE,11,20
3269,SILVERM 22 Jun 21 76250 PE,31,1,1655836199,MCX:SILVERM22JUN76250PE,11,20
3270,SILVERM 22 Jun 21 76500 CE,31,1,1655836199,MCX:SILVERM22JUN76500CE,11,20
3271,SILVERM 22 Jun 21 76500 PE,31,1,1655836199,MCX:SILVERM22JUN76500PE,11,20
3272,SILVERM 22 Jun 21 76750 CE,31,1,1655836199,MCX:SILVERM22JUN76750CE,11,20
3273,SILVERM 22 Jun 21 76750 PE,31,1,1655836199,MCX:SILVERM22JUN76750PE,11,20
3274,SILVERM 22 Jun 21 77000 CE,31,1,1655836199,MCX:SILVERM22JUN77000CE,11,20
3275,SILVERM 22 Jun 21 77000 PE,31,1,1655836199,MCX:SILVERM22JUN77000PE,11,20
3276,SILVERM 22 Jun 21 77250 CE,31,1,1655836199,MCX:SILVERM22JUN77250CE,11,20
3277,SILVERM 22 Jun 21 77250 PE,31,1,1655836199,MCX:SILVERM22JUN77250PE,11,20
3278,SILVERM 22 Jun 21 77500 CE,31,1,1655836199,MCX:SILVERM22JUN77500CE,11,20
3279,SILVERM 22 Jun 21 77500 PE,31,1,1655836199,MCX:SILVERM22JUN77500PE,11,20
3280,SILVERM 22 Jun 21 77750 CE,31,1,1655836199,MCX:SILVERM22JUN77750CE,11,20
3281,SILVERM 22 Jun 21 77750 PE,31,1,1655836199,MCX:SILVERM22JUN77750PE,11,20
3282,SILVERM 22 Jun 21 78000 CE,31,1,1655836199,MCX:SILVERM22JUN78000CE,11,20
3283,SILVERM 22 Jun 21 78000 PE,31,1,1655836199,MCX:SILVERM22JUN78000PE,11,20
3284,SILVERM 22 Jun 21 78250 CE,31,1,1655836199,MCX:SILVERM22JUN78250CE,11,20
3285,SILVERM 22 Jun 21 78250 PE,31,1,1655836199,MCX:SILVERM22JUN78250PE,11,20
3286,SILVERM 22 Jun 21 78500 CE,31,1,1655836199,MCX:SILVERM22JUN78500CE,11,20
3287,SILVERM 22 Jun 21 78500 PE,31,1,1655836199,MCX:SILVERM22JUN78500PE,11,20
3288,SILVERM 22 Jun 21 78750 CE,31,1,1655836199,MCX:SILVERM22JUN78750CE,11,20
3289,SILVERM 22 Jun 21 78750 PE,31,1,1655836199,MCX:SILVERM22JUN78750PE,11,20
3290,SILVERM 22 Jun 21 79000 CE,31,1,1655836199,MCX:SILVERM22JUN79000CE,11,20
3291,SILVERM 22 Jun 21 79000 PE,31,1,1655836199,MCX:SILVERM22JUN79000PE,11,20
3292,SILVERM 22 Jun 21 79250 CE,31,1,1655836199,MCX:SILVERM22JUN79250CE,11,20
3293,SILVERM 22 Jun 21 79250 PE,31,1,1655836199,MCX:SILVERM22JUN79250PE,11,20
3294,SILVERM 22 Jun 21 65750 CE,31,1,1655836199,MCX:SILVERM22JUN65750CE,11,20
3295,SILVERM 22 Jun 21 65750 PE,31,1,1655836199,MCX:SILVERM22JUN65750PE,11,20
3296,SILVERM 22 Jun 21 66000 CE,31,1,1655836199,MCX:SILVERM22JUN66000CE,11,20
3297,SILVERM 22 Jun 21 66000 PE,31,1,1655836199,MCX:SILVERM22JUN66000PE,11,20
3298,SILVERM 22 Jun 21 66250 CE,31,1,1655836199,MCX:SILVERM22JUN66250CE,11,20
3299,SILVERM 22 Jun 21 66250 PE,31,1,1655836199,MCX:SILVERM22JUN66250PE,11,20
3300,SILVERM 22 Jun 21 66500 CE,31,1,1655836199,MCX:SILVERM22JUN66500CE,11,20
3301,SILVERM 22 Jun 21 66500 PE,31,1,1655836199,MCX:SILVERM22JUN66500PE,11,20
3302,SILVERM 22 Jun 21 65000 CE,31,1,1655836199,MCX:SILVERM22JUN65000CE,11,20
3303,SILVERM 22 Jun 21 65000 PE,31,1,1655836199,MCX:SILVERM22JUN65000PE,11,20
3304,SILVERM 22 Jun 21 65250 CE,31,1,1655836199,MCX:SILVERM22JUN65250CE,11,20
3305,SILVERM 22 Jun 21 65250 PE,31,1,1655836199,MCX:SILVERM22JUN65250PE,11,20
3306,SILVERM 22 Jun 21 65500 CE,31,1,1655836199,MCX:SILVERM22JUN65500CE,11,20
3307,SILVERM 22 Jun 21 65500 PE,31,1,1655836199,MCX:SILVERM22JUN65500PE,11,20
3308,SILVERM 22 Jun 21 64750 CE,31,1,1655836199,MCX:SILVERM22JUN64750CE,11,20
3309,SILVERM 22 Jun 21 64750 PE,31,1,1655836199,MCX:SILVERM22JUN64750PE,11,20
3310,SILVERM 22 Jun 21 63250 CE,31,1,1655836199,MCX:SILVERM22JUN63250CE,11,20
3311,SILVERM 22 Jun 21 63250 PE,31,1,1655836199,MCX:SILVERM22JUN63250PE,11,20
3312,SILVERM 22 Jun 21 63500 CE,31,1,1655836199,MCX:SILVERM22JUN63500CE,11,20
3313,SILVERM 22 Jun 21 63500 PE,31,1,1655836199,MCX:SILVERM22JUN63500PE,11,20
3314,SILVERM 22 Jun 21 63750 CE,31,1,1655836199,MCX:SILVERM22JUN63750CE,11,20
3315,SILVERM 22 Jun 21 63750 PE,31,1,1655836199,MCX:SILVERM22JUN63750PE,11,20
3316,SILVERM 22 Jun 21 64000 CE,31,1,1655836199,MCX:SILVERM22JUN64000CE,11,20
3317,SILVERM 22 Jun 21 64000 PE,31,1,1655836199,MCX:SILVERM22JUN64000PE,11,20
3318,SILVERM 22 Jun 21 64250 CE,31,1,1655836199,MCX:SILVERM22JUN64250CE,11,20
3319,SILVERM 22 Jun 21 64250 PE,31,1,1655836199,MCX:SILVERM22JUN64250PE,11,20
3320,SILVERM 22 Jun 21 64500 CE,31,1,1655836199,MCX:SILVERM22JUN64500CE,11,20
3321,SILVERM 22 Jun 21 64500 PE,31,1,1655836199,MCX:SILVERM22JUN64500PE,11,20
3322,SILVERM 22 Jun 21 63000 CE,31,1,1655836199,MCX:SILVERM22JUN63000CE,11,20
3323,SILVERM 22 Jun 21 63000 PE,31,1,1655836199,MCX:SILVERM22JUN63000PE,11,20
3324,SILVERM 22 Jun 21 61750 CE,31,1,1655836199,MCX:SILVERM22JUN61750CE,11,20
3325,SILVERM 22 Jun 21 61750 PE,31,1,1655836199,MCX:SILVERM22JUN61750PE,11,20
3326,SILVERM 22 Jun 21 62000 CE,31,1,1655836199,MCX:SILVERM22JUN62000CE,11,20
3327,SILVERM 22 Jun 21 62000 PE,31,1,1655836199,MCX:SILVERM22JUN62000PE,11,20
3328,SILVERM 22 Jun 21 62250 CE,31,1,1655836199,MCX:SILVERM22JUN62250CE,11,20
3329,SILVERM 22 Jun 21 62250 PE,31,1,1655836199,MCX:SILVERM22JUN62250PE,11,20
3330,SILVERM 22 Jun 21 62500 CE,31,1,1655836199,MCX:SILVERM22JUN62500CE,11,20
3331,SILVERM 22 Jun 21 62500 PE,31,1,1655836199,MCX:SILVERM22JUN62500PE,11,20
3332,SILVERM 22 Jun 21 62750 CE,31,1,1655836199,MCX:SILVERM22JUN62750CE,11,20
3333,SILVERM 22 Jun 21 62750 PE,31,1,1655836199,MCX:SILVERM22JUN62750PE,11,20
3334,SILVERM 22 Jun 21 59750 CE,31,1,1655836199,MCX:SILVERM22JUN59750CE,11,20
3335,SILVERM 22 Jun 21 59750 PE,31,1,1655836199,MCX:SILVERM22JUN59750PE,11,20
3336,SILVERM 22 Jun 21 60000 CE,31,1,1655836199,MCX:SILVERM22JUN60000CE,11,20
3337,SILVERM 22 Jun 21 60000 PE,31,1,1655836199,MCX:SILVERM22JUN60000PE,11,20
3338,SILVERM 22 Jun 21 60250 CE,31,1,1655836199,MCX:SILVERM22JUN60250CE,11,20
3339,SILVERM 22 Jun 21 60250 PE,31,1,1655836199,MCX:SILVERM22JUN60250PE,11,20
3340,SILVERM 22 Jun 21 60500 CE,31,1,1655836199,MCX:SILVERM22JUN60500CE,11,20
3341,SILVERM 22 Jun 21 60500 PE,31,1,1655836199,MCX:SILVERM22JUN60500PE,11,20
3342,SILVERM 22 Jun 21 60750 CE,31,1,1655836199,MCX:SILVERM22JUN60750CE,11,20
3343,SILVERM 22 Jun 21 60750 PE,31,1,1655836199,MCX:SILVERM22JUN60750PE,11,20
3344,SILVERM 22 Jun 21 61000 CE,31,1,1655836199,MCX:SILVERM22JUN61000CE,11,20
3345,SILVERM 22 Jun 21 61000 PE,31,1,1655836199,MCX:SILVERM22JUN61000PE,11,20
3346,SILVERM 22 Jun 21 61250 CE,31,1,1655836199,MCX:SILVERM22JUN61250CE,11,20
3347,SILVERM 22 Jun 21 61250 PE,31,1,1655836199,MCX:SILVERM22JUN61250PE,11,20
3348,SILVERM 22 Jun 21 61500 CE,31,1,1655836199,MCX:SILVERM22JUN61500CE,11,20
3349,SILVERM 22 Jun 21 61500 PE,31,1,1655836199,MCX:SILVERM22JUN61500PE,11,20
3350,SILVERM 22 Jun 21 59500 CE,31,1,1655836199,MCX:SILVERM22JUN59500CE,11,20
3351,SILVERM 22 Jun 21 59500 PE,31,1,1655836199,MCX:SILVERM22JUN59500PE,11,20
3352,SILVERM 22 Jun 21 58750 CE,31,1,1655836199,MCX:SILVERM22JUN58750CE,11,20
3353,SILVERM 22 Jun 21 58750 PE,31,1,1655836199,MCX:SILVERM22JUN58750PE,11,20
3354,SILVERM 22 Jun 21 59000 CE,31,1,1655836199,MCX:SILVERM22JUN59000CE,11,20
3355,SILVERM 22 Jun 21 59000 PE,31,1,1655836199,MCX:SILVERM22JUN59000PE,11,20
3356,SILVERM 22 Jun 21 59250 CE,31,1,1655836199,MCX:SILVERM22JUN59250CE,11,20
3357,SILVERM 22 Jun 21 59250 PE,31,1,1655836199,MCX:SILVERM22JUN59250PE,11,20
3358,SILVERM 22 Jun 21 58500 CE,31,1,1655836199,MCX:SILVERM22JUN58500CE,11,20
3359,SILVERM 22 Jun 21 58500 PE,31,1,1655836199,MCX:SILVERM22JUN58500PE,11,20
3360,SILVERM 22 Jun 21 57250 CE,31,1,1655836199,MCX:SILVERM22JUN57250CE,11,20
3361,SILVERM 22 Jun 21 57250 PE,31,1,1655836199,MCX:SILVERM22JUN57250PE,11,20
3362,SILVERM 22 Jun 21 57500 CE,31,1,1655836199,MCX:SILVERM22JUN57500CE,11,20
3363,SILVERM 22 Jun 21 57500 PE,31,1,1655836199,MCX:SILVERM22JUN57500PE,11,20
3364,SILVERM 22 Jun 21 57750 CE,31,1,1655836199,MCX:SILVERM22JUN57750CE,11,20
3365,SILVERM 22 Jun 21 57750 PE,31,1,1655836199,MCX:SILVERM22JUN57750PE,11,20
3366,SILVERM 22 Jun 21 58000 CE,31,1,1655836199,MCX:SILVERM22JUN58000CE,11,20
3367,SILVERM 22 Jun 21 58000 PE,31,1,1655836199,MCX:SILVERM22JUN58000PE,11,20
3368,SILVERM 22 Jun 21 58250 CE,31,1,1655836199,MCX:SILVERM22JUN58250CE,11,20
3369,SILVERM 22 Jun 21 58250 PE,31,1,1655836199,MCX:SILVERM22JUN58250PE,11,20
3370,SILVERM 22 Jun 21 56000 CE,31,1,1655836199,MCX:SILVERM22JUN56000CE,11,20
3371,SILVERM 22 Jun 21 56000 PE,31,1,1655836199,MCX:SILVERM22JUN56000PE,11,20
3372,SILVERM 22 Jun 21 56250 CE,31,1,1655836199,MCX:SILVERM22JUN56250CE,11,20
3373,SILVERM 22 Jun 21 56250 PE,31,1,1655836199,MCX:SILVERM22JUN56250PE,11,20
3374,SILVERM 22 Jun 21 56500 CE,31,1,1655836199,MCX:SILVERM22JUN56500CE,11,20
3375,SILVERM 22 Jun 21 56500 PE,31,1,1655836199,MCX:SILVERM22JUN56500PE,11,20
3376,SILVERM 22 Jun 21 56750 CE,31,1,1655836199,MCX:SILVERM22JUN56750CE,11,20
3377,SILVERM 22 Jun 21 56750 PE,31,1,1655836199,MCX:SILVERM22JUN56750PE,11,20
3378,SILVERM 22 Jun 21 57000 CE,31,1,1655836199,MCX:SILVERM22JUN57000CE,11,20
3379,SILVERM 22 Jun 21 57000 PE,31,1,1655836199,MCX:SILVERM22JUN57000PE,11,20
3380,SILVERM 22 Jun 21 55750 CE,31,1,1655836199,MCX:SILVERM22JUN55750CE,11,20
3381,SILVERM 22 Jun 21 55750 PE,31,1,1655836199,MCX:SILVERM22JUN55750PE,11,20
3382,SILVERM 22 Jun 21 54000 CE,31,1,1655836199,MCX:SILVERM22JUN54000CE,11,20
3383,SILVERM 22 Jun 21 54000 PE,31,1,1655836199,MCX:SILVERM22JUN54000PE,11,20
3384,SILVERM 22 Jun 21 54250 CE,31,1,1655836199,MCX:SILVERM22JUN54250CE,11,20
3385,SILVERM 22 Jun 21 54250 PE,31,1,1655836199,MCX:SILVERM22JUN54250PE,11,20
3386,SILVERM 22 Jun 21 54500 CE,31,1,1655836199,MCX:SILVERM22JUN54500CE,11,20
3387,SILVERM 22 Jun 21 54500 PE,31,1,1655836199,MCX:SILVERM22JUN54500PE,11,20
3388,SILVERM 22 Jun 21 54750 CE,31,1,1655836199,MCX:SILVERM22JUN54750CE,11,20
3389,SILVERM 22 Jun 21 54750 PE,31,1,1655836199,MCX:SILVERM22JUN54750PE,11,20
3390,SILVERM 22 Jun 21 55000 CE,31,1,1655836199,MCX:SILVERM22JUN55000CE,11,20
3391,SILVERM 22 Jun 21 55000 PE,31,1,1655836199,MCX:SILVERM22JUN55000PE,11,20
3392,SILVERM 22 Jun 21 55250 CE,31,1,1655836199,MCX:SILVERM22JUN55250CE,11,20
3393,SILVERM 22 Jun 21 55250 PE,31,1,1655836199,MCX:SILVERM22JUN55250PE,11,20
3394,SILVERM 22 Jun 21 55500 CE,31,1,1655836199,MCX:SILVERM22JUN55500CE,11,20
3395,SILVERM 22 Jun 21 55500 PE,31,1,1655836199,MCX:SILVERM22JUN55500PE,11,20
3396,SILVER 22 Jun 24 67750 CE,31,1,1656095399,MCX:SILVER22JUN67750CE,11,20
3397,SILVER 22 Jun 24 67750 PE,31,1,1656095399,MCX:SILVER22JUN67750PE,11,20
3398,SILVER 22 Jun 24 68000 CE,31,1,1656095399,MCX:SILVER22JUN68000CE,11,20
3399,SILVER 22 Jun 24 68000 PE,31,1,1656095399,MCX:SILVER22JUN68000PE,11,20
3400,SILVER 22 Jun 24 68250 CE,31,1,1656095399,MCX:SILVER22JUN68250CE,11,20
3401,SILVER 22 Jun 24 68250 PE,31,1,1656095399,MCX:SILVER22JUN68250PE,11,20
3402,SILVER 22 Jun 24 68500 CE,31,1,1656095399,MCX:SILVER22JUN68500CE,11,20
3403,SILVER 22 Jun 24 68500 PE,31,1,1656095399,MCX:SILVER22JUN68500PE,11,20
3404,SILVER 22 Jun 24 68750 CE,31,1,1656095399,MCX:SILVER22JUN68750CE,11,20
3405,SILVER 22 Jun 24 68750 PE,31,1,1656095399,MCX:SILVER22JUN68750PE,11,20
3406,SILVER 22 Jun 24 69000 CE,31,1,1656095399,MCX:SILVER22JUN69000CE,11,20
3407,SILVER 22 Jun 24 69000 PE,31,1,1656095399,MCX:SILVER22JUN69000PE,11,20
3408,SILVER 22 Jun 24 69250 CE,31,1,1656095399,MCX:SILVER22JUN69250CE,11,20
3409,SILVER 22 Jun 24 69250 PE,31,1,1656095399,MCX:SILVER22JUN69250PE,11,20
3410,SILVER 22 Jun 24 69500 CE,31,1,1656095399,MCX:SILVER22JUN69500CE,11,20
3411,SILVER 22 Jun 24 69500 PE,31,1,1656095399,MCX:SILVER22JUN69500PE,11,20
3412,SILVER 22 Jun 24 69750 CE,31,1,1656095399,MCX:SILVER22JUN69750CE,11,20
3413,SILVER 22 Jun 24 69750 PE,31,1,1656095399,MCX:SILVER22JUN69750PE,11,20
3414,SILVER 22 Jun 24 70000 CE,31,1,1656095399,MCX:SILVER22JUN70000CE,11,20
3415,SILVER 22 Jun 24 70000 PE,31,1,1656095399,MCX:SILVER22JUN70000PE,11,20
3416,SILVER 22 Jun 24 70250 CE,31,1,1656095399,MCX:SILVER22JUN70250CE,11,20
3417,SILVER 22 Jun 24 70250 PE,31,1,1656095399,MCX:SILVER22JUN70250PE,11,20
3418,SILVER 22 Jun 24 70500 CE,31,1,1656095399,MCX:SILVER22JUN70500CE,11,20
3419,SILVER 22 Jun 24 70500 PE,31,1,1656095399,MCX:SILVER22JUN70500PE,11,20
3420,SILVER 22 Jun 24 70750 CE,31,1,1656095399,MCX:SILVER22JUN70750CE,11,20
3421,SILVER 22 Jun 24 70750 PE,31,1,1656095399,MCX:SILVER22JUN70750PE,11,20
3422,SILVER 22 Jun 24 71000 CE,31,1,1656095399,MCX:SILVER22JUN71000CE,11,20
3423,SILVER 22 Jun 24 71000 PE,31,1,1656095399,MCX:SILVER22JUN71000PE,11,20
3424,SILVER 22 Jun 24 71250 CE,31,1,1656095399,MCX:SILVER22JUN71250CE,11,20
3425,SILVER 22 Jun 24 71250 PE,31,1,1656095399,MCX:SILVER22JUN71250PE,11,20
3426,SILVER 22 Jun 24 71500 CE,31,1,1656095399,MCX:SILVER22JUN71500CE,11,20
3427,SILVER 22 Jun 24 71500 PE,31,1,1656095399,MCX:SILVER22JUN71500PE,11,20
3428,SILVER 22 Jun 24 71750 CE,31,1,1656095399,MCX:SILVER22JUN71750CE,11,20
3429,SILVER 22 Jun 24 71750 PE,31,1,1656095399,MCX:SILVER22JUN71750PE,11,20
3430,SILVER 22 Jun 24 72000 CE,31,1,1656095399,MCX:SILVER22JUN72000CE,11,20
3431,SILVER 22 Jun 24 72000 PE,31,1,1656095399,MCX:SILVER22JUN72000PE,11,20
3432,SILVER 22 Jun 24 72250 CE,31,1,1656095399,MCX:SILVER22JUN72250CE,11,20
3433,SILVER 22 Jun 24 72250 PE,31,1,1656095399,MCX:SILVER22JUN72250PE,11,20
3434,SILVER 22 Jun 24 72500 CE,31,1,1656095399,MCX:SILVER22JUN72500CE,11,20
3435,SILVER 22 Jun 24 72500 PE,31,1,1656095399,MCX:SILVER22JUN72500PE,11,20
3436,SILVER 22 Jun 24 72750 CE,31,1,1656095399,MCX:SILVER22JUN72750CE,11,20
3437,SILVER 22 Jun 24 72750 PE,31,1,1656095399,MCX:SILVER22JUN72750PE,11,20
3438,SILVER 22 Jun 24 73000 CE,31,1,1656095399,MCX:SILVER22JUN73000CE,11,20
3439,SILVER 22 Jun 24 73000 PE,31,1,1656095399,MCX:SILVER22JUN73000PE,11,20
3440,SILVER 22 Jun 24 73250 CE,31,1,1656095399,MCX:SILVER22JUN73250CE,11,20
3441,SILVER 22 Jun 24 73250 PE,31,1,1656095399,MCX:SILVER22JUN73250PE,11,20
3442,SILVER 22 Jun 24 73500 CE,31,1,1656095399,MCX:SILVER22JUN73500CE,11,20
3443,SILVER 22 Jun 24 73500 PE,31,1,1656095399,MCX:SILVER22JUN73500PE,11,20
3444,SILVER 22 Jun 24 73750 CE,31,1,1656095399,MCX:SILVER22JUN73750CE,11,20
3445,SILVER 22 Jun 24 73750 PE,31,1,1656095399,MCX:SILVER22JUN73750PE,11,20
3446,SILVER 22 Jun 24 74000 CE,31,1,1656095399,MCX:SILVER22JUN74000CE,11,20
3447,SILVER 22 Jun 24 74000 PE,31,1,1656095399,MCX:SILVER22JUN74000PE,11,20
3448,SILVER 22 Jun 24 74250 CE,31,1,1656095399,MCX:SILVER22JUN74250CE,11,20
3449,SILVER 22 Jun 24 74250 PE,31,1,1656095399,MCX:SILVER22JUN74250PE,11,20
3450,SILVER 22 Jun 24 74500 CE,31,1,1656095399,MCX:SILVER22JUN74500CE,11,20
3451,SILVER 22 Jun 24 74500 PE,31,1,1656095399,MCX:SILVER22JUN74500PE,11,20
3452,SILVER 22 Jun 24 74750 CE,31,1,1656095399,MCX:SILVER22JUN74750CE,11,20
3453,SILVER 22 Jun 24 74750 PE,31,1,1656095399,MCX:SILVER22JUN74750PE,11,20
3454,SILVER 22 Jun 24 75000 CE,31,1,1656095399,MCX:SILVER22JUN75000CE,11,20
3455,SILVER 22 Jun 24 75000 PE,31,1,1656095399,MCX:SILVER22JUN75000PE,11,20
3456,SILVER 22 Jun 24 75250 CE,31,1,1656095399,MCX:SILVER22JUN75250CE,11,20
3457,SILVER 22 Jun 24 75250 PE,31,1,1656095399,MCX:SILVER22JUN75250PE,11,20
3458,SILVER 22 Jun 24 75500 CE,31,1,1656095399,MCX:SILVER22JUN75500CE,11,20
3459,SILVER 22 Jun 24 75500 PE,31,1,1656095399,MCX:SILVER22JUN75500PE,11,20
3460,SILVER 22 Jun 24 75750 CE,31,1,1656095399,MCX:SILVER22JUN75750CE,11,20
3461,SILVER 22 Jun 24 75750 PE,31,1,1656095399,MCX:SILVER22JUN75750PE,11,20
3462,SILVER 22 Jun 24 76000 CE,31,1,1656095399,MCX:SILVER22JUN76000CE,11,20
3463,SILVER 22 Jun 24 76000 PE,31,1,1656095399,MCX:SILVER22JUN76000PE,11,20
3464,SILVER 22 Jun 24 76250 CE,31,1,1656095399,MCX:SILVER22JUN76250CE,11,20
3465,SILVER 22 Jun 24 76250 PE,31,1,1656095399,MCX:SILVER22JUN76250PE,11,20
3466,SILVER 22 Jun 24 76500 CE,31,1,1656095399,MCX:SILVER22JUN76500CE,11,20
3467,SILVER 22 Jun 24 76500 PE,31,1,1656095399,MCX:SILVER22JUN76500PE,11,20
3468,SILVER 22 Jun 24 76750 CE,31,1,1656095399,MCX:SILVER22JUN76750CE,11,20
3469,SILVER 22 Jun 24 76750 PE,31,1,1656095399,MCX:SILVER22JUN76750PE,11,20
3470,SILVER 22 Jun 24 77000 CE,31,1,1656095399,MCX:SILVER22JUN77000CE,11,20
3471,SILVER 22 Jun 24 77000 PE,31,1,1656095399,MCX:SILVER22JUN77000PE,11,20
3472,SILVER 22 Jun 24 77250 CE,31,1,1656095399,MCX:SILVER22JUN77250CE,11,20
3473,SILVER 22 Jun 24 77250 PE,31,1,1656095399,MCX:SILVER22JUN77250PE,11,20
3474,SILVER 22 Jun 24 77500 CE,31,1,1656095399,MCX:SILVER22JUN77500CE,11,20
3475,SILVER 22 Jun 24 77500 PE,31,1,1656095399,MCX:SILVER22JUN77500PE,11,20
3476,SILVER 22 Jun 24 77750 CE,31,1,1656095399,MCX:SILVER22JUN77750CE,11,20
3477,SILVER 22 Jun 24 77750 PE,31,1,1656095399,MCX:SILVER22JUN77750PE,11,20
3478,SILVER 22 Jun 24 78000 CE,31,1,1656095399,MCX:SILVER22JUN78000CE,11,20
3479,SILVER 22 Jun 24 78000 PE,31,1,1656095399,MCX:SILVER22JUN78000PE,11,20
3480,SILVER 22 Jun 24 78250 CE,31,1,1656095399,MCX:SILVER22JUN78250CE,11,20
3481,SILVER 22 Jun 24 78250 PE,31,1,1656095399,MCX:SILVER22JUN78250PE,11,20
3482,SILVER 22 Jun 24 78500 CE,31,1,1656095399,MCX:SILVER22JUN78500CE,11,20
3483,SILVER 22 Jun 24 78500 PE,31,1,1656095399,MCX:SILVER22JUN78500PE,11,20
3484,SILVER 22 Jun 24 78750 CE,31,1,1656095399,MCX:SILVER22JUN78750CE,11,20
3485,SILVER 22 Jun 24 78750 PE,31,1,1656095399,MCX:SILVER22JUN78750PE,11,20
3486,SILVER 22 Jun 24 79000 CE,31,1,1656095399,MCX:SILVER22JUN79000CE,11,20
3487,SILVER 22 Jun 24 79000 PE,31,1,1656095399,MCX:SILVER22JUN79000PE,11,20
3488,SILVER 22 Jun 24 79250 CE,31,1,1656095399,MCX:SILVER22JUN79250CE,11,20
3489,SILVER 22 Jun 24 79250 PE,31,1,1656095399,MCX:SILVER22JUN79250PE,11,20
3490,SILVER 22 Jun 24 79500 CE,31,1,1656095399,MCX:SILVER22JUN79500CE,11,20
3491,SILVER 22 Jun 24 79500 PE,31,1,1656095399,MCX:SILVER22JUN79500PE,11,20
3492,SILVER 22 Jun 24 79750 CE,31,1,1656095399,MCX:SILVER22JUN79750CE,11,20
3493,SILVER 22 Jun 24 79750 PE,31,1,1656095399,MCX:SILVER22JUN79750PE,11,20
3494,SILVER 22 Jun 24 80000 CE,31,1,1656095399,MCX:SILVER22JUN80000CE,11,20
3495,SILVER 22 Jun 24 80000 PE,31,1,1656095399,MCX:SILVER22JUN80000PE,11,20
3496,SILVER 22 Jun 24 80250 CE,31,1,1656095399,MCX:SILVER22JUN80250CE,11,20
3497,SILVER 22 Jun 24 80250 PE,31,1,1656095399,MCX:SILVER22JUN80250PE,11,20
3498,SILVER 22 Jun 24 66500 CE,31,1,1656095399,MCX:SILVER22JUN66500CE,11,20
3499,SILVER 22 Jun 24 66500 PE,31,1,1656095399,MCX:SILVER22JUN66500PE,11,20
3500,SILVER 22 Jun 24 66750 CE,31,1,1656095399,MCX:SILVER22JUN66750CE,11,20
3501,SILVER 22 Jun 24 66750 PE,31,1,1656095399,MCX:SILVER22JUN66750PE,11,20
3502,SILVER 22 Jun 24 67000 CE,31,1,1656095399,MCX:SILVER22JUN67000CE,11,20
3503,SILVER 22 Jun 24 67000 PE,31,1,1656095399,MCX:SILVER22JUN67000PE,11,20
3504,SILVER 22 Jun 24 67250 CE,31,1,1656095399,MCX:SILVER22JUN67250CE,11,20
3505,SILVER 22 Jun 24 67250 PE,31,1,1656095399,MCX:SILVER22JUN67250PE,11,20
3506,SILVER 22 Jun 24 67500 CE,31,1,1656095399,MCX:SILVER22JUN67500CE,11,20
3507,SILVER 22 Jun 24 67500 PE,31,1,1656095399,MCX:SILVER22JUN67500PE,11,20
3508,SILVER 22 Jun 24 65250 CE,31,1,1656095399,MCX:SILVER22JUN65250CE,11,20
3509,SILVER 22 Jun 24 65250 PE,31,1,1656095399,MCX:SILVER22JUN65250PE,11,20
3510,SILVER 22 Jun 24 65500 CE,31,1,1656095399,MCX:SILVER22JUN65500CE,11,20
3511,SILVER 22 Jun 24 65500 PE,31,1,1656095399,MCX:SILVER22JUN65500PE,11,20
3512,SILVER 22 Jun 24 65750 CE,31,1,1656095399,MCX:SILVER22JUN65750CE,11,20
3513,SILVER 22 Jun 24 65750 PE,31,1,1656095399,MCX:SILVER22JUN65750PE,11,20
3514,SILVER 22 Jun 24 66000 CE,31,1,1656095399,MCX:SILVER22JUN66000CE,11,20
3515,SILVER 22 Jun 24 66000 PE,31,1,1656095399,MCX:SILVER22JUN66000PE,11,20
3516,SILVER 22 Jun 24 66250 CE,31,1,1656095399,MCX:SILVER22JUN66250CE,11,20
3517,SILVER 22 Jun 24 66250 PE,31,1,1656095399,MCX:SILVER22JUN66250PE,11,20
3518,SILVER 22 Jun 24 64500 CE,31,1,1656095399,MCX:SILVER22JUN64500CE,11,20
3519,SILVER 22 Jun 24 64500 PE,31,1,1656095399,MCX:SILVER22JUN64500PE,11,20
3520,SILVER 22 Jun 24 64750 CE,31,1,1656095399,MCX:SILVER22JUN64750CE,11,20
3521,SILVER 22 Jun 24 64750 PE,31,1,1656095399,MCX:SILVER22JUN64750PE,11,20
3522,SILVER 22 Jun 24 65000 CE,31,1,1656095399,MCX:SILVER22JUN65000CE,11,20
3523,SILVER 22 Jun 24 65000 PE,31,1,1656095399,MCX:SILVER22JUN65000PE,11,20
3524,SILVER 22 Jun 24 63000 CE,31,1,1656095399,MCX:SILVER22JUN63000CE,11,20
3525,SILVER 22 Jun 24 63000 PE,31,1,1656095399,MCX:SILVER22JUN63000PE,11,20
3526,SILVER 22 Jun 24 63250 CE,31,1,1656095399,MCX:SILVER22JUN63250CE,11,20
3527,SILVER 22 Jun 24 63250 PE,31,1,1656095399,MCX:SILVER22JUN63250PE,11,20
3528,SILVER 22 Jun 24 63500 CE,31,1,1656095399,MCX:SILVER22JUN63500CE,11,20
3529,SILVER 22 Jun 24 63500 PE,31,1,1656095399,MCX:SILVER22JUN63500PE,11,20
3530,SILVER 22 Jun 24 63750 CE,31,1,1656095399,MCX:SILVER22JUN63750CE,11,20
3531,SILVER 22 Jun 24 63750 PE,31,1,1656095399,MCX:SILVER22JUN63750PE,11,20
3532,SILVER 22 Jun 24 64000 CE,31,1,1656095399,MCX:SILVER22JUN64000CE,11,20
3533,SILVER 22 Jun 24 64000 PE,31,1,1656095399,MCX:SILVER22JUN64000PE,11,20
3534,SILVER 22 Jun 24 64250 CE,31,1,1656095399,MCX:SILVER22JUN64250CE,11,20
3535,SILVER 22 Jun 24 64250 PE,31,1,1656095399,MCX:SILVER22JUN64250PE,11,20
3536,SILVER 22 Jun 24 62750 CE,31,1,1656095399,MCX:SILVER22JUN62750CE,11,20
3537,SILVER 22 Jun 24 62750 PE,31,1,1656095399,MCX:SILVER22JUN62750PE,11,20
3538,SILVER 22 Jun 24 61500 CE,31,1,1656095399,MCX:SILVER22JUN61500CE,11,20
3539,SILVER 22 Jun 24 61500 PE,31,1,1656095399,MCX:SILVER22JUN61500PE,11,20
3540,SILVER 22 Jun 24 61750 CE,31,1,1656095399,MCX:SILVER22JUN61750CE,11,20
3541,SILVER 22 Jun 24 61750 PE,31,1,1656095399,MCX:SILVER22JUN61750PE,11,20
3542,SILVER 22 Jun 24 62000 CE,31,1,1656095399,MCX:SILVER22JUN62000CE,11,20
3543,SILVER 22 Jun 24 62000 PE,31,1,1656095399,MCX:SILVER22JUN62000PE,11,20
3544,SILVER 22 Jun 24 62250 CE,31,1,1656095399,MCX:SILVER22JUN62250CE,11,20
3545,SILVER 22 Jun 24 62250 PE,31,1,1656095399,MCX:SILVER22JUN62250PE,11,20
3546,SILVER 22 Jun 24 62500 CE,31,1,1656095399,MCX:SILVER22JUN62500CE,11,20
3547,SILVER 22 Jun 24 62500 PE,31,1,1656095399,MCX:SILVER22JUN62500PE,11,20
3548,SILVER 22 Jun 24 59250 CE,31,1,1656095399,MCX:SILVER22JUN59250CE,11,20
3549,SILVER 22 Jun 24 59250 PE,31,1,1656095399,MCX:SILVER22JUN59250PE,11,20
3550,SILVER 22 Jun 24 59500 CE,31,1,1656095399,MCX:SILVER22JUN59500CE,11,20
3551,SILVER 22 Jun 24 59500 PE,31,1,1656095399,MCX:SILVER22JUN59500PE,11,20
3552,SILVER 22 Jun 24 59750 CE,31,1,1656095399,MCX:SILVER22JUN59750CE,11,20
3553,SILVER 22 Jun 24 59750 PE,31,1,1656095399,MCX:SILVER22JUN59750PE,11,20
3554,SILVER 22 Jun 24 60000 CE,31,1,1656095399,MCX:SILVER22JUN60000CE,11,20
3555,SILVER 22 Jun 24 60000 PE,31,1,1656095399,MCX:SILVER22JUN60000PE,11,20
3556,SILVER 22 Jun 24 60250 CE,31,1,1656095399,MCX:SILVER22JUN60250CE,11,20
3557,SILVER 22 Jun 24 60250 PE,31,1,1656095399,MCX:SILVER22JUN60250PE,11,20
3558,SILVER 22 Jun 24 60500 CE,31,1,1656095399,MCX:SILVER22JUN60500CE,11,20
3559,SILVER 22 Jun 24 60500 PE,31,1,1656095399,MCX:SILVER22JUN60500PE,11,20
3560,SILVER 22 Jun 24 60750 CE,31,1,1656095399,MCX:SILVER22JUN60750CE,11,20
3561,SILVER 22 Jun 24 60750 PE,31,1,1656095399,MCX:SILVER22JUN60750PE,11,20
3562,SILVER 22 Jun 24 61000 CE,31,1,1656095399,MCX:SILVER22JUN61000CE,11,20
3563,SILVER 22 Jun 24 61000 PE,31,1,1656095399,MCX:SILVER22JUN61000PE,11,20
3564,SILVER 22 Jun 24 61250 CE,31,1,1656095399,MCX:SILVER22JUN61250CE,11,20
3565,SILVER 22 Jun 24 61250 PE,31,1,1656095399,MCX:SILVER22JUN61250PE,11,20
3566,SILVER 22 Jun 24 59000 CE,31,1,1656095399,MCX:SILVER22JUN59000CE,11,20
3567,SILVER 22 Jun 24 59000 PE,31,1,1656095399,MCX:SILVER22JUN59000PE,11,20
3568,SILVER 22 Jun 24 58000 CE,31,1,1656095399,MCX:SILVER22JUN58000CE,11,20
3569,SILVER 22 Jun 24 58000 PE,31,1,1656095399,MCX:SILVER22JUN58000PE,11,20
3570,SILVER 22 Jun 24 58250 CE,31,1,1656095399,MCX:SILVER22JUN58250CE,11,20
3571,SILVER 22 Jun 24 58250 PE,31,1,1656095399,MCX:SILVER22JUN58250PE,11,20
3572,SILVER 22 Jun 24 58500 CE,31,1,1656095399,MCX:SILVER22JUN58500CE,11,20
3573,SILVER 22 Jun 24 58500 PE,31,1,1656095399,MCX:SILVER22JUN58500PE,11,20
3574,SILVER 22 Jun 24 58750 CE,31,1,1656095399,MCX:SILVER22JUN58750CE,11,20
3575,SILVER 22 Jun 24 58750 PE,31,1,1656095399,MCX:SILVER22JUN58750PE,11,20
3576,SILVER 22 Jun 24 57000 CE,31,1,1656095399,MCX:SILVER22JUN57000CE,11,20
3577,SILVER 22 Jun 24 57000 PE,31,1,1656095399,MCX:SILVER22JUN57000PE,11,20
3578,SILVER 22 Jun 24 57250 CE,31,1,1656095399,MCX:SILVER22JUN57250CE,11,20
3579,SILVER 22 Jun 24 57250 PE,31,1,1656095399,MCX:SILVER22JUN57250PE,11,20
3580,SILVER 22 Jun 24 57500 CE,31,1,1656095399,MCX:SILVER22JUN57500CE,11,20
3581,SILVER 22 Jun 24 57500 PE,31,1,1656095399,MCX:SILVER22JUN57500PE,11,20
3582,SILVER 22 Jun 24 57750 CE,31,1,1656095399,MCX:SILVER22JUN57750CE,11,20
3583,SILVER 22 Jun 24 57750 PE,31,1,1656095399,MCX:SILVER22JUN57750PE,11,20
3584,SILVER 22 Jun 24 55750 CE,31,1,1656095399,MCX:SILVER22JUN55750CE,11,20
3585,SILVER 22 Jun 24 55750 PE,31,1,1656095399,MCX:SILVER22JUN55750PE,11,20
3586,SILVER 22 Jun 24 56000 CE,31,1,1656095399,MCX:SILVER22JUN56000CE,11,20
3587,SILVER 22 Jun 24 56000 PE,31,1,1656095399,MCX:SILVER22JUN56000PE,11,20
3588,SILVER 22 Jun 24 56250 CE,31,1,1656095399,MCX:SILVER22JUN56250CE,11,20
3589,SILVER 22 Jun 24 56250 PE,31,1,1656095399,MCX:SILVER22JUN56250PE,11,20
3590,SILVER 22 Jun 24 56500 CE,31,1,1656095399,MCX:SILVER22JUN56500CE,11,20
3591,SILVER 22 Jun 24 56500 PE,31,1,1656095399,MCX:SILVER22JUN56500PE,11,20
3592,SILVER 22 Jun 24 56750 CE,31,1,1656095399,MCX:SILVER22JUN56750CE,11,20
3593,SILVER 22 Jun 24 56750 PE,31,1,1656095399,MCX:SILVER22JUN56750PE,11,20
3594,SILVER 22 Jun 24 55250 CE,31,1,1656095399,MCX:SILVER22JUN55250CE,11,20
3595,SILVER 22 Jun 24 55250 PE,31,1,1656095399,MCX:SILVER22JUN55250PE,11,20
3596,SILVER 22 Jun 24 55500 CE,31,1,1656095399,MCX:SILVER22JUN55500CE,11,20
3597,SILVER 22 Jun 24 55500 PE,31,1,1656095399,MCX:SILVER22JUN55500PE,11,20
3598,SILVER 22 Jun 24 53250 CE,31,1,1656095399,MCX:SILVER22JUN53250CE,11,20
3599,SILVER 22 Jun 24 53250 PE,31,1,1656095399,MCX:SILVER22JUN53250PE,11,20
3600,SILVER 22 Jun 24 53500 CE,31,1,1656095399,MCX:SILVER22JUN53500CE,11,20
3601,SILVER 22 Jun 24 53500 PE,31,1,1656095399,MCX:SILVER22JUN53500PE,11,20
3602,SILVER 22 Jun 24 53750 CE,31,1,1656095399,MCX:SILVER22JUN53750CE,11,20
3603,SILVER 22 Jun 24 53750 PE,31,1,1656095399,MCX:SILVER22JUN53750PE,11,20
3604,SILVER 22 Jun 24 54000 CE,31,1,1656095399,MCX:SILVER22JUN54000CE,11,20
3605,SILVER 22 Jun 24 54000 PE,31,1,1656095399,MCX:SILVER22JUN54000PE,11,20
3606,SILVER 22 Jun 24 54250 CE,31,1,1656095399,MCX:SILVER22JUN54250CE,11,20
3607,SILVER 22 Jun 24 54250 PE,31,1,1656095399,MCX:SILVER22JUN54250PE,11,20
3608,SILVER 22 Jun 24 54500 CE,31,1,1656095399,MCX:SILVER22JUN54500CE,11,20
3609,SILVER 22 Jun 24 54500 PE,31,1,1656095399,MCX:SILVER22JUN54500PE,11,20
3610,SILVER 22 Jun 24 54750 CE,31,1,1656095399,MCX:SILVER22JUN54750CE,11,20
3611,SILVER 22 Jun 24 54750 PE,31,1,1656095399,MCX:SILVER22JUN54750PE,11,20
3612,SILVER 22 Jun 24 55000 CE,31,1,1656095399,MCX:SILVER22JUN55000CE,11,20
3613,SILVER 22 Jun 24 55000 PE,31,1,1656095399,MCX:SILVER22JUN55000PE,11,20
3614,SILVERM 22 Jun 30 FUT,30,1,1656613799,MCX:SILVERM22JUNFUT,11,20
3615,SILVERMIC 22 Jun 30 FUT,30,1,1656613799,MCX:SILVERMIC22JUNFUT,11,20
3616,SILVER 22 Jul 05 FUT,30,1,1657045799,MCX:SILVER22JULFUT,11,20
3617,GOLD 22 Jul 27 45300 CE,31,1,1658946599,MCX:GOLD22JUL45300CE,11,20
3618,GOLD 22 Jul 27 45300 PE,31,1,1658946599,MCX:GOLD22JUL45300PE,11,20
3619,GOLD 22 Jul 27 45400 CE,31,1,1658946599,MCX:GOLD22JUL45400CE,11,20
3620,GOLD 22 Jul 27 45400 PE,31,1,1658946599,MCX:GOLD22JUL45400PE,11,20
3621,GOLD 22 Jul 27 45500 CE,31,1,1658946599,MCX:GOLD22JUL45500CE,11,20
3622,GOLD 22 Jul 27 45500 PE,31,1,1658946599,MCX:GOLD22JUL45500PE,11,20
3623,GOLD 22 Jul 27 45600 CE,31,1,1658946599,MCX:GOLD22JUL45600CE,11,20
3624,GOLD 22 Jul 27 45600 PE,31,1,1658946599,MCX:GOLD22JUL45600PE,11,20
3625,GOLD 22 Jul 27 45700 CE,31,1,1658946599,MCX:GOLD22JUL45700CE,11,20
3626,GOLD 22 Jul 27 45700 PE,31,1,1658946599,MCX:GOLD22JUL45700PE,11,20
3627,GOLD 22 Jul 27 45800 CE,31,1,1658946599,MCX:GOLD22JUL45800CE,11,20
3628,GOLD 22 Jul 27 45800 PE,31,1,1658946599,MCX:GOLD22JUL45800PE,11,20
3629,GOLD 22 Jul 27 45900 CE,31,1,1658946599,MCX:GOLD22JUL45900CE,11,20
3630,GOLD 22 Jul 27 45900 PE,31,1,1658946599,MCX:GOLD22JUL45900PE,11,20
3631,GOLD 22 Jul 27 46000 CE,31,1,1658946599,MCX:GOLD22JUL46000CE,11,20
3632,GOLD 22 Jul 27 46000 PE,31,1,1658946599,MCX:GOLD22JUL46000PE,11,20
3633,GOLD 22 Jul 27 46100 CE,31,1,1658946599,MCX:GOLD22JUL46100CE,11,20
3634,GOLD 22 Jul 27 46100 PE,31,1,1658946599,MCX:GOLD22JUL46100PE,11,20
3635,GOLD 22 Jul 27 46200 CE,31,1,1658946599,MCX:GOLD22JUL46200CE,11,20
3636,GOLD 22 Jul 27 46200 PE,31,1,1658946599,MCX:GOLD22JUL46200PE,11,20
3637,GOLD 22 Jul 27 46300 CE,31,1,1658946599,MCX:GOLD22JUL46300CE,11,20
3638,GOLD 22 Jul 27 46300 PE,31,1,1658946599,MCX:GOLD22JUL46300PE,11,20
3639,GOLD 22 Jul 27 46400 CE,31,1,1658946599,MCX:GOLD22JUL46400CE,11,20
3640,GOLD 22 Jul 27 46400 PE,31,1,1658946599,MCX:GOLD22JUL46400PE,11,20
3641,GOLD 22 Jul 27 46500 CE,31,1,1658946599,MCX:GOLD22JUL46500CE,11,20
3642,GOLD 22 Jul 27 46500 PE,31,1,1658946599,MCX:GOLD22JUL46500PE,11,20
3643,GOLD 22 Jul 27 46600 CE,31,1,1658946599,MCX:GOLD22JUL46600CE,11,20
3644,GOLD 22 Jul 27 46600 PE,31,1,1658946599,MCX:GOLD22JUL46600PE,11,20
3645,GOLD 22 Jul 27 46700 CE,31,1,1658946599,MCX:GOLD22JUL46700CE,11,20
3646,GOLD 22 Jul 27 46700 PE,31,1,1658946599,MCX:GOLD22JUL46700PE,11,20
3647,GOLD 22 Jul 27 46800 CE,31,1,1658946599,MCX:GOLD22JUL46800CE,11,20
3648,GOLD 22 Jul 27 46800 PE,31,1,1658946599,MCX:GOLD22JUL46800PE,11,20
3649,GOLD 22 Jul 27 46900 CE,31,1,1658946599,MCX:GOLD22JUL46900CE,11,20
3650,GOLD 22 Jul 27 46900 PE,31,1,1658946599,MCX:GOLD22JUL46900PE,11,20
3651,GOLD 22 Jul 27 47000 CE,31,1,1658946599,MCX:GOLD22JUL47000CE,11,20
3652,GOLD 22 Jul 27 47000 PE,31,1,1658946599,MCX:GOLD22JUL47000PE,11,20
3653,GOLD 22 Jul 27 47100 CE,31,1,1658946599,MCX:GOLD22JUL47100CE,11,20
3654,GOLD 22 Jul 27 47100 PE,31,1,1658946599,MCX:GOLD22JUL47100PE,11,20
3655,GOLD 22 Jul 27 47200 CE,31,1,1658946599,MCX:GOLD22JUL47200CE,11,20
3656,GOLD 22 Jul 27 47200 PE,31,1,1658946599,MCX:GOLD22JUL47200PE,11,20
3657,GOLD 22 Jul 27 47300 CE,31,1,1658946599,MCX:GOLD22JUL47300CE,11,20
3658,GOLD 22 Jul 27 47300 PE,31,1,1658946599,MCX:GOLD22JUL47300PE,11,20
3659,GOLD 22 Jul 27 47400 CE,31,1,1658946599,MCX:GOLD22JUL47400CE,11,20
3660,GOLD 22 Jul 27 47400 PE,31,1,1658946599,MCX:GOLD22JUL47400PE,11,20
3661,GOLD 22 Jul 27 47500 CE,31,1,1658946599,MCX:GOLD22JUL47500CE,11,20
3662,GOLD 22 Jul 27 47500 PE,31,1,1658946599,MCX:GOLD22JUL47500PE,11,20
3663,GOLD 22 Jul 27 47600 CE,31,1,1658946599,MCX:GOLD22JUL47600CE,11,20
3664,GOLD 22 Jul 27 47600 PE,31,1,1658946599,MCX:GOLD22JUL47600PE,11,20
3665,GOLD 22 Jul 27 47700 CE,31,1,1658946599,MCX:GOLD22JUL47700CE,11,20
3666,GOLD 22 Jul 27 47700 PE,31,1,1658946599,MCX:GOLD22JUL47700PE,11,20
3667,GOLD 22 Jul 27 47800 CE,31,1,1658946599,MCX:GOLD22JUL47800CE,11,20
3668,GOLD 22 Jul 27 47800 PE,31,1,1658946599,MCX:GOLD22JUL47800PE,11,20
3669,GOLD 22 Jul 27 47900 CE,31,1,1658946599,MCX:GOLD22JUL47900CE,11,20
3670,GOLD 22 Jul 27 47900 PE,31,1,1658946599,MCX:GOLD22JUL47900PE,11,20
3671,GOLD 22 Jul 27 48000 CE,31,1,1658946599,MCX:GOLD22JUL48000CE,11,20
3672,GOLD 22 Jul 27 48000 PE,31,1,1658946599,MCX:GOLD22JUL48000PE,11,20
3673,GOLD 22 Jul 27 48100 CE,31,1,1658946599,MCX:GOLD22JUL48100CE,11,20
3674,GOLD 22 Jul 27 48100 PE,31,1,1658946599,MCX:GOLD22JUL48100PE,11,20
3675,GOLD 22 Jul 27 48200 CE,31,1,1658946599,MCX:GOLD22JUL48200CE,11,20
3676,GOLD 22 Jul 27 48200 PE,31,1,1658946599,MCX:GOLD22JUL48200PE,11,20
3677,GOLD 22 Jul 27 48300 CE,31,1,1658946599,MCX:GOLD22JUL48300CE,11,20
3678,GOLD 22 Jul 27 48300 PE,31,1,1658946599,MCX:GOLD22JUL48300PE,11,20
3679,GOLD 22 Jul 27 48400 CE,31,1,1658946599,MCX:GOLD22JUL48400CE,11,20
3680,GOLD 22 Jul 27 48400 PE,31,1,1658946599,MCX:GOLD22JUL48400PE,11,20
3681,GOLD 22 Jul 27 48500 CE,31,1,1658946599,MCX:GOLD22JUL48500CE,11,20
3682,GOLD 22 Jul 27 48500 PE,31,1,1658946599,MCX:GOLD22JUL48500PE,11,20
3683,GOLD 22 Jul 27 48600 CE,31,1,1658946599,MCX:GOLD22JUL48600CE,11,20
3684,GOLD 22 Jul 27 48600 PE,31,1,1658946599,MCX:GOLD22JUL48600PE,11,20
3685,GOLD 22 Jul 27 48700 CE,31,1,1658946599,MCX:GOLD22JUL48700CE,11,20
3686,GOLD 22 Jul 27 48700 PE,31,1,1658946599,MCX:GOLD22JUL48700PE,11,20
3687,GOLD 22 Jul 27 48800 CE,31,1,1658946599,MCX:GOLD22JUL48800CE,11,20
3688,GOLD 22 Jul 27 48800 PE,31,1,1658946599,MCX:GOLD22JUL48800PE,11,20
3689,GOLD 22 Jul 27 48900 CE,31,1,1658946599,MCX:GOLD22JUL48900CE,11,20
3690,GOLD 22 Jul 27 48900 PE,31,1,1658946599,MCX:GOLD22JUL48900PE,11,20
3691,GOLD 22 Jul 27 49000 CE,31,1,1658946599,MCX:GOLD22JUL49000CE,11,20
3692,GOLD 22 Jul 27 49000 PE,31,1,1658946599,MCX:GOLD22JUL49000PE,11,20
3693,GOLD 22 Jul 27 49100 CE,31,1,1658946599,MCX:GOLD22JUL49100CE,11,20
3694,GOLD 22 Jul 27 49100 PE,31,1,1658946599,MCX:GOLD22JUL49100PE,11,20
3695,GOLD 22 Jul 27 49200 CE,31,1,1658946599,MCX:GOLD22JUL49200CE,11,20
3696,GOLD 22 Jul 27 49200 PE,31,1,1658946599,MCX:GOLD22JUL49200PE,11,20
3697,GOLD 22 Jul 27 49300 CE,31,1,1658946599,MCX:GOLD22JUL49300CE,11,20
3698,GOLD 22 Jul 27 49300 PE,31,1,1658946599,MCX:GOLD22JUL49300PE,11,20
3699,GOLD 22 Jul 27 49400 CE,31,1,1658946599,MCX:GOLD22JUL49400CE,11,20
3700,GOLD 22 Jul 27 49400 PE,31,1,1658946599,MCX:GOLD22JUL49400PE,11,20
3701,GOLD 22 Jul 27 49500 CE,31,1,1658946599,MCX:GOLD22JUL49500CE,11,20
3702,GOLD 22 Jul 27 49500 PE,31,1,1658946599,MCX:GOLD22JUL49500PE,11,20
3703,GOLD 22 Jul 27 49600 CE,31,1,1658946599,MCX:GOLD22JUL49600CE,11,20
3704,GOLD 22 Jul 27 49600 PE,31,1,1658946599,MCX:GOLD22JUL49600PE,11,20
3705,GOLD 22 Jul 27 49700 CE,31,1,1658946599,MCX:GOLD22JUL49700CE,11,20
3706,GOLD 22 Jul 27 49700 PE,31,1,1658946599,MCX:GOLD22JUL49700PE,11,20
3707,GOLD 22 Jul 27 49800 CE,31,1,1658946599,MCX:GOLD22JUL49800CE,11,20
3708,GOLD 22 Jul 27 49800 PE,31,1,1658946599,MCX:GOLD22JUL49800PE,11,20
3709,GOLD 22 Jul 27 49900 CE,31,1,1658946599,MCX:GOLD22JUL49900CE,11,20
3710,GOLD 22 Jul 27 49900 PE,31,1,1658946599,MCX:GOLD22JUL49900PE,11,20
3711,GOLD 22 Jul 27 50000 CE,31,1,1658946599,MCX:GOLD22JUL50000CE,11,20
3712,GOLD 22 Jul 27 50000 PE,31,1,1658946599,MCX:GOLD22JUL50000PE,11,20
3713,GOLD 22 Jul 27 50100 CE,31,1,1658946599,MCX:GOLD22JUL50100CE,11,20
3714,GOLD 22 Jul 27 50100 PE,31,1,1658946599,MCX:GOLD22JUL50100PE,11,20
3715,GOLD 22 Jul 27 50200 CE,31,1,1658946599,MCX:GOLD22JUL50200CE,11,20
3716,GOLD 22 Jul 27 50200 PE,31,1,1658946599,MCX:GOLD22JUL50200PE,11,20
3717,GOLD 22 Jul 27 50300 CE,31,1,1658946599,MCX:GOLD22JUL50300CE,11,20
3718,GOLD 22 Jul 27 50300 PE,31,1,1658946599,MCX:GOLD22JUL50300PE,11,20
3719,GOLD 22 Jul 27 50400 CE,31,1,1658946599,MCX:GOLD22JUL50400CE,11,20
3720,GOLD 22 Jul 27 50400 PE,31,1,1658946599,MCX:GOLD22JUL50400PE,11,20
3721,GOLD 22 Jul 27 50500 CE,31,1,1658946599,MCX:GOLD22JUL50500CE,11,20
3722,GOLD 22 Jul 27 50500 PE,31,1,1658946599,MCX:GOLD22JUL50500PE,11,20
3723,GOLD 22 Jul 27 50600 CE,31,1,1658946599,MCX:GOLD22JUL50600CE,11,20
3724,GOLD 22 Jul 27 50600 PE,31,1,1658946599,MCX:GOLD22JUL50600PE,11,20
3725,GOLD 22 Jul 27 50700 CE,31,1,1658946599,MCX:GOLD22JUL50700CE,11,20
3726,GOLD 22 Jul 27 50700 PE,31,1,1658946599,MCX:GOLD22JUL50700PE,11,20
3727,GOLD 22 Jul 27 50800 CE,31,1,1658946599,MCX:GOLD22JUL50800CE,11,20
3728,GOLD 22 Jul 27 50800 PE,31,1,1658946599,MCX:GOLD22JUL50800PE,11,20
3729,GOLD 22 Jul 27 50900 CE,31,1,1658946599,MCX:GOLD22JUL50900CE,11,20
3730,GOLD 22 Jul 27 50900 PE,31,1,1658946599,MCX:GOLD22JUL50900PE,11,20
3731,GOLD 22 Jul 27 51000 CE,31,1,1658946599,MCX:GOLD22JUL51000CE,11,20
3732,GOLD 22 Jul 27 51000 PE,31,1,1658946599,MCX:GOLD22JUL51000PE,11,20
3733,GOLD 22 Jul 27 45200 CE,31,1,1658946599,MCX:GOLD22JUL45200CE,11,20
3734,GOLD 22 Jul 27 45200 PE,31,1,1658946599,MCX:GOLD22JUL45200PE,11,20
3735,GOLD 22 Jul 27 44600 CE,31,1,1658946599,MCX:GOLD22JUL44600CE,11,20
3736,GOLD 22 Jul 27 44600 PE,31,1,1658946599,MCX:GOLD22JUL44600PE,11,20
3737,GOLD 22 Jul 27 44700 CE,31,1,1658946599,MCX:GOLD22JUL44700CE,11,20
3738,GOLD 22 Jul 27 44700 PE,31,1,1658946599,MCX:GOLD22JUL44700PE,11,20
3739,GOLD 22 Jul 27 44800 CE,31,1,1658946599,MCX:GOLD22JUL44800CE,11,20
3740,GOLD 22 Jul 27 44800 PE,31,1,1658946599,MCX:GOLD22JUL44800PE,11,20
3741,GOLD 22 Jul 27 44900 CE,31,1,1658946599,MCX:GOLD22JUL44900CE,11,20
3742,GOLD 22 Jul 27 44900 PE,31,1,1658946599,MCX:GOLD22JUL44900PE,11,20
3743,GOLD 22 Jul 27 45000 CE,31,1,1658946599,MCX:GOLD22JUL45000CE,11,20
3744,GOLD 22 Jul 27 45000 PE,31,1,1658946599,MCX:GOLD22JUL45000PE,11,20
3745,GOLD 22 Jul 27 45100 CE,31,1,1658946599,MCX:GOLD22JUL45100CE,11,20
3746,GOLD 22 Jul 27 45100 PE,31,1,1658946599,MCX:GOLD22JUL45100PE,11,20
3747,GOLD 22 Jul 27 44300 CE,31,1,1658946599,MCX:GOLD22JUL44300CE,11,20
3748,GOLD 22 Jul 27 44300 PE,31,1,1658946599,MCX:GOLD22JUL44300PE,11,20
3749,GOLD 22 Jul 27 44400 CE,31,1,1658946599,MCX:GOLD22JUL44400CE,11,20
3750,GOLD 22 Jul 27 44400 PE,31,1,1658946599,MCX:GOLD22JUL44400PE,11,20
3751,GOLD 22 Jul 27 44500 CE,31,1,1658946599,MCX:GOLD22JUL44500CE,11,20
3752,GOLD 22 Jul 27 44500 PE,31,1,1658946599,MCX:GOLD22JUL44500PE,11,20
3753,GOLD 22 Jul 27 44200 CE,31,1,1658946599,MCX:GOLD22JUL44200CE,11,20
3754,GOLD 22 Jul 27 44200 PE,31,1,1658946599,MCX:GOLD22JUL44200PE,11,20
3755,GOLD 22 Jul 27 43900 CE,31,1,1658946599,MCX:GOLD22JUL43900CE,11,20
3756,GOLD 22 Jul 27 43900 PE,31,1,1658946599,MCX:GOLD22JUL43900PE,11,20
3757,GOLD 22 Jul 27 44000 CE,31,1,1658946599,MCX:GOLD22JUL44000CE,11,20
3758,GOLD 22 Jul 27 44000 PE,31,1,1658946599,MCX:GOLD22JUL44000PE,11,20
3759,GOLD 22 Jul 27 44100 CE,31,1,1658946599,MCX:GOLD22JUL44100CE,11,20
3760,GOLD 22 Jul 27 44100 PE,31,1,1658946599,MCX:GOLD22JUL44100PE,11,20
3761,GOLD 22 Jul 27 51100 CE,31,1,1658946599,MCX:GOLD22JUL51100CE,11,20
3762,GOLD 22 Jul 27 51100 PE,31,1,1658946599,MCX:GOLD22JUL51100PE,11,20
3763,GOLD 22 Jul 27 51200 CE,31,1,1658946599,MCX:GOLD22JUL51200CE,11,20
3764,GOLD 22 Jul 27 51200 PE,31,1,1658946599,MCX:GOLD22JUL51200PE,11,20
3765,GOLD 22 Jul 27 51300 CE,31,1,1658946599,MCX:GOLD22JUL51300CE,11,20
3766,GOLD 22 Jul 27 51300 PE,31,1,1658946599,MCX:GOLD22JUL51300PE,11,20
3767,GOLD 22 Jul 27 51400 CE,31,1,1658946599,MCX:GOLD22JUL51400CE,11,20
3768,GOLD 22 Jul 27 51400 PE,31,1,1658946599,MCX:GOLD22JUL51400PE,11,20
3769,GOLD 22 Jul 27 51500 CE,31,1,1658946599,MCX:GOLD22JUL51500CE,11,20
3770,GOLD 22 Jul 27 51500 PE,31,1,1658946599,MCX:GOLD22JUL51500PE,11,20
3771,GOLD 22 Jul 27 51600 CE,31,1,1658946599,MCX:GOLD22JUL51600CE,11,20
3772,GOLD 22 Jul 27 51600 PE,31,1,1658946599,MCX:GOLD22JUL51600PE,11,20
3773,GOLD 22 Jul 27 51700 CE,31,1,1658946599,MCX:GOLD22JUL51700CE,11,20
3774,GOLD 22 Jul 27 51700 PE,31,1,1658946599,MCX:GOLD22JUL51700PE,11,20
3775,GOLD 22 Jul 27 51800 CE,31,1,1658946599,MCX:GOLD22JUL51800CE,11,20
3776,GOLD 22 Jul 27 51800 PE,31,1,1658946599,MCX:GOLD22JUL51800PE,11,20
3777,GOLD 22 Jul 27 51900 CE,31,1,1658946599,MCX:GOLD22JUL51900CE,11,20
3778,GOLD 22 Jul 27 51900 PE,31,1,1658946599,MCX:GOLD22JUL51900PE,11,20
3779,GOLD 22 Aug 05 FUT,30,1,1659724199,MCX:GOLD22AUGFUT,11,20
3780,SILVER 22 Aug 25 59750 CE,31,1,1661452199,MCX:SILVER22AUG59750CE,11,20
3781,SILVER 22 Aug 25 59750 PE,31,1,1661452199,MCX:SILVER22AUG59750PE,11,20
3782,SILVER 22 Aug 25 60000 CE,31,1,1661452199,MCX:SILVER22AUG60000CE,11,20
3783,SILVER 22 Aug 25 60000 PE,31,1,1661452199,MCX:SILVER22AUG60000PE,11,20
3784,SILVER 22 Aug 25 60250 CE,31,1,1661452199,MCX:SILVER22AUG60250CE,11,20
3785,SILVER 22 Aug 25 60250 PE,31,1,1661452199,MCX:SILVER22AUG60250PE,11,20
3786,SILVER 22 Aug 25 60500 CE,31,1,1661452199,MCX:SILVER22AUG60500CE,11,20
3787,SILVER 22 Aug 25 60500 PE,31,1,1661452199,MCX:SILVER22AUG60500PE,11,20
3788,SILVER 22 Aug 25 60750 CE,31,1,1661452199,MCX:SILVER22AUG60750CE,11,20
3789,SILVER 22 Aug 25 60750 PE,31,1,1661452199,MCX:SILVER22AUG60750PE,11,20
3790,SILVER 22 Aug 25 61000 CE,31,1,1661452199,MCX:SILVER22AUG61000CE,11,20
3791,SILVER 22 Aug 25 61000 PE,31,1,1661452199,MCX:SILVER22AUG61000PE,11,20
3792,SILVER 22 Aug 25 61250 CE,31,1,1661452199,MCX:SILVER22AUG61250CE,11,20
3793,SILVER 22 Aug 25 61250 PE,31,1,1661452199,MCX:SILVER22AUG61250PE,11,20
3794,SILVER 22 Aug 25 61500 CE,31,1,1661452199,MCX:SILVER22AUG61500CE,11,20
3795,SILVER 22 Aug 25 61500 PE,31,1,1661452199,MCX:SILVER22AUG61500PE,11,20
3796,SILVER 22 Aug 25 61750 CE,31,1,1661452199,MCX:SILVER22AUG61750CE,11,20
3797,SILVER 22 Aug 25 61750 PE,31,1,1661452199,MCX:SILVER22AUG61750PE,11,20
3798,SILVER 22 Aug 25 62000 CE,31,1,1661452199,MCX:SILVER22AUG62000CE,11,20
3799,SILVER 22 Aug 25 62000 PE,31,1,1661452199,MCX:SILVER22AUG62000PE,11,20
3800,SILVER 22 Aug 25 62250 CE,31,1,1661452199,MCX:SILVER22AUG62250CE,11,20
3801,SILVER 22 Aug 25 62250 PE,31,1,1661452199,MCX:SILVER22AUG62250PE,11,20
3802,SILVER 22 Aug 25 62500 CE,31,1,1661452199,MCX:SILVER22AUG62500CE,11,20
3803,SILVER 22 Aug 25 62500 PE,31,1,1661452199,MCX:SILVER22AUG62500PE,11,20
3804,SILVER 22 Aug 25 62750 CE,31,1,1661452199,MCX:SILVER22AUG62750CE,11,20
3805,SILVER 22 Aug 25 62750 PE,31,1,1661452199,MCX:SILVER22AUG62750PE,11,20
3806,SILVER 22 Aug 25 63000 CE,31,1,1661452199,MCX:SILVER22AUG63000CE,11,20
3807,SILVER 22 Aug 25 63000 PE,31,1,1661452199,MCX:SILVER22AUG63000PE,11,20
3808,SILVER 22 Aug 25 63250 CE,31,1,1661452199,MCX:SILVER22AUG63250CE,11,20
3809,SILVER 22 Aug 25 63250 PE,31,1,1661452199,MCX:SILVER22AUG63250PE,11,20
3810,SILVER 22 Aug 25 63500 CE,31,1,1661452199,MCX:SILVER22AUG63500CE,11,20
3811,SILVER 22 Aug 25 63500 PE,31,1,1661452199,MCX:SILVER22AUG63500PE,11,20
3812,SILVER 22 Aug 25 63750 CE,31,1,1661452199,MCX:SILVER22AUG63750CE,11,20
3813,SILVER 22 Aug 25 63750 PE,31,1,1661452199,MCX:SILVER22AUG63750PE,11,20
3814,SILVER 22 Aug 25 64000 CE,31,1,1661452199,MCX:SILVER22AUG64000CE,11,20
3815,SILVER 22 Aug 25 64000 PE,31,1,1661452199,MCX:SILVER22AUG64000PE,11,20
3816,SILVER 22 Aug 25 64250 CE,31,1,1661452199,MCX:SILVER22AUG64250CE,11,20
3817,SILVER 22 Aug 25 64250 PE,31,1,1661452199,MCX:SILVER22AUG64250PE,11,20
3818,SILVER 22 Aug 25 64500 CE,31,1,1661452199,MCX:SILVER22AUG64500CE,11,20
3819,SILVER 22 Aug 25 64500 PE,31,1,1661452199,MCX:SILVER22AUG64500PE,11,20
3820,SILVER 22 Aug 25 64750 CE,31,1,1661452199,MCX:SILVER22AUG64750CE,11,20
3821,SILVER 22 Aug 25 64750 PE,31,1,1661452199,MCX:SILVER22AUG64750PE,11,20
3822,SILVER 22 Aug 25 65000 CE,31,1,1661452199,MCX:SILVER22AUG65000CE,11,20
3823,SILVER 22 Aug 25 65000 PE,31,1,1661452199,MCX:SILVER22AUG65000PE,11,20
3824,SILVER 22 Aug 25 65250 CE,31,1,1661452199,MCX:SILVER22AUG65250CE,11,20
3825,SILVER 22 Aug 25 65250 PE,31,1,1661452199,MCX:SILVER22AUG65250PE,11,20
3826,SILVER 22 Aug 25 65500 CE,31,1,1661452199,MCX:SILVER22AUG65500CE,11,20
3827,SILVER 22 Aug 25 65500 PE,31,1,1661452199,MCX:SILVER22AUG65500PE,11,20
3828,SILVER 22 Aug 25 65750 CE,31,1,1661452199,MCX:SILVER22AUG65750CE,11,20
3829,SILVER 22 Aug 25 65750 PE,31,1,1661452199,MCX:SILVER22AUG65750PE,11,20
3830,SILVER 22 Aug 25 66000 CE,31,1,1661452199,MCX:SILVER22AUG66000CE,11,20
3831,SILVER 22 Aug 25 66000 PE,31,1,1661452199,MCX:SILVER22AUG66000PE,11,20
3832,SILVER 22 Aug 25 66250 CE,31,1,1661452199,MCX:SILVER22AUG66250CE,11,20
3833,SILVER 22 Aug 25 66250 PE,31,1,1661452199,MCX:SILVER22AUG66250PE,11,20
3834,SILVER 22 Aug 25 66500 CE,31,1,1661452199,MCX:SILVER22AUG66500CE,11,20
3835,SILVER 22 Aug 25 66500 PE,31,1,1661452199,MCX:SILVER22AUG66500PE,11,20
3836,SILVER 22 Aug 25 66750 CE,31,1,1661452199,MCX:SILVER22AUG66750CE,11,20
3837,SILVER 22 Aug 25 66750 PE,31,1,1661452199,MCX:SILVER22AUG66750PE,11,20
3838,SILVER 22 Aug 25 67000 CE,31,1,1661452199,MCX:SILVER22AUG67000CE,11,20
3839,SILVER 22 Aug 25 67000 PE,31,1,1661452199,MCX:SILVER22AUG67000PE,11,20
3840,SILVER 22 Aug 25 67250 CE,31,1,1661452199,MCX:SILVER22AUG67250CE,11,20
3841,SILVER 22 Aug 25 67250 PE,31,1,1661452199,MCX:SILVER22AUG67250PE,11,20
3842,SILVER 22 Aug 25 67500 CE,31,1,1661452199,MCX:SILVER22AUG67500CE,11,20
3843,SILVER 22 Aug 25 67500 PE,31,1,1661452199,MCX:SILVER22AUG67500PE,11,20
3844,SILVER 22 Aug 25 67750 CE,31,1,1661452199,MCX:SILVER22AUG67750CE,11,20
3845,SILVER 22 Aug 25 67750 PE,31,1,1661452199,MCX:SILVER22AUG67750PE,11,20
3846,SILVER 22 Aug 25 68000 CE,31,1,1661452199,MCX:SILVER22AUG68000CE,11,20
3847,SILVER 22 Aug 25 68000 PE,31,1,1661452199,MCX:SILVER22AUG68000PE,11,20
3848,SILVER 22 Aug 25 68250 CE,31,1,1661452199,MCX:SILVER22AUG68250CE,11,20
3849,SILVER 22 Aug 25 68250 PE,31,1,1661452199,MCX:SILVER22AUG68250PE,11,20
3850,SILVER 22 Aug 25 68500 CE,31,1,1661452199,MCX:SILVER22AUG68500CE,11,20
3851,SILVER 22 Aug 25 68500 PE,31,1,1661452199,MCX:SILVER22AUG68500PE,11,20
3852,SILVER 22 Aug 25 68750 CE,31,1,1661452199,MCX:SILVER22AUG68750CE,11,20
3853,SILVER 22 Aug 25 68750 PE,31,1,1661452199,MCX:SILVER22AUG68750PE,11,20
3854,SILVER 22 Aug 25 69000 CE,31,1,1661452199,MCX:SILVER22AUG69000CE,11,20
3855,SILVER 22 Aug 25 69000 PE,31,1,1661452199,MCX:SILVER22AUG69000PE,11,20
3856,SILVER 22 Aug 25 69250 CE,31,1,1661452199,MCX:SILVER22AUG69250CE,11,20
3857,SILVER 22 Aug 25 69250 PE,31,1,1661452199,MCX:SILVER22AUG69250PE,11,20
3858,SILVER 22 Aug 25 69500 CE,31,1,1661452199,MCX:SILVER22AUG69500CE,11,20
3859,SILVER 22 Aug 25 69500 PE,31,1,1661452199,MCX:SILVER22AUG69500PE,11,20
3860,SILVER 22 Aug 25 69750 CE,31,1,1661452199,MCX:SILVER22AUG69750CE,11,20
3861,SILVER 22 Aug 25 69750 PE,31,1,1661452199,MCX:SILVER22AUG69750PE,11,20
3862,SILVER 22 Aug 25 70000 CE,31,1,1661452199,MCX:SILVER22AUG70000CE,11,20
3863,SILVER 22 Aug 25 70000 PE,31,1,1661452199,MCX:SILVER22AUG70000PE,11,20
3864,SILVER 22 Aug 25 70250 CE,31,1,1661452199,MCX:SILVER22AUG70250CE,11,20
3865,SILVER 22 Aug 25 70250 PE,31,1,1661452199,MCX:SILVER22AUG70250PE,11,20
3866,SILVER 22 Aug 25 70500 CE,31,1,1661452199,MCX:SILVER22AUG70500CE,11,20
3867,SILVER 22 Aug 25 70500 PE,31,1,1661452199,MCX:SILVER22AUG70500PE,11,20
3868,SILVER 22 Aug 25 70750 CE,31,1,1661452199,MCX:SILVER22AUG70750CE,11,20
3869,SILVER 22 Aug 25 70750 PE,31,1,1661452199,MCX:SILVER22AUG70750PE,11,20
3870,SILVER 22 Aug 25 71000 CE,31,1,1661452199,MCX:SILVER22AUG71000CE,11,20
3871,SILVER 22 Aug 25 71000 PE,31,1,1661452199,MCX:SILVER22AUG71000PE,11,20
3872,SILVER 22 Aug 25 71250 CE,31,1,1661452199,MCX:SILVER22AUG71250CE,11,20
3873,SILVER 22 Aug 25 71250 PE,31,1,1661452199,MCX:SILVER22AUG71250PE,11,20
3874,SILVER 22 Aug 25 71500 CE,31,1,1661452199,MCX:SILVER22AUG71500CE,11,20
3875,SILVER 22 Aug 25 71500 PE,31,1,1661452199,MCX:SILVER22AUG71500PE,11,20
3876,SILVER 22 Aug 25 71750 CE,31,1,1661452199,MCX:SILVER22AUG71750CE,11,20
3877,SILVER 22 Aug 25 71750 PE,31,1,1661452199,MCX:SILVER22AUG71750PE,11,20
3878,SILVER 22 Aug 25 72000 CE,31,1,1661452199,MCX:SILVER22AUG72000CE,11,20
3879,SILVER 22 Aug 25 72000 PE,31,1,1661452199,MCX:SILVER22AUG72000PE,11,20
3880,SILVER 22 Aug 25 72250 CE,31,1,1661452199,MCX:SILVER22AUG72250CE,11,20
3881,SILVER 22 Aug 25 72250 PE,31,1,1661452199,MCX:SILVER22AUG72250PE,11,20
3882,SILVER 22 Aug 25 57500 CE,31,1,1661452199,MCX:SILVER22AUG57500CE,11,20
3883,SILVER 22 Aug 25 57500 PE,31,1,1661452199,MCX:SILVER22AUG57500PE,11,20
3884,SILVER 22 Aug 25 57750 CE,31,1,1661452199,MCX:SILVER22AUG57750CE,11,20
3885,SILVER 22 Aug 25 57750 PE,31,1,1661452199,MCX:SILVER22AUG57750PE,11,20
3886,SILVER 22 Aug 25 58000 CE,31,1,1661452199,MCX:SILVER22AUG58000CE,11,20
3887,SILVER 22 Aug 25 58000 PE,31,1,1661452199,MCX:SILVER22AUG58000PE,11,20
3888,SILVER 22 Aug 25 58250 CE,31,1,1661452199,MCX:SILVER22AUG58250CE,11,20
3889,SILVER 22 Aug 25 58250 PE,31,1,1661452199,MCX:SILVER22AUG58250PE,11,20
3890,SILVER 22 Aug 25 58500 CE,31,1,1661452199,MCX:SILVER22AUG58500CE,11,20
3891,SILVER 22 Aug 25 58500 PE,31,1,1661452199,MCX:SILVER22AUG58500PE,11,20
3892,SILVER 22 Aug 25 58750 CE,31,1,1661452199,MCX:SILVER22AUG58750CE,11,20
3893,SILVER 22 Aug 25 58750 PE,31,1,1661452199,MCX:SILVER22AUG58750PE,11,20
3894,SILVER 22 Aug 25 59000 CE,31,1,1661452199,MCX:SILVER22AUG59000CE,11,20
3895,SILVER 22 Aug 25 59000 PE,31,1,1661452199,MCX:SILVER22AUG59000PE,11,20
3896,SILVER 22 Aug 25 59250 CE,31,1,1661452199,MCX:SILVER22AUG59250CE,11,20
3897,SILVER 22 Aug 25 59250 PE,31,1,1661452199,MCX:SILVER22AUG59250PE,11,20
3898,SILVER 22 Aug 25 59500 CE,31,1,1661452199,MCX:SILVER22AUG59500CE,11,20
3899,SILVER 22 Aug 25 59500 PE,31,1,1661452199,MCX:SILVER22AUG59500PE,11,20
3900,SILVER 22 Aug 25 56250 CE,31,1,1661452199,MCX:SILVER22AUG56250CE,11,20
3901,SILVER 22 Aug 25 56250 PE,31,1,1661452199,MCX:SILVER22AUG56250PE,11,20
3902,SILVER 22 Aug 25 56500 CE,31,1,1661452199,MCX:SILVER22AUG56500CE,11,20
3903,SILVER 22 Aug 25 56500 PE,31,1,1661452199,MCX:SILVER22AUG56500PE,11,20
3904,SILVER 22 Aug 25 56750 CE,31,1,1661452199,MCX:SILVER22AUG56750CE,11,20
3905,SILVER 22 Aug 25 56750 PE,31,1,1661452199,MCX:SILVER22AUG56750PE,11,20
3906,SILVER 22 Aug 25 57000 CE,31,1,1661452199,MCX:SILVER22AUG57000CE,11,20
3907,SILVER 22 Aug 25 57000 PE,31,1,1661452199,MCX:SILVER22AUG57000PE,11,20
3908,SILVER 22 Aug 25 57250 CE,31,1,1661452199,MCX:SILVER22AUG57250CE,11,20
3909,SILVER 22 Aug 25 57250 PE,31,1,1661452199,MCX:SILVER22AUG57250PE,11,20
3910,SILVER 22 Aug 25 55750 CE,31,1,1661452199,MCX:SILVER22AUG55750CE,11,20
3911,SILVER 22 Aug 25 55750 PE,31,1,1661452199,MCX:SILVER22AUG55750PE,11,20
3912,SILVER 22 Aug 25 56000 CE,31,1,1661452199,MCX:SILVER22AUG56000CE,11,20
3913,SILVER 22 Aug 25 56000 PE,31,1,1661452199,MCX:SILVER22AUG56000PE,11,20
3914,SILVER 22 Aug 25 53500 CE,31,1,1661452199,MCX:SILVER22AUG53500CE,11,20
3915,SILVER 22 Aug 25 53500 PE,31,1,1661452199,MCX:SILVER22AUG53500PE,11,20
3916,SILVER 22 Aug 25 53750 CE,31,1,1661452199,MCX:SILVER22AUG53750CE,11,20
3917,SILVER 22 Aug 25 53750 PE,31,1,1661452199,MCX:SILVER22AUG53750PE,11,20
3918,SILVER 22 Aug 25 54000 CE,31,1,1661452199,MCX:SILVER22AUG54000CE,11,20
3919,SILVER 22 Aug 25 54000 PE,31,1,1661452199,MCX:SILVER22AUG54000PE,11,20
3920,SILVER 22 Aug 25 54250 CE,31,1,1661452199,MCX:SILVER22AUG54250CE,11,20
3921,SILVER 22 Aug 25 54250 PE,31,1,1661452199,MCX:SILVER22AUG54250PE,11,20
3922,SILVER 22 Aug 25 54500 CE,31,1,1661452199,MCX:SILVER22AUG54500CE,11,20
3923,SILVER 22 Aug 25 54500 PE,31,1,1661452199,MCX:SILVER22AUG54500PE,11,20
3924,SILVER 22 Aug 25 54750 CE,31,1,1661452199,MCX:SILVER22AUG54750CE,11,20
3925,SILVER 22 Aug 25 54750 PE,31,1,1661452199,MCX:SILVER22AUG54750PE,11,20
3926,SILVER 22 Aug 25 55000 CE,31,1,1661452199,MCX:SILVER22AUG55000CE,11,20
3927,SILVER 22 Aug 25 55000 PE,31,1,1661452199,MCX:SILVER22AUG55000PE,11,20
3928,SILVER 22 Aug 25 55250 CE,31,1,1661452199,MCX:SILVER22AUG55250CE,11,20
3929,SILVER 22 Aug 25 55250 PE,31,1,1661452199,MCX:SILVER22AUG55250PE,11,20
3930,SILVER 22 Aug 25 55500 CE,31,1,1661452199,MCX:SILVER22AUG55500CE,11,20
3931,SILVER 22 Aug 25 55500 PE,31,1,1661452199,MCX:SILVER22AUG55500PE,11,20
3932,SILVER 22 Aug 25 72500 CE,31,1,1661452199,MCX:SILVER22AUG72500CE,11,20
3933,SILVER 22 Aug 25 72500 PE,31,1,1661452199,MCX:SILVER22AUG72500PE,11,20
3934,SILVER 22 Aug 25 72750 CE,31,1,1661452199,MCX:SILVER22AUG72750CE,11,20
3935,SILVER 22 Aug 25 72750 PE,31,1,1661452199,MCX:SILVER22AUG72750PE,11,20
3936,SILVER 22 Aug 25 73000 CE,31,1,1661452199,MCX:SILVER22AUG73000CE,11,20
3937,SILVER 22 Aug 25 73000 PE,31,1,1661452199,MCX:SILVER22AUG73000PE,11,20
3938,SILVER 22 Aug 25 73250 CE,31,1,1661452199,MCX:SILVER22AUG73250CE,11,20
3939,SILVER 22 Aug 25 73250 PE,31,1,1661452199,MCX:SILVER22AUG73250PE,11,20
3940,SILVER 22 Aug 25 73500 CE,31,1,1661452199,MCX:SILVER22AUG73500CE,11,20
3941,SILVER 22 Aug 25 73500 PE,31,1,1661452199,MCX:SILVER22AUG73500PE,11,20
3942,SILVER 22 Aug 25 73750 CE,31,1,1661452199,MCX:SILVER22AUG73750CE,11,20
3943,SILVER 22 Aug 25 73750 PE,31,1,1661452199,MCX:SILVER22AUG73750PE,11,20
3944,SILVER 22 Aug 25 74000 CE,31,1,1661452199,MCX:SILVER22AUG74000CE,11,20
3945,SILVER 22 Aug 25 74000 PE,31,1,1661452199,MCX:SILVER22AUG74000PE,11,20
3946,SILVER 22 Aug 25 74250 CE,31,1,1661452199,MCX:SILVER22AUG74250CE,11,20
3947,SILVER 22 Aug 25 74250 PE,31,1,1661452199,MCX:SILVER22AUG74250PE,11,20
3948,SILVER 22 Aug 25 74500 CE,31,1,1661452199,MCX:SILVER22AUG74500CE,11,20
3949,SILVER 22 Aug 25 74500 PE,31,1,1661452199,MCX:SILVER22AUG74500PE,11,20
3950,SILVER 22 Aug 25 74750 CE,31,1,1661452199,MCX:SILVER22AUG74750CE,11,20
3951,SILVER 22 Aug 25 74750 PE,31,1,1661452199,MCX:SILVER22AUG74750PE,11,20
3952,SILVERM 22 Aug 31 FUT,30,1,1661970599,MCX:SILVERM22AUGFUT,11,20
3953,SILVER 22 Sep 05 FUT,30,1,1662402599,MCX:SILVER22SEPFUT,11,20
3954,GOLD 22 Sep 26 45400 CE,31,1,1664216999,MCX:GOLD22SEP45400CE,11,20
3955,GOLD 22 Sep 26 45400 PE,31,1,1664216999,MCX:GOLD22SEP45400PE,11,20
3956,GOLD 22 Sep 26 45500 CE,31,1,1664216999,MCX:GOLD22SEP45500CE,11,20
3957,GOLD 22 Sep 26 45500 PE,31,1,1664216999,MCX:GOLD22SEP45500PE,11,20
3958,GOLD 22 Sep 26 45600 CE,31,1,1664216999,MCX:GOLD22SEP45600CE,11,20
3959,GOLD 22 Sep 26 45600 PE,31,1,1664216999,MCX:GOLD22SEP45600PE,11,20
3960,GOLD 22 Sep 26 45700 CE,31,1,1664216999,MCX:GOLD22SEP45700CE,11,20
3961,GOLD 22 Sep 26 45700 PE,31,1,1664216999,MCX:GOLD22SEP45700PE,11,20
3962,GOLD 22 Sep 26 45800 CE,31,1,1664216999,MCX:GOLD22SEP45800CE,11,20
3963,GOLD 22 Sep 26 45800 PE,31,1,1664216999,MCX:GOLD22SEP45800PE,11,20
3964,GOLD 22 Sep 26 45900 CE,31,1,1664216999,MCX:GOLD22SEP45900CE,11,20
3965,GOLD 22 Sep 26 45900 PE,31,1,1664216999,MCX:GOLD22SEP45900PE,11,20
3966,GOLD 22 Sep 26 46000 CE,31,1,1664216999,MCX:GOLD22SEP46000CE,11,20
3967,GOLD 22 Sep 26 46000 PE,31,1,1664216999,MCX:GOLD22SEP46000PE,11,20
3968,GOLD 22 Sep 26 46100 CE,31,1,1664216999,MCX:GOLD22SEP46100CE,11,20
3969,GOLD 22 Sep 26 46100 PE,31,1,1664216999,MCX:GOLD22SEP46100PE,11,20
3970,GOLD 22 Sep 26 46200 CE,31,1,1664216999,MCX:GOLD22SEP46200CE,11,20
3971,GOLD 22 Sep 26 46200 PE,31,1,1664216999,MCX:GOLD22SEP46200PE,11,20
3972,GOLD 22 Sep 26 46300 CE,31,1,1664216999,MCX:GOLD22SEP46300CE,11,20
3973,GOLD 22 Sep 26 46300 PE,31,1,1664216999,MCX:GOLD22SEP46300PE,11,20
3974,GOLD 22 Sep 26 46400 CE,31,1,1664216999,MCX:GOLD22SEP46400CE,11,20
3975,GOLD 22 Sep 26 46400 PE,31,1,1664216999,MCX:GOLD22SEP46400PE,11,20
3976,GOLD 22 Sep 26 46500 CE,31,1,1664216999,MCX:GOLD22SEP46500CE,11,20
3977,GOLD 22 Sep 26 46500 PE,31,1,1664216999,MCX:GOLD22SEP46500PE,11,20
3978,GOLD 22 Sep 26 46600 CE,31,1,1664216999,MCX:GOLD22SEP46600CE,11,20
3979,GOLD 22 Sep 26 46600 PE,31,1,1664216999,MCX:GOLD22SEP46600PE,11,20
3980,GOLD 22 Sep 26 46700 CE,31,1,1664216999,MCX:GOLD22SEP46700CE,11,20
3981,GOLD 22 Sep 26 46700 PE,31,1,1664216999,MCX:GOLD22SEP46700PE,11,20
3982,GOLD 22 Sep 26 46800 CE,31,1,1664216999,MCX:GOLD22SEP46800CE,11,20
3983,GOLD 22 Sep 26 46800 PE,31,1,1664216999,MCX:GOLD22SEP46800PE,11,20
3984,GOLD 22 Sep 26 46900 CE,31,1,1664216999,MCX:GOLD22SEP46900CE,11,20
3985,GOLD 22 Sep 26 46900 PE,31,1,1664216999,MCX:GOLD22SEP46900PE,11,20
3986,GOLD 22 Sep 26 47000 CE,31,1,1664216999,MCX:GOLD22SEP47000CE,11,20
3987,GOLD 22 Sep 26 47000 PE,31,1,1664216999,MCX:GOLD22SEP47000PE,11,20
3988,GOLD 22 Sep 26 47100 CE,31,1,1664216999,MCX:GOLD22SEP47100CE,11,20
3989,GOLD 22 Sep 26 47100 PE,31,1,1664216999,MCX:GOLD22SEP47100PE,11,20
3990,GOLD 22 Sep 26 47200 CE,31,1,1664216999,MCX:GOLD22SEP47200CE,11,20
3991,GOLD 22 Sep 26 47200 PE,31,1,1664216999,MCX:GOLD22SEP47200PE,11,20
3992,GOLD 22 Sep 26 47300 CE,31,1,1664216999,MCX:GOLD22SEP47300CE,11,20
3993,GOLD 22 Sep 26 47300 PE,31,1,1664216999,MCX:GOLD22SEP47300PE,11,20
3994,GOLD 22 Sep 26 47400 CE,31,1,1664216999,MCX:GOLD22SEP47400CE,11,20
3995,GOLD 22 Sep 26 47400 PE,31,1,1664216999,MCX:GOLD22SEP47400PE,11,20
3996,GOLD 22 Sep 26 47500 CE,31,1,1664216999,MCX:GOLD22SEP47500CE,11,20
3997,GOLD 22 Sep 26 47500 PE,31,1,1664216999,MCX:GOLD22SEP47500PE,11,20
3998,GOLD 22 Sep 26 47600 CE,31,1,1664216999,MCX:GOLD22SEP47600CE,11,20
3999,GOLD 22 Sep 26 47600 PE,31,1,1664216999,MCX:GOLD22SEP47600PE,11,20
4000,GOLD 22 Sep 26 47700 CE,31,1,1664216999,MCX:GOLD22SEP47700CE,11,20
4001,GOLD 22 Sep 26 47700 PE,31,1,1664216999,MCX:GOLD22SEP47700PE,11,20
4002,GOLD 22 Sep 26 47800 CE,31,1,1664216999,MCX:GOLD22SEP47800CE,11,20
4003,GOLD 22 Sep 26 47800 PE,31,1,1664216999,MCX:GOLD22SEP47800PE,11,20
4004,GOLD 22 Sep 26 47900 CE,31,1,1664216999,MCX:GOLD22SEP47900CE,11,20
4005,GOLD 22 Sep 26 47900 PE,31,1,1664216999,MCX:GOLD22SEP47900PE,11,20
4006,GOLD 22 Sep 26 48000 CE,31,1,1664216999,MCX:GOLD22SEP48000CE,11,20
4007,GOLD 22 Sep 26 48000 PE,31,1,1664216999,MCX:GOLD22SEP48000PE,11,20
4008,GOLD 22 Sep 26 48100 CE,31,1,1664216999,MCX:GOLD22SEP48100CE,11,20
4009,GOLD 22 Sep 26 48100 PE,31,1,1664216999,MCX:GOLD22SEP48100PE,11,20
4010,GOLD 22 Sep 26 48200 CE,31,1,1664216999,MCX:GOLD22SEP48200CE,11,20
4011,GOLD 22 Sep 26 48200 PE,31,1,1664216999,MCX:GOLD22SEP48200PE,11,20
4012,GOLD 22 Sep 26 48300 CE,31,1,1664216999,MCX:GOLD22SEP48300CE,11,20
4013,GOLD 22 Sep 26 48300 PE,31,1,1664216999,MCX:GOLD22SEP48300PE,11,20
4014,GOLD 22 Sep 26 48400 CE,31,1,1664216999,MCX:GOLD22SEP48400CE,11,20
4015,GOLD 22 Sep 26 48400 PE,31,1,1664216999,MCX:GOLD22SEP48400PE,11,20
4016,GOLD 22 Sep 26 48500 CE,31,1,1664216999,MCX:GOLD22SEP48500CE,11,20
4017,GOLD 22 Sep 26 48500 PE,31,1,1664216999,MCX:GOLD22SEP48500PE,11,20
4018,GOLD 22 Sep 26 48600 CE,31,1,1664216999,MCX:GOLD22SEP48600CE,11,20
4019,GOLD 22 Sep 26 48600 PE,31,1,1664216999,MCX:GOLD22SEP48600PE,11,20
4020,GOLD 22 Sep 26 48700 CE,31,1,1664216999,MCX:GOLD22SEP48700CE,11,20
4021,GOLD 22 Sep 26 48700 PE,31,1,1664216999,MCX:GOLD22SEP48700PE,11,20
4022,GOLD 22 Sep 26 48800 CE,31,1,1664216999,MCX:GOLD22SEP48800CE,11,20
4023,GOLD 22 Sep 26 48800 PE,31,1,1664216999,MCX:GOLD22SEP48800PE,11,20
4024,GOLD 22 Sep 26 48900 CE,31,1,1664216999,MCX:GOLD22SEP48900CE,11,20
4025,GOLD 22 Sep 26 48900 PE,31,1,1664216999,MCX:GOLD22SEP48900PE,11,20
4026,GOLD 22 Sep 26 49000 CE,31,1,1664216999,MCX:GOLD22SEP49000CE,11,20
4027,GOLD 22 Sep 26 49000 PE,31,1,1664216999,MCX:GOLD22SEP49000PE,11,20
4028,GOLD 22 Sep 26 49100 CE,31,1,1664216999,MCX:GOLD22SEP49100CE,11,20
4029,GOLD 22 Sep 26 49100 PE,31,1,1664216999,MCX:GOLD22SEP49100PE,11,20
4030,GOLD 22 Sep 26 49200 CE,31,1,1664216999,MCX:GOLD22SEP49200CE,11,20
4031,GOLD 22 Sep 26 49200 PE,31,1,1664216999,MCX:GOLD22SEP49200PE,11,20
4032,GOLD 22 Sep 26 49300 CE,31,1,1664216999,MCX:GOLD22SEP49300CE,11,20
4033,GOLD 22 Sep 26 49300 PE,31,1,1664216999,MCX:GOLD22SEP49300PE,11,20
4034,GOLD 22 Sep 26 49400 CE,31,1,1664216999,MCX:GOLD22SEP49400CE,11,20
4035,GOLD 22 Sep 26 49400 PE,31,1,1664216999,MCX:GOLD22SEP49400PE,11,20
4036,GOLD 22 Sep 26 49500 CE,31,1,1664216999,MCX:GOLD22SEP49500CE,11,20
4037,GOLD 22 Sep 26 49500 PE,31,1,1664216999,MCX:GOLD22SEP49500PE,11,20
4038,GOLD 22 Sep 26 49600 CE,31,1,1664216999,MCX:GOLD22SEP49600CE,11,20
4039,GOLD 22 Sep 26 49600 PE,31,1,1664216999,MCX:GOLD22SEP49600PE,11,20
4040,GOLD 22 Sep 26 49700 CE,31,1,1664216999,MCX:GOLD22SEP49700CE,11,20
4041,GOLD 22 Sep 26 49700 PE,31,1,1664216999,MCX:GOLD22SEP49700PE,11,20
4042,GOLD 22 Sep 26 49800 CE,31,1,1664216999,MCX:GOLD22SEP49800CE,11,20
4043,GOLD 22 Sep 26 49800 PE,31,1,1664216999,MCX:GOLD22SEP49800PE,11,20
4044,GOLD 22 Sep 26 49900 CE,31,1,1664216999,MCX:GOLD22SEP49900CE,11,20
4045,GOLD 22 Sep 26 49900 PE,31,1,1664216999,MCX:GOLD22SEP49900PE,11,20
4046,GOLD 22 Sep 26 50000 CE,31,1,1664216999,MCX:GOLD22SEP50000CE,11,20
4047,GOLD 22 Sep 26 50000 PE,31,1,1664216999,MCX:GOLD22SEP50000PE,11,20
4048,GOLD 22 Sep 26 50100 CE,31,1,1664216999,MCX:GOLD22SEP50100CE,11,20
4049,GOLD 22 Sep 26 50100 PE,31,1,1664216999,MCX:GOLD22SEP50100PE,11,20
4050,GOLD 22 Sep 26 50200 CE,31,1,1664216999,MCX:GOLD22SEP50200CE,11,20
4051,GOLD 22 Sep 26 50200 PE,31,1,1664216999,MCX:GOLD22SEP50200PE,11,20
4052,GOLD 22 Sep 26 50300 CE,31,1,1664216999,MCX:GOLD22SEP50300CE,11,20
4053,GOLD 22 Sep 26 50300 PE,31,1,1664216999,MCX:GOLD22SEP50300PE,11,20
4054,GOLD 22 Sep 26 50400 CE,31,1,1664216999,MCX:GOLD22SEP50400CE,11,20
4055,GOLD 22 Sep 26 50400 PE,31,1,1664216999,MCX:GOLD22SEP50400PE,11,20
4056,GOLD 22 Sep 26 50500 CE,31,1,1664216999,MCX:GOLD22SEP50500CE,11,20
4057,GOLD 22 Sep 26 50500 PE,31,1,1664216999,MCX:GOLD22SEP50500PE,11,20
4058,GOLD 22 Sep 26 45300 CE,31,1,1664216999,MCX:GOLD22SEP45300CE,11,20
4059,GOLD 22 Sep 26 45300 PE,31,1,1664216999,MCX:GOLD22SEP45300PE,11,20
4060,GOLD 22 Sep 26 50600 CE,31,1,1664216999,MCX:GOLD22SEP50600CE,11,20
4061,GOLD 22 Sep 26 50600 PE,31,1,1664216999,MCX:GOLD22SEP50600PE,11,20
4062,GOLD 22 Sep 26 50700 CE,31,1,1664216999,MCX:GOLD22SEP50700CE,11,20
4063,GOLD 22 Sep 26 50700 PE,31,1,1664216999,MCX:GOLD22SEP50700PE,11,20
4064,GOLD 22 Sep 26 50800 CE,31,1,1664216999,MCX:GOLD22SEP50800CE,11,20
4065,GOLD 22 Sep 26 50800 PE,31,1,1664216999,MCX:GOLD22SEP50800PE,11,20
4066,GOLD 22 Sep 26 50900 CE,31,1,1664216999,MCX:GOLD22SEP50900CE,11,20
4067,GOLD 22 Sep 26 50900 PE,31,1,1664216999,MCX:GOLD22SEP50900PE,11,20
4068,GOLD 22 Sep 26 51000 CE,31,1,1664216999,MCX:GOLD22SEP51000CE,11,20
4069,GOLD 22 Sep 26 51000 PE,31,1,1664216999,MCX:GOLD22SEP51000PE,11,20
4070,GOLD 22 Sep 26 51100 CE,31,1,1664216999,MCX:GOLD22SEP51100CE,11,20
4071,GOLD 22 Sep 26 51100 PE,31,1,1664216999,MCX:GOLD22SEP51100PE,11,20
4072,GOLD 22 Sep 26 51200 CE,31,1,1664216999,MCX:GOLD22SEP51200CE,11,20
4073,GOLD 22 Sep 26 51200 PE,31,1,1664216999,MCX:GOLD22SEP51200PE,11,20
4074,GOLD 22 Sep 26 51300 CE,31,1,1664216999,MCX:GOLD22SEP51300CE,11,20
4075,GOLD 22 Sep 26 51300 PE,31,1,1664216999,MCX:GOLD22SEP51300PE,11,20
4076,GOLD 22 Oct 05 FUT,30,1,1664994599,MCX:GOLD22OCTFUT,11,20
4077,SILVERM 22 Nov 30 FUT,30,1,1669832999,MCX:SILVERM22NOVFUT,11,20
